gene_id	symbol	biotype	description
ENSG00000000003	TSPAN6	protein_coding	NA
ENSG00000000005	TNMD	protein_coding	NA
ENSG00000000419	DPM1	protein_coding	NA
ENSG00000000457	SCYL3	protein_coding	NA
ENSG00000000460	FIRRM	protein_coding	NA
ENSG00000000938	FGR	protein_coding	NA
ENSG00000000971	CFH	protein_coding	NA
ENSG00000001036	FUCA2	protein_coding	NA
ENSG00000001084	GCLC	protein_coding	NA
ENSG00000001167	NFYA	protein_coding	NA
ENSG00000001460	STPG1	protein_coding	NA
ENSG00000001461	NIPAL3	protein_coding	NA
ENSG00000001497	LAS1L	protein_coding	NA
ENSG00000001617	SEMA3F	protein_coding	NA
ENSG00000001629	ANKIB1	protein_coding	NA
ENSG00000001630	CYP51A1	protein_coding	NA
ENSG00000001631	KRIT1	protein_coding	NA
ENSG00000002016	RAD52	protein_coding	NA
ENSG00000002330	BAD	protein_coding	NA
ENSG00000002549	LAP3	protein_coding	NA
ENSG00000002586	CD99	protein_coding	NA
ENSG00000002587	HS3ST1	protein_coding	NA
ENSG00000002726	AOC1	protein_coding	NA
ENSG00000002822	MAD1L1	protein_coding	NA
ENSG00000002834	LASP1	protein_coding	NA
ENSG00000002919	SNX11	protein_coding	NA
ENSG00000002933	TMEM176A	protein_coding	NA
ENSG00000003056	M6PR	protein_coding	NA
ENSG00000003147	ICA1	protein_coding	NA
ENSG00000003393	ALS2	protein_coding	NA
ENSG00000003400	CASP10	protein_coding	NA
ENSG00000003402	CFLAR	protein_coding	NA
ENSG00000003436	TFPI	protein_coding	NA
ENSG00000003509	NDUFAF7	protein_coding	NA
ENSG00000003756	RBM5	protein_coding	NA
ENSG00000003989	SLC7A2	protein_coding	NA
ENSG00000004059	ARF5	protein_coding	NA
ENSG00000004142	POLDIP2	protein_coding	NA
ENSG00000004399	PLXND1	protein_coding	NA
ENSG00000004455	AK2	protein_coding	NA
ENSG00000004468	CD38	protein_coding	NA
ENSG00000004478	FKBP4	protein_coding	NA
ENSG00000004487	KDM1A	protein_coding	NA
ENSG00000004534	RBM6	protein_coding	NA
ENSG00000004700	RECQL	protein_coding	NA
ENSG00000004766	VPS50	protein_coding	NA
ENSG00000004776	HSPB6	protein_coding	NA
ENSG00000004779	NDUFAB1	protein_coding	NA
ENSG00000004799	PDK4	protein_coding	NA
ENSG00000004809	SLC22A16	protein_coding	NA
ENSG00000004838	ZMYND10	protein_coding	NA
ENSG00000004864	SLC25A13	protein_coding	NA
ENSG00000004866	ST7	protein_coding	NA
ENSG00000004897	CDC27	protein_coding	NA
ENSG00000004961	HCCS	protein_coding	NA
ENSG00000004975	DVL2	protein_coding	NA
ENSG00000005001	PRSS22	protein_coding	NA
ENSG00000005007	UPF1	protein_coding	NA
ENSG00000005020	SKAP2	protein_coding	NA
ENSG00000005022	SLC25A5	protein_coding	NA
ENSG00000005059	MCUB	protein_coding	NA
ENSG00000005075	POLR2J	protein_coding	NA
ENSG00000005108	THSD7A	protein_coding	NA
ENSG00000005156	LIG3	protein_coding	NA
ENSG00000005175	RPAP3	protein_coding	NA
ENSG00000005187	ACSM3	protein_coding	NA
ENSG00000005189	REXO5	protein_coding	NA
ENSG00000005194	CIAPIN1	protein_coding	NA
ENSG00000005206	SPPL2B	protein_coding	NA
ENSG00000005238	ATOSB	protein_coding	NA
ENSG00000005243	COPZ2	protein_coding	NA
ENSG00000005249	PRKAR2B	protein_coding	NA
ENSG00000005302	MSL3	protein_coding	NA
ENSG00000005339	CREBBP	protein_coding	NA
ENSG00000005381	MPO	protein_coding	NA
ENSG00000005436	GCFC2	protein_coding	NA
ENSG00000005448	WDR54	protein_coding	NA
ENSG00000005469	CROT	protein_coding	NA
ENSG00000005483	KMT2E	protein_coding	NA
ENSG00000005486	RHBDD2	protein_coding	NA
ENSG00000005700	IBTK	protein_coding	NA
ENSG00000005801	ZNF195	protein_coding	NA
ENSG00000005810	MYCBP2	protein_coding	NA
ENSG00000005812	FBXL3	protein_coding	NA
ENSG00000005844	ITGAL	protein_coding	NA
ENSG00000005882	PDK2	protein_coding	NA
ENSG00000005884	ITGA3	protein_coding	NA
ENSG00000005889	ZFX	protein_coding	NA
ENSG00000005893	LAMP2	protein_coding	NA
ENSG00000005961	ITGA2B	protein_coding	NA
ENSG00000005981	ASB4	protein_coding	NA
ENSG00000006007	GDE1	protein_coding	NA
ENSG00000006015	REX1BD	protein_coding	NA
ENSG00000006016	CRLF1	protein_coding	NA
ENSG00000006042	TMEM98	protein_coding	NA
ENSG00000006118	TMEM132A	protein_coding	NA
ENSG00000006125	AP2B1	protein_coding	NA
ENSG00000006194	ZNF263	protein_coding	NA
ENSG00000006282	SPATA20	protein_coding	NA
ENSG00000006327	TNFRSF12A	protein_coding	NA
ENSG00000006377	DLX6	protein_coding	NA
ENSG00000006451	RALA	protein_coding	NA
ENSG00000006453	BAIAP2L1	protein_coding	NA
ENSG00000006459	KDM7A	protein_coding	NA
ENSG00000006530	AGK	protein_coding	NA
ENSG00000006534	ALDH3B1	protein_coding	NA
ENSG00000006576	PHTF2	protein_coding	NA
ENSG00000006606	CCL26	protein_coding	NA
ENSG00000006607	FARP2	protein_coding	NA
ENSG00000006625	GGCT	protein_coding	NA
ENSG00000006634	DBF4	protein_coding	NA
ENSG00000006652	IFRD1	protein_coding	NA
ENSG00000006659	LGALS14	protein_coding	NA
ENSG00000006695	COX10	protein_coding	NA
ENSG00000006704	GTF2IRD1	protein_coding	NA
ENSG00000006712	PAF1	protein_coding	NA
ENSG00000006715	VPS41	protein_coding	NA
ENSG00000006744	ELAC2	protein_coding	NA
ENSG00000006747	SCIN	protein_coding	NA
ENSG00000006756	ARSD	protein_coding	NA
ENSG00000006757	PNPLA4	protein_coding	NA
ENSG00000006831	ADIPOR2	protein_coding	NA
ENSG00000006837	CDKL3	protein_coding	NA
ENSG00000007001	UPP2	protein_coding	NA
ENSG00000007062	PROM1	protein_coding	NA
ENSG00000007080	CCDC124	protein_coding	NA
ENSG00000007129	CEACAM21	protein_coding	NA
ENSG00000007168	PAFAH1B1	protein_coding	NA
ENSG00000007202	BLTP2	protein_coding	NA
ENSG00000007237	GAS7	protein_coding	NA
ENSG00000007255	TRAPPC6A	protein_coding	NA
ENSG00000007312	CD79B	protein_coding	NA
ENSG00000007341	ST7L	protein_coding	NA
ENSG00000007376	RPUSD1	protein_coding	NA
ENSG00000007384	RHBDF1	protein_coding	NA
ENSG00000007392	LUC7L	protein_coding	NA
ENSG00000007516	BAIAP3	protein_coding	NA
ENSG00000007520	TSR3	protein_coding	NA
ENSG00000007541	PIGQ	protein_coding	NA
ENSG00000007866	TEAD3	protein_coding	NA
ENSG00000007923	DNAJC11	protein_coding	NA
ENSG00000007944	MYLIP	protein_coding	NA
ENSG00000008018	PSMB1	protein_coding	NA
ENSG00000008086	CDKL5	protein_coding	NA
ENSG00000008128	CDK11A	protein_coding	NA
ENSG00000008130	NADK	protein_coding	NA
ENSG00000008196	TFAP2B	protein_coding	NA
ENSG00000008256	CYTH3	protein_coding	NA
ENSG00000008282	SYPL1	protein_coding	NA
ENSG00000008283	CYB561	protein_coding	NA
ENSG00000008294	SPAG9	protein_coding	NA
ENSG00000008311	AASS	protein_coding	NA
ENSG00000008323	PLEKHG6	protein_coding	NA
ENSG00000008324	SS18L2	protein_coding	NA
ENSG00000008382	MPND	protein_coding	NA
ENSG00000008394	MGST1	protein_coding	NA
ENSG00000008405	CRY1	protein_coding	NA
ENSG00000008438	PGLYRP1	protein_coding	NA
ENSG00000008441	NFIX	protein_coding	NA
ENSG00000008513	ST3GAL1	protein_coding	NA
ENSG00000008517	IL32	protein_coding	NA
ENSG00000008838	MED24	protein_coding	NA
ENSG00000008869	HEATR5B	protein_coding	NA
ENSG00000008952	SEC62	protein_coding	NA
ENSG00000008988	RPS20	protein_coding	NA
ENSG00000009307	CSDE1	protein_coding	NA
ENSG00000009335	UBE3C	protein_coding	NA
ENSG00000009413	REV3L	protein_coding	NA
ENSG00000009780	FAM76A	protein_coding	NA
ENSG00000009790	TRAF3IP3	protein_coding	NA
ENSG00000009830	POMT2	protein_coding	NA
ENSG00000009844	VTA1	protein_coding	NA
ENSG00000009954	BAZ1B	protein_coding	NA
ENSG00000010017	RANBP9	protein_coding	NA
ENSG00000010030	ETV7	protein_coding	NA
ENSG00000010072	SPRTN	protein_coding	NA
ENSG00000010165	METTL13	protein_coding	NA
ENSG00000010219	DYRK4	protein_coding	NA
ENSG00000010244	ZNF207	protein_coding	NA
ENSG00000010256	UQCRC1	protein_coding	NA
ENSG00000010270	STARD3NL	protein_coding	NA
ENSG00000010278	CD9	protein_coding	NA
ENSG00000010292	NCAPD2	protein_coding	NA
ENSG00000010318	PHF7	protein_coding	NA
ENSG00000010322	NISCH	protein_coding	NA
ENSG00000010327	STAB1	protein_coding	NA
ENSG00000010361	FUZ	protein_coding	NA
ENSG00000010404	IDS	protein_coding	NA
ENSG00000010438	PRSS3	protein_coding	NA
ENSG00000010539	ZNF200	protein_coding	NA
ENSG00000010610	CD4	protein_coding	NA
ENSG00000010626	LRRC23	protein_coding	NA
ENSG00000010671	BTK	protein_coding	NA
ENSG00000010704	HFE	protein_coding	NA
ENSG00000010803	SCMH1	protein_coding	NA
ENSG00000010810	FYN	protein_coding	NA
ENSG00000010818	HIVEP2	protein_coding	NA
ENSG00000010932	FMO1	protein_coding	NA
ENSG00000011007	ELOA	protein_coding	NA
ENSG00000011009	LYPLA2	protein_coding	NA
ENSG00000011021	CLCN6	protein_coding	NA
ENSG00000011052	NME1-NME2	protein_coding	NA
ENSG00000011105	TSPAN9	protein_coding	NA
ENSG00000011114	BTBD7	protein_coding	NA
ENSG00000011132	APBA3	protein_coding	NA
ENSG00000011143	MKS1	protein_coding	NA
ENSG00000011198	ABHD5	protein_coding	NA
ENSG00000011243	AKAP8L	protein_coding	NA
ENSG00000011258	MBTD1	protein_coding	NA
ENSG00000011260	UTP18	protein_coding	NA
ENSG00000011275	RNF216	protein_coding	NA
ENSG00000011295	TTC19	protein_coding	NA
ENSG00000011304	PTBP1	protein_coding	NA
ENSG00000011347	SYT7	protein_coding	NA
ENSG00000011376	LARS2	protein_coding	NA
ENSG00000011405	PIK3C2A	protein_coding	NA
ENSG00000011422	PLAUR	protein_coding	NA
ENSG00000011426	ANLN	protein_coding	NA
ENSG00000011454	RABGAP1	protein_coding	NA
ENSG00000011465	DCN	protein_coding	NA
ENSG00000011478	QPCTL	protein_coding	NA
ENSG00000011485	PPP5C	protein_coding	NA
ENSG00000011523	CEP68	protein_coding	NA
ENSG00000011566	MAP4K3	protein_coding	NA
ENSG00000011600	TYROBP	protein_coding	NA
ENSG00000011638	LDAF1	protein_coding	NA
ENSG00000011677	GABRA3	protein_coding	NA
ENSG00000012048	BRCA1	protein_coding	NA
ENSG00000012061	ERCC1	protein_coding	NA
ENSG00000012171	SEMA3B	protein_coding	NA
ENSG00000012174	MBTPS2	protein_coding	NA
ENSG00000012211	PRICKLE3	protein_coding	NA
ENSG00000012223	LTF	protein_coding	NA
ENSG00000012232	EXTL3	protein_coding	NA
ENSG00000012660	ELOVL5	protein_coding	NA
ENSG00000012779	ALOX5	protein_coding	NA
ENSG00000012822	CALCOCO1	protein_coding	NA
ENSG00000012963	UBR7	protein_coding	NA
ENSG00000012983	MAP4K5	protein_coding	NA
ENSG00000013016	EHD3	protein_coding	NA
ENSG00000013275	PSMC4	protein_coding	NA
ENSG00000013288	MAN2B2	protein_coding	NA
ENSG00000013297	CLDN11	protein_coding	NA
ENSG00000013306	SLC25A39	protein_coding	NA
ENSG00000013364	MVP	protein_coding	NA
ENSG00000013374	NUB1	protein_coding	NA
ENSG00000013375	PGM3	protein_coding	NA
ENSG00000013392	RWDD2A	protein_coding	NA
ENSG00000013441	CLK1	protein_coding	NA
ENSG00000013503	POLR3B	protein_coding	NA
ENSG00000013523	ANGEL1	protein_coding	NA
ENSG00000013561	RNF14	protein_coding	NA
ENSG00000013563	DNASE1L1	protein_coding	NA
ENSG00000013583	HEBP1	protein_coding	NA
ENSG00000013588	GPRC5A	protein_coding	NA
ENSG00000013810	TACC3	protein_coding	NA
ENSG00000014123	UFL1	protein_coding	NA
ENSG00000014138	POLA2	protein_coding	NA
ENSG00000014164	ZC3H3	protein_coding	NA
ENSG00000014216	CAPN1	protein_coding	NA
ENSG00000014257	ACP3	protein_coding	NA
ENSG00000014641	MDH1	protein_coding	NA
ENSG00000014824	SLC30A9	protein_coding	NA
ENSG00000014914	MTMR11	protein_coding	NA
ENSG00000014919	COX15	protein_coding	NA
ENSG00000015133	CCDC88C	protein_coding	NA
ENSG00000015153	YAF2	protein_coding	NA
ENSG00000015171	ZMYND11	protein_coding	NA
ENSG00000015285	WAS	protein_coding	NA
ENSG00000015413	DPEP1	protein_coding	NA
ENSG00000015475	BID	protein_coding	NA
ENSG00000015479	MATR3	protein_coding	NA
ENSG00000015532	XYLT2	protein_coding	NA
ENSG00000015676	NUDCD3	protein_coding	NA
ENSG00000016082	ISL1	protein_coding	NA
ENSG00000016402	IL20RA	protein_coding	NA
ENSG00000016864	GLT8D1	protein_coding	NA
ENSG00000017260	ATP2C1	protein_coding	NA
ENSG00000017427	IGF1	protein_coding	NA
ENSG00000017797	RALBP1	protein_coding	NA
ENSG00000018189	RUFY3	protein_coding	NA
ENSG00000018280	SLC11A1	protein_coding	NA
ENSG00000018408	WWTR1	protein_coding	NA
ENSG00000018510	AGPS	protein_coding	NA
ENSG00000018610	STEEP1	protein_coding	NA
ENSG00000018699	TTC27	protein_coding	NA
ENSG00000018869	ZNF582	protein_coding	NA
ENSG00000019102	VSIG2	protein_coding	NA
ENSG00000019144	PHLDB1	protein_coding	NA
ENSG00000019169	MARCO	protein_coding	NA
ENSG00000019549	SNAI2	protein_coding	NA
ENSG00000019582	CD74	protein_coding	NA
ENSG00000019991	HGF	protein_coding	NA
ENSG00000019995	ZRANB1	protein_coding	NA
ENSG00000020256	ZFP64	protein_coding	NA
ENSG00000020426	MNAT1	protein_coding	NA
ENSG00000020922	MRE11	protein_coding	NA
ENSG00000021355	SERPINB1	protein_coding	NA
ENSG00000021574	SPAST	protein_coding	NA
ENSG00000021776	AQR	protein_coding	NA
ENSG00000021826	CPS1	protein_coding	NA
ENSG00000022267	FHL1	protein_coding	NA
ENSG00000022277	RTF2	protein_coding	NA
ENSG00000022556	NLRP2	protein_coding	NA
ENSG00000022567	SLC45A4	protein_coding	NA
ENSG00000022840	RNF10	protein_coding	NA
ENSG00000022976	ZNF839	protein_coding	NA
ENSG00000023041	ZDHHC6	protein_coding	NA
ENSG00000023171	GRAMD1B	protein_coding	NA
ENSG00000023191	RNH1	protein_coding	NA
ENSG00000023228	NDUFS1	protein_coding	NA
ENSG00000023287	RB1CC1	protein_coding	NA
ENSG00000023318	ERP44	protein_coding	NA
ENSG00000023330	ALAS1	protein_coding	NA
ENSG00000023445	BIRC3	protein_coding	NA
ENSG00000023572	GLRX2	protein_coding	NA
ENSG00000023608	SNAPC1	protein_coding	NA
ENSG00000023697	DERA	protein_coding	NA
ENSG00000023734	STRAP	protein_coding	NA
ENSG00000023839	ABCC2	protein_coding	NA
ENSG00000023892	DEF6	protein_coding	NA
ENSG00000023902	PLEKHO1	protein_coding	NA
ENSG00000023909	GCLM	protein_coding	NA
ENSG00000024048	UBR2	protein_coding	NA
ENSG00000024526	DEPDC1	protein_coding	NA
ENSG00000024862	CCDC28A	protein_coding	NA
ENSG00000025039	RRAGD	protein_coding	NA
ENSG00000025156	HSF2	protein_coding	NA
ENSG00000025293	PHF20	protein_coding	NA
ENSG00000025423	HSD17B6	protein_coding	NA
ENSG00000025434	NR1H3	protein_coding	NA
ENSG00000025708	TYMP	protein_coding	NA
ENSG00000025770	NCAPH2	protein_coding	NA
ENSG00000025772	TOMM34	protein_coding	NA
ENSG00000025796	SEC63	protein_coding	NA
ENSG00000025800	KPNA6	protein_coding	NA
ENSG00000026025	VIM	protein_coding	NA
ENSG00000026103	FAS	protein_coding	NA
ENSG00000026297	RNASET2	protein_coding	NA
ENSG00000026508	CD44	protein_coding	NA
ENSG00000026652	AGPAT4	protein_coding	NA
ENSG00000026751	SLAMF7	protein_coding	NA
ENSG00000027001	MIPEP	protein_coding	NA
ENSG00000027075	PRKCH	protein_coding	NA
ENSG00000027697	IFNGR1	protein_coding	NA
ENSG00000027847	B4GALT7	protein_coding	NA
ENSG00000028116	VRK2	protein_coding	NA
ENSG00000028137	TNFRSF1B	protein_coding	NA
ENSG00000028203	VEZT	protein_coding	NA
ENSG00000028277	POU2F2	protein_coding	NA
ENSG00000028310	BRD9	protein_coding	NA
ENSG00000028528	SNX1	protein_coding	NA
ENSG00000028839	TBPL1	protein_coding	NA
ENSG00000029153	BMAL2	protein_coding	NA
ENSG00000029363	BCLAF1	protein_coding	NA
ENSG00000029364	SLC39A9	protein_coding	NA
ENSG00000029534	ANK1	protein_coding	NA
ENSG00000029559	IBSP	protein_coding	NA
ENSG00000029639	TFB1M	protein_coding	NA
ENSG00000029725	RABEP1	protein_coding	NA
ENSG00000029993	HMGB3	protein_coding	NA
ENSG00000030066	NUP160	protein_coding	NA
ENSG00000030110	BAK1	protein_coding	NA
ENSG00000030419	IKZF2	protein_coding	NA
ENSG00000030582	GRN	protein_coding	NA
ENSG00000031003	FAM13B	protein_coding	NA
ENSG00000031081	ARHGAP31	protein_coding	NA
ENSG00000031691	CENPQ	protein_coding	NA
ENSG00000031698	SARS1	protein_coding	NA
ENSG00000031823	RANBP3	protein_coding	NA
ENSG00000032219	ARID4A	protein_coding	NA
ENSG00000032389	EIPR1	protein_coding	NA
ENSG00000032444	PNPLA6	protein_coding	NA
ENSG00000032742	IFT88	protein_coding	NA
ENSG00000033011	ALG1	protein_coding	NA
ENSG00000033030	ZCCHC8	protein_coding	NA
ENSG00000033050	ABCF2	protein_coding	NA
ENSG00000033100	CHPF2	protein_coding	NA
ENSG00000033170	FUT8	protein_coding	NA
ENSG00000033178	UBA6	protein_coding	NA
ENSG00000033327	GAB2	protein_coding	NA
ENSG00000033627	ATP6V0A1	protein_coding	NA
ENSG00000033800	PIAS1	protein_coding	NA
ENSG00000033867	SLC4A7	protein_coding	NA
ENSG00000034152	MAP2K3	protein_coding	NA
ENSG00000034510	TMSB10	protein_coding	NA
ENSG00000034533	ASTE1	protein_coding	NA
ENSG00000034677	RNF19A	protein_coding	NA
ENSG00000034693	PEX3	protein_coding	NA
ENSG00000034713	GABARAPL2	protein_coding	NA
ENSG00000035115	SH3YL1	protein_coding	NA
ENSG00000035141	FAM136A	protein_coding	NA
ENSG00000035403	VCL	protein_coding	NA
ENSG00000035499	DEPDC1B	protein_coding	NA
ENSG00000035681	NSMAF	protein_coding	NA
ENSG00000035687	ADSS2	protein_coding	NA
ENSG00000035862	TIMP2	protein_coding	NA
ENSG00000035928	RFC1	protein_coding	NA
ENSG00000036054	TBC1D23	protein_coding	NA
ENSG00000036257	CUL3	protein_coding	NA
ENSG00000036448	MYOM2	protein_coding	NA
ENSG00000036549	ZZZ3	protein_coding	NA
ENSG00000037042	TUBG2	protein_coding	NA
ENSG00000037241	RPL26L1	protein_coding	NA
ENSG00000037280	FLT4	protein_coding	NA
ENSG00000037474	NSUN2	protein_coding	NA
ENSG00000037637	FBXO42	protein_coding	NA
ENSG00000037749	MFAP3	protein_coding	NA
ENSG00000037757	MRI1	protein_coding	NA
ENSG00000037897	METTL1	protein_coding	NA
ENSG00000038002	AGA	protein_coding	NA
ENSG00000038210	PI4K2B	protein_coding	NA
ENSG00000038219	BOD1L1	protein_coding	NA
ENSG00000038274	MAT2B	protein_coding	NA
ENSG00000038295	TLL1	protein_coding	NA
ENSG00000038358	EDC4	protein_coding	NA
ENSG00000038382	TRIO	protein_coding	NA
ENSG00000038427	VCAN	protein_coding	NA
ENSG00000038945	MSR1	protein_coding	NA
ENSG00000039068	CDH1	protein_coding	NA
ENSG00000039123	MTREX	protein_coding	NA
ENSG00000039319	ZFYVE16	protein_coding	NA
ENSG00000039523	RIPOR1	protein_coding	NA
ENSG00000039537	C6	protein_coding	NA
ENSG00000039560	RAI14	protein_coding	NA
ENSG00000039650	PNKP	protein_coding	NA
ENSG00000040275	SPDL1	protein_coding	NA
ENSG00000040341	STAU2	protein_coding	NA
ENSG00000040487	SLC66A1	protein_coding	NA
ENSG00000040531	CTNS	protein_coding	NA
ENSG00000040633	PHF23	protein_coding	NA
ENSG00000040933	INPP4A	protein_coding	NA
ENSG00000041353	RAB27B	protein_coding	NA
ENSG00000041357	PSMA4	protein_coding	NA
ENSG00000041802	LSG1	protein_coding	NA
ENSG00000041880	PARP3	protein_coding	NA
ENSG00000041988	THAP3	protein_coding	NA
ENSG00000042088	TDP1	protein_coding	NA
ENSG00000042286	AIFM2	protein_coding	NA
ENSG00000042317	SPATA7	protein_coding	NA
ENSG00000042429	MED17	protein_coding	NA
ENSG00000042445	RETSAT	protein_coding	NA
ENSG00000042493	CAPG	protein_coding	NA
ENSG00000042753	AP2S1	protein_coding	NA
ENSG00000043039	BARX2	protein_coding	NA
ENSG00000043093	DCUN1D1	protein_coding	NA
ENSG00000043462	LCP2	protein_coding	NA
ENSG00000043514	TRIT1	protein_coding	NA
ENSG00000044012	GUCA2B	protein_coding	NA
ENSG00000044090	CUL7	protein_coding	NA
ENSG00000044115	CTNNA1	protein_coding	NA
ENSG00000044446	PHKA2	protein_coding	NA
ENSG00000044459	CNTLN	protein_coding	NA
ENSG00000044574	HSPA5	protein_coding	NA
ENSG00000046604	DSG2	protein_coding	NA
ENSG00000046647	GEMIN8	protein_coding	NA
ENSG00000046651	OFD1	protein_coding	NA
ENSG00000046889	PREX2	protein_coding	NA
ENSG00000047056	WDR37	protein_coding	NA
ENSG00000047188	YTHDC2	protein_coding	NA
ENSG00000047230	CTPS2	protein_coding	NA
ENSG00000047249	ATP6V1H	protein_coding	NA
ENSG00000047315	POLR2B	protein_coding	NA
ENSG00000047346	ATOSA	protein_coding	NA
ENSG00000047365	ARAP2	protein_coding	NA
ENSG00000047410	TPR	protein_coding	NA
ENSG00000047457	CP	protein_coding	NA
ENSG00000047579	DTNBP1	protein_coding	NA
ENSG00000047617	ANO2	protein_coding	NA
ENSG00000047621	C12orf4	protein_coding	NA
ENSG00000047634	SCML1	protein_coding	NA
ENSG00000047644	WWC3	protein_coding	NA
ENSG00000047648	ARHGAP6	protein_coding	NA
ENSG00000047849	MAP4	protein_coding	NA
ENSG00000047932	GOPC	protein_coding	NA
ENSG00000048052	HDAC9	protein_coding	NA
ENSG00000048140	TSPAN17	protein_coding	NA
ENSG00000048162	NOP16	protein_coding	NA
ENSG00000048342	CC2D2A	protein_coding	NA
ENSG00000048392	RRM2B	protein_coding	NA
ENSG00000048405	ZNF800	protein_coding	NA
ENSG00000048471	SNX29	protein_coding	NA
ENSG00000048544	MRPS10	protein_coding	NA
ENSG00000048649	RSF1	protein_coding	NA
ENSG00000048707	VPS13D	protein_coding	NA
ENSG00000048828	FAM120A	protein_coding	NA
ENSG00000048991	R3HDM1	protein_coding	NA
ENSG00000049130	KITLG	protein_coding	NA
ENSG00000049167	ERCC8	protein_coding	NA
ENSG00000049192	ADAMTS6	protein_coding	NA
ENSG00000049245	VAMP3	protein_coding	NA
ENSG00000049247	UTS2	protein_coding	NA
ENSG00000049283	EPN3	protein_coding	NA
ENSG00000049323	LTBP1	protein_coding	NA
ENSG00000049449	RCN1	protein_coding	NA
ENSG00000049541	RFC2	protein_coding	NA
ENSG00000049618	ARID1B	protein_coding	NA
ENSG00000049656	CLPTM1L	protein_coding	NA
ENSG00000049759	NEDD4L	protein_coding	NA
ENSG00000049769	PPP1R3F	protein_coding	NA
ENSG00000049860	HEXB	protein_coding	NA
ENSG00000049883	PTCD2	protein_coding	NA
ENSG00000050130	JKAMP	protein_coding	NA
ENSG00000050327	ARHGEF5	protein_coding	NA
ENSG00000050344	NFE2L3	protein_coding	NA
ENSG00000050393	MCUR1	protein_coding	NA
ENSG00000050405	LIMA1	protein_coding	NA
ENSG00000050426	LETMD1	protein_coding	NA
ENSG00000050555	LAMC3	protein_coding	NA
ENSG00000050748	MAPK9	protein_coding	NA
ENSG00000050820	BCAR1	protein_coding	NA
ENSG00000051009	FHIP1B	protein_coding	NA
ENSG00000051108	HERPUD1	protein_coding	NA
ENSG00000051180	RAD51	protein_coding	NA
ENSG00000051382	PIK3CB	protein_coding	NA
ENSG00000051523	CYBA	protein_coding	NA
ENSG00000051596	THOC3	protein_coding	NA
ENSG00000051620	HEBP2	protein_coding	NA
ENSG00000051825	MPHOSPH9	protein_coding	NA
ENSG00000052126	PLEKHA5	protein_coding	NA
ENSG00000052344	PRSS8	protein_coding	NA
ENSG00000052723	SIKE1	protein_coding	NA
ENSG00000052749	RRP12	protein_coding	NA
ENSG00000052795	FNIP2	protein_coding	NA
ENSG00000052802	MSMO1	protein_coding	NA
ENSG00000052841	TTC17	protein_coding	NA
ENSG00000053254	FOXN3	protein_coding	NA
ENSG00000053371	AKR7A2	protein_coding	NA
ENSG00000053372	MRTO4	protein_coding	NA
ENSG00000053438	NNAT	protein_coding	NA
ENSG00000053501	USE1	protein_coding	NA
ENSG00000053747	LAMA3	protein_coding	NA
ENSG00000053770	AP5M1	protein_coding	NA
ENSG00000053900	ANAPC4	protein_coding	NA
ENSG00000054116	TRAPPC3	protein_coding	NA
ENSG00000054118	THRAP3	protein_coding	NA
ENSG00000054148	PHPT1	protein_coding	NA
ENSG00000054267	ARID4B	protein_coding	NA
ENSG00000054277	OPN3	protein_coding	NA
ENSG00000054282	SDCCAG8	protein_coding	NA
ENSG00000054523	KIF1B	protein_coding	NA
ENSG00000054611	TBC1D22A	protein_coding	NA
ENSG00000054654	SYNE2	protein_coding	NA
ENSG00000054690	PLEKHH1	protein_coding	NA
ENSG00000054938	CHRDL2	protein_coding	NA
ENSG00000054983	GALC	protein_coding	NA
ENSG00000055044	NOP58	protein_coding	NA
ENSG00000055070	SZRD1	protein_coding	NA
ENSG00000055130	CUL1	protein_coding	NA
ENSG00000055147	FAM114A2	protein_coding	NA
ENSG00000055163	CYFIP2	protein_coding	NA
ENSG00000055208	TAB2	protein_coding	NA
ENSG00000055211	GINM1	protein_coding	NA
ENSG00000055332	EIF2AK2	protein_coding	NA
ENSG00000055483	USP36	protein_coding	NA
ENSG00000055609	KMT2C	protein_coding	NA
ENSG00000055732	MCOLN3	protein_coding	NA
ENSG00000055917	PUM2	protein_coding	NA
ENSG00000055950	MRPL43	protein_coding	NA
ENSG00000056050	HPF1	protein_coding	NA
ENSG00000056097	ZFR	protein_coding	NA
ENSG00000056277	ZNF280C	protein_coding	NA
ENSG00000056291	NPFFR2	protein_coding	NA
ENSG00000056586	RC3H2	protein_coding	NA
ENSG00000056972	TRAF3IP2	protein_coding	NA
ENSG00000056998	GYG2	protein_coding	NA
ENSG00000057019	DCBLD2	protein_coding	NA
ENSG00000057252	SOAT1	protein_coding	NA
ENSG00000057294	PKP2	protein_coding	NA
ENSG00000057608	GDI2	protein_coding	NA
ENSG00000057663	ATG5	protein_coding	NA
ENSG00000057704	TMCC3	protein_coding	NA
ENSG00000057757	PITHD1	protein_coding	NA
ENSG00000057935	MTA3	protein_coding	NA
ENSG00000058056	USP13	protein_coding	NA
ENSG00000058063	ATP11B	protein_coding	NA
ENSG00000058085	LAMC2	protein_coding	NA
ENSG00000058262	SEC61A1	protein_coding	NA
ENSG00000058272	PPP1R12A	protein_coding	NA
ENSG00000058335	RASGRF1	protein_coding	NA
ENSG00000058600	POLR3E	protein_coding	NA
ENSG00000058668	ATP2B4	protein_coding	NA
ENSG00000058673	ZC3H11A	protein_coding	NA
ENSG00000058729	RIOK2	protein_coding	NA
ENSG00000058799	YIPF1	protein_coding	NA
ENSG00000058804	NDC1	protein_coding	NA
ENSG00000059122	FLYWCH1	protein_coding	NA
ENSG00000059145	UNKL	protein_coding	NA
ENSG00000059377	TBXAS1	protein_coding	NA
ENSG00000059378	PARP12	protein_coding	NA
ENSG00000059573	ALDH18A1	protein_coding	NA
ENSG00000059588	TARBP1	protein_coding	NA
ENSG00000059691	GATB	protein_coding	NA
ENSG00000059728	MXD1	protein_coding	NA
ENSG00000059758	CDK17	protein_coding	NA
ENSG00000059769	DNAJC25	protein_coding	NA
ENSG00000059804	SLC2A3	protein_coding	NA
ENSG00000060069	CTDP1	protein_coding	NA
ENSG00000060138	YBX3	protein_coding	NA
ENSG00000060140	STYK1	protein_coding	NA
ENSG00000060237	WNK1	protein_coding	NA
ENSG00000060339	CCAR1	protein_coding	NA
ENSG00000060491	OGFR	protein_coding	NA
ENSG00000060558	GNA15	protein_coding	NA
ENSG00000060642	PIGV	protein_coding	NA
ENSG00000060656	PTPRU	protein_coding	NA
ENSG00000060688	SNRNP40	protein_coding	NA
ENSG00000060718	COL11A1	protein_coding	NA
ENSG00000060749	QSER1	protein_coding	NA
ENSG00000060762	MPC1	protein_coding	NA
ENSG00000060971	ACAA1	protein_coding	NA
ENSG00000060982	BCAT1	protein_coding	NA
ENSG00000061273	HDAC7	protein_coding	NA
ENSG00000061656	SPAG4	protein_coding	NA
ENSG00000061676	NCKAP1	protein_coding	NA
ENSG00000061794	MRPS35	protein_coding	NA
ENSG00000061918	GUCY1B1	protein_coding	NA
ENSG00000061936	SFSWAP	protein_coding	NA
ENSG00000061938	TNK2	protein_coding	NA
ENSG00000061987	MON2	protein_coding	NA
ENSG00000062038	CDH3	protein_coding	NA
ENSG00000062194	GPBP1	protein_coding	NA
ENSG00000062282	DGAT2	protein_coding	NA
ENSG00000062485	CS	protein_coding	NA
ENSG00000062582	MRPS24	protein_coding	NA
ENSG00000062598	ELMO2	protein_coding	NA
ENSG00000062650	WAPL	protein_coding	NA
ENSG00000062716	VMP1	protein_coding	NA
ENSG00000062725	APPBP2	protein_coding	NA
ENSG00000062822	POLD1	protein_coding	NA
ENSG00000063046	EIF4B	protein_coding	NA
ENSG00000063177	RPL18	protein_coding	NA
ENSG00000063180	CA11	protein_coding	NA
ENSG00000063241	ISOC2	protein_coding	NA
ENSG00000063244	U2AF2	protein_coding	NA
ENSG00000063245	EPN1	protein_coding	NA
ENSG00000063322	MED29	protein_coding	NA
ENSG00000063601	MTMR1	protein_coding	NA
ENSG00000063660	GPC1	protein_coding	NA
ENSG00000063761	ADCK1	protein_coding	NA
ENSG00000063854	HAGH	protein_coding	NA
ENSG00000063978	RNF4	protein_coding	NA
ENSG00000064012	CASP8	protein_coding	NA
ENSG00000064042	LIMCH1	protein_coding	NA
ENSG00000064102	INTS13	protein_coding	NA
ENSG00000064115	TM7SF3	protein_coding	NA
ENSG00000064195	DLX3	protein_coding	NA
ENSG00000064199	SPA17	protein_coding	NA
ENSG00000064201	TSPAN32	protein_coding	NA
ENSG00000064225	ST3GAL6	protein_coding	NA
ENSG00000064270	ATP2C2	protein_coding	NA
ENSG00000064309	CDON	protein_coding	NA
ENSG00000064313	TAF2	protein_coding	NA
ENSG00000064419	TNPO3	protein_coding	NA
ENSG00000064490	RFXANK	protein_coding	NA
ENSG00000064545	TMEM161A	protein_coding	NA
ENSG00000064547	LPAR2	protein_coding	NA
ENSG00000064601	CTSA	protein_coding	NA
ENSG00000064607	SUGP2	protein_coding	NA
ENSG00000064651	SLC12A2	protein_coding	NA
ENSG00000064652	SNX24	protein_coding	NA
ENSG00000064655	EYA2	protein_coding	NA
ENSG00000064666	CNN2	protein_coding	NA
ENSG00000064687	ABCA7	protein_coding	NA
ENSG00000064692	SNCAIP	protein_coding	NA
ENSG00000064703	DDX20	protein_coding	NA
ENSG00000064726	BTBD1	protein_coding	NA
ENSG00000064763	FAR2	protein_coding	NA
ENSG00000064886	CHI3L2	protein_coding	NA
ENSG00000064933	PMS1	protein_coding	NA
ENSG00000064961	HMG20B	protein_coding	NA
ENSG00000064989	CALCRL	protein_coding	NA
ENSG00000064995	TAF11	protein_coding	NA
ENSG00000064999	ANKS1A	protein_coding	NA
ENSG00000065000	AP3D1	protein_coding	NA
ENSG00000065029	ZNF76	protein_coding	NA
ENSG00000065054	NHERF2	protein_coding	NA
ENSG00000065057	NTHL1	protein_coding	NA
ENSG00000065060	BLTP3A	protein_coding	NA
ENSG00000065135	GNAI3	protein_coding	NA
ENSG00000065150	IPO5	protein_coding	NA
ENSG00000065154	OAT	protein_coding	NA
ENSG00000065183	WDR3	protein_coding	NA
ENSG00000065243	PKN2	protein_coding	NA
ENSG00000065268	WDR18	protein_coding	NA
ENSG00000065308	TRAM2	protein_coding	NA
ENSG00000065328	MCM10	protein_coding	NA
ENSG00000065357	DGKA	protein_coding	NA
ENSG00000065361	ERBB3	protein_coding	NA
ENSG00000065413	ANKRD44	protein_coding	NA
ENSG00000065427	KARS1	protein_coding	NA
ENSG00000065457	ADAT1	protein_coding	NA
ENSG00000065485	PDIA5	protein_coding	NA
ENSG00000065491	TBC1D22B	protein_coding	NA
ENSG00000065518	NDUFB4	protein_coding	NA
ENSG00000065526	SPEN	protein_coding	NA
ENSG00000065534	MYLK	protein_coding	NA
ENSG00000065548	ZC3H15	protein_coding	NA
ENSG00000065559	MAP2K4	protein_coding	NA
ENSG00000065600	PACC1	protein_coding	NA
ENSG00000065613	SLK	protein_coding	NA
ENSG00000065615	CYB5R4	protein_coding	NA
ENSG00000065618	COL17A1	protein_coding	NA
ENSG00000065621	GSTO2	protein_coding	NA
ENSG00000065665	SEC61A2	protein_coding	NA
ENSG00000065717	TLE2	protein_coding	NA
ENSG00000065802	ASB1	protein_coding	NA
ENSG00000065809	FAM107B	protein_coding	NA
ENSG00000065882	TBC1D1	protein_coding	NA
ENSG00000065883	CDK13	protein_coding	NA
ENSG00000065911	MTHFD2	protein_coding	NA
ENSG00000065978	YBX1	protein_coding	NA
ENSG00000066027	PPP2R5A	protein_coding	NA
ENSG00000066044	ELAVL1	protein_coding	NA
ENSG00000066056	TIE1	protein_coding	NA
ENSG00000066084	DIP2B	protein_coding	NA
ENSG00000066117	SMARCD1	protein_coding	NA
ENSG00000066135	KDM4A	protein_coding	NA
ENSG00000066136	NFYC	protein_coding	NA
ENSG00000066185	ZMYND12	protein_coding	NA
ENSG00000066279	ASPM	protein_coding	NA
ENSG00000066294	CD84	protein_coding	NA
ENSG00000066322	ELOVL1	protein_coding	NA
ENSG00000066336	SPI1	protein_coding	NA
ENSG00000066379	POLR1H	protein_coding	NA
ENSG00000066422	ZBTB11	protein_coding	NA
ENSG00000066427	ATXN3	protein_coding	NA
ENSG00000066455	GOLGA5	protein_coding	NA
ENSG00000066468	FGFR2	protein_coding	NA
ENSG00000066557	LRRC40	protein_coding	NA
ENSG00000066583	ISOC1	protein_coding	NA
ENSG00000066651	TRMT11	protein_coding	NA
ENSG00000066654	THUMPD1	protein_coding	NA
ENSG00000066697	MSANTD3	protein_coding	NA
ENSG00000066777	ARFGEF1	protein_coding	NA
ENSG00000066827	ZFAT	protein_coding	NA
ENSG00000066855	MTFR1	protein_coding	NA
ENSG00000066926	FECH	protein_coding	NA
ENSG00000066933	MYO9A	protein_coding	NA
ENSG00000067048	DDX3Y	protein_coding	NA
ENSG00000067057	PFKP	protein_coding	NA
ENSG00000067064	IDI1	protein_coding	NA
ENSG00000067066	SP100	protein_coding	NA
ENSG00000067082	KLF6	protein_coding	NA
ENSG00000067113	PLPP1	protein_coding	NA
ENSG00000067167	TRAM1	protein_coding	NA
ENSG00000067177	PHKA1	protein_coding	NA
ENSG00000067182	TNFRSF1A	protein_coding	NA
ENSG00000067208	EVI5	protein_coding	NA
ENSG00000067221	STOML1	protein_coding	NA
ENSG00000067225	PKM	protein_coding	NA
ENSG00000067248	DHX29	protein_coding	NA
ENSG00000067334	DNTTIP2	protein_coding	NA
ENSG00000067365	METTL22	protein_coding	NA
ENSG00000067369	TP53BP1	protein_coding	NA
ENSG00000067445	TRO	protein_coding	NA
ENSG00000067533	RRP15	protein_coding	NA
ENSG00000067560	RHOA	protein_coding	NA
ENSG00000067596	DHX8	protein_coding	NA
ENSG00000067606	PRKCZ	protein_coding	NA
ENSG00000067646	ZFY	protein_coding	NA
ENSG00000067704	IARS2	protein_coding	NA
ENSG00000067715	SYT1	protein_coding	NA
ENSG00000067829	IDH3G	protein_coding	NA
ENSG00000067836	ROGDI	protein_coding	NA
ENSG00000067900	ROCK1	protein_coding	NA
ENSG00000067955	CBFB	protein_coding	NA
ENSG00000067992	PDK3	protein_coding	NA
ENSG00000068001	HYAL2	protein_coding	NA
ENSG00000068028	RASSF1	protein_coding	NA
ENSG00000068079	IFI35	protein_coding	NA
ENSG00000068097	HEATR6	protein_coding	NA
ENSG00000068120	COASY	protein_coding	NA
ENSG00000068137	PLEKHH3	protein_coding	NA
ENSG00000068305	MEF2A	protein_coding	NA
ENSG00000068308	OTUD5	protein_coding	NA
ENSG00000068323	TFE3	protein_coding	NA
ENSG00000068354	TBC1D25	protein_coding	NA
ENSG00000068366	ACSL4	protein_coding	NA
ENSG00000068394	GPKOW	protein_coding	NA
ENSG00000068400	GRIPAP1	protein_coding	NA
ENSG00000068438	FTSJ1	protein_coding	NA
ENSG00000068489	PRR11	protein_coding	NA
ENSG00000068654	POLR1A	protein_coding	NA
ENSG00000068697	LAPTM4A	protein_coding	NA
ENSG00000068724	TTC7A	protein_coding	NA
ENSG00000068745	IP6K2	protein_coding	NA
ENSG00000068781	STON1-GTF2A1L	protein_coding	NA
ENSG00000068784	SRBD1	protein_coding	NA
ENSG00000068796	KIF2A	protein_coding	NA
ENSG00000068831	RASGRP2	protein_coding	NA
ENSG00000068878	PSME4	protein_coding	NA
ENSG00000068885	IFT80	protein_coding	NA
ENSG00000068903	SIRT2	protein_coding	NA
ENSG00000068912	ERLEC1	protein_coding	NA
ENSG00000068971	PPP2R5B	protein_coding	NA
ENSG00000069020	MAST4	protein_coding	NA
ENSG00000069122	ADGRF5	protein_coding	NA
ENSG00000069248	NUP133	protein_coding	NA
ENSG00000069275	NUCKS1	protein_coding	NA
ENSG00000069329	VPS35	protein_coding	NA
ENSG00000069345	DNAJA2	protein_coding	NA
ENSG00000069399	BCL3	protein_coding	NA
ENSG00000069509	FUNDC1	protein_coding	NA
ENSG00000069535	MAOB	protein_coding	NA
ENSG00000069667	RORA	protein_coding	NA
ENSG00000069696	DRD4	protein_coding	NA
ENSG00000069702	TGFBR3	protein_coding	NA
ENSG00000069812	HES2	protein_coding	NA
ENSG00000069849	ATP1B3	protein_coding	NA
ENSG00000069869	NEDD4	protein_coding	NA
ENSG00000069943	PIGB	protein_coding	NA
ENSG00000069956	MAPK6	protein_coding	NA
ENSG00000069966	GNB5	protein_coding	NA
ENSG00000069974	RAB27A	protein_coding	NA
ENSG00000069998	HDHD5	protein_coding	NA
ENSG00000070010	UFD1	protein_coding	NA
ENSG00000070018	LRP6	protein_coding	NA
ENSG00000070047	PHRF1	protein_coding	NA
ENSG00000070061	ELP1	protein_coding	NA
ENSG00000070081	NUCB2	protein_coding	NA
ENSG00000070087	PFN2	protein_coding	NA
ENSG00000070159	PTPN3	protein_coding	NA
ENSG00000070182	SPTB	protein_coding	NA
ENSG00000070190	DAPP1	protein_coding	NA
ENSG00000070193	FGF10	protein_coding	NA
ENSG00000070214	SLC44A1	protein_coding	NA
ENSG00000070269	TMEM260	protein_coding	NA
ENSG00000070366	SMG6	protein_coding	NA
ENSG00000070367	EXOC5	protein_coding	NA
ENSG00000070371	CLTCL1	protein_coding	NA
ENSG00000070404	FSTL3	protein_coding	NA
ENSG00000070413	DGCR2	protein_coding	NA
ENSG00000070423	RNF126	protein_coding	NA
ENSG00000070444	MNT	protein_coding	NA
ENSG00000070495	JMJD6	protein_coding	NA
ENSG00000070501	POLB	protein_coding	NA
ENSG00000070526	ST6GALNAC1	protein_coding	NA
ENSG00000070540	WIPI1	protein_coding	NA
ENSG00000070610	GBA2	protein_coding	NA
ENSG00000070614	NDST1	protein_coding	NA
ENSG00000070669	ASNS	protein_coding	NA
ENSG00000070718	AP3M2	protein_coding	NA
ENSG00000070731	ST6GALNAC2	protein_coding	NA
ENSG00000070756	PABPC1	protein_coding	NA
ENSG00000070759	TESK2	protein_coding	NA
ENSG00000070761	CFAP20	protein_coding	NA
ENSG00000070770	CSNK2A2	protein_coding	NA
ENSG00000070778	PTPN21	protein_coding	NA
ENSG00000070785	EIF2B3	protein_coding	NA
ENSG00000070814	TCOF1	protein_coding	NA
ENSG00000070831	CDC42	protein_coding	NA
ENSG00000070882	OSBPL3	protein_coding	NA
ENSG00000070950	RAD18	protein_coding	NA
ENSG00000070961	ATP2B1	protein_coding	NA
ENSG00000071051	NCK2	protein_coding	NA
ENSG00000071054	MAP4K4	protein_coding	NA
ENSG00000071073	MGAT4A	protein_coding	NA
ENSG00000071082	RPL31	protein_coding	NA
ENSG00000071127	WDR1	protein_coding	NA
ENSG00000071189	SNX13	protein_coding	NA
ENSG00000071203	MS4A12	protein_coding	NA
ENSG00000071205	ARHGAP10	protein_coding	NA
ENSG00000071243	ING3	protein_coding	NA
ENSG00000071282	LMCD1	protein_coding	NA
ENSG00000071462	BUD23	protein_coding	NA
ENSG00000071537	SEL1L	protein_coding	NA
ENSG00000071539	TRIP13	protein_coding	NA
ENSG00000071553	ATP6AP1	protein_coding	NA
ENSG00000071564	TCF3	protein_coding	NA
ENSG00000071575	TRIB2	protein_coding	NA
ENSG00000071626	DAZAP1	protein_coding	NA
ENSG00000071655	MBD3	protein_coding	NA
ENSG00000071794	HLTF	protein_coding	NA
ENSG00000071859	FAM50A	protein_coding	NA
ENSG00000071889	FAM3A	protein_coding	NA
ENSG00000071894	CPSF1	protein_coding	NA
ENSG00000071967	CYBRD1	protein_coding	NA
ENSG00000071994	PDCD2	protein_coding	NA
ENSG00000072041	SLC6A15	protein_coding	NA
ENSG00000072042	RDH11	protein_coding	NA
ENSG00000072062	PRKACA	protein_coding	NA
ENSG00000072110	ACTN1	protein_coding	NA
ENSG00000072121	ZFYVE26	protein_coding	NA
ENSG00000072133	RPS6KA6	protein_coding	NA
ENSG00000072134	EPN2	protein_coding	NA
ENSG00000072135	PTPN18	protein_coding	NA
ENSG00000072163	LIMS2	protein_coding	NA
ENSG00000072195	SPEG	protein_coding	NA
ENSG00000072201	LNX1	protein_coding	NA
ENSG00000072210	ALDH3A2	protein_coding	NA
ENSG00000072274	TFRC	protein_coding	NA
ENSG00000072310	SREBF1	protein_coding	NA
ENSG00000072364	AFF4	protein_coding	NA
ENSG00000072401	UBE2D1	protein_coding	NA
ENSG00000072415	PALS1	protein_coding	NA
ENSG00000072422	RHOBTB1	protein_coding	NA
ENSG00000072501	SMC1A	protein_coding	NA
ENSG00000072506	HSD17B10	protein_coding	NA
ENSG00000072518	MARK2	protein_coding	NA
ENSG00000072571	HMMR	protein_coding	NA
ENSG00000072609	CHFR	protein_coding	NA
ENSG00000072682	P4HA2	protein_coding	NA
ENSG00000072694	FCGR2B	protein_coding	NA
ENSG00000072736	NFATC3	protein_coding	NA
ENSG00000072756	TRNT1	protein_coding	NA
ENSG00000072778	ACADVL	protein_coding	NA
ENSG00000072786	STK10	protein_coding	NA
ENSG00000072803	FBXW11	protein_coding	NA
ENSG00000072818	ACAP1	protein_coding	NA
ENSG00000072849	DERL2	protein_coding	NA
ENSG00000072864	NDE1	protein_coding	NA
ENSG00000072958	AP1M1	protein_coding	NA
ENSG00000073008	PVR	protein_coding	NA
ENSG00000073050	XRCC1	protein_coding	NA
ENSG00000073060	SCARB1	protein_coding	NA
ENSG00000073111	MCM2	protein_coding	NA
ENSG00000073169	SELENOO	protein_coding	NA
ENSG00000073282	TP63	protein_coding	NA
ENSG00000073331	ALPK1	protein_coding	NA
ENSG00000073350	LLGL2	protein_coding	NA
ENSG00000073417	PDE8A	protein_coding	NA
ENSG00000073536	NLE1	protein_coding	NA
ENSG00000073578	SDHA	protein_coding	NA
ENSG00000073584	SMARCE1	protein_coding	NA
ENSG00000073605	GSDMB	protein_coding	NA
ENSG00000073614	KDM5A	protein_coding	NA
ENSG00000073711	PPP2R3A	protein_coding	NA
ENSG00000073712	FERMT2	protein_coding	NA
ENSG00000073737	DHRS9	protein_coding	NA
ENSG00000073754	CD5L	protein_coding	NA
ENSG00000073756	PTGS2	protein_coding	NA
ENSG00000073792	IGF2BP2	protein_coding	NA
ENSG00000073803	MAP3K13	protein_coding	NA
ENSG00000073849	ST6GAL1	protein_coding	NA
ENSG00000073910	FRY	protein_coding	NA
ENSG00000073921	PICALM	protein_coding	NA
ENSG00000073969	NSF	protein_coding	NA
ENSG00000074071	MRPS34	protein_coding	NA
ENSG00000074181	NOTCH3	protein_coding	NA
ENSG00000074201	CLNS1A	protein_coding	NA
ENSG00000074219	TEAD2	protein_coding	NA
ENSG00000074266	EED	protein_coding	NA
ENSG00000074319	TSG101	protein_coding	NA
ENSG00000074356	NCBP3	protein_coding	NA
ENSG00000074416	MGLL	protein_coding	NA
ENSG00000074527	NTN4	protein_coding	NA
ENSG00000074582	BCS1L	protein_coding	NA
ENSG00000074603	DPP8	protein_coding	NA
ENSG00000074621	SLC24A1	protein_coding	NA
ENSG00000074657	ZNF532	protein_coding	NA
ENSG00000074695	LMAN1	protein_coding	NA
ENSG00000074696	HACD3	protein_coding	NA
ENSG00000074706	IPCEF1	protein_coding	NA
ENSG00000074755	ZZEF1	protein_coding	NA
ENSG00000074800	ENO1	protein_coding	NA
ENSG00000074842	MYDGF	protein_coding	NA
ENSG00000074935	TUBE1	protein_coding	NA
ENSG00000074966	TXK	protein_coding	NA
ENSG00000075089	ACTR6	protein_coding	NA
ENSG00000075131	TIPIN	protein_coding	NA
ENSG00000075142	SRI	protein_coding	NA
ENSG00000075151	EIF4G3	protein_coding	NA
ENSG00000075188	NUP37	protein_coding	NA
ENSG00000075213	SEMA3A	protein_coding	NA
ENSG00000075218	GTSE1	protein_coding	NA
ENSG00000075239	ACAT1	protein_coding	NA
ENSG00000075292	ZNF638	protein_coding	NA
ENSG00000075303	SLC25A40	protein_coding	NA
ENSG00000075336	TIMM21	protein_coding	NA
ENSG00000075391	RASAL2	protein_coding	NA
ENSG00000075399	VPS9D1	protein_coding	NA
ENSG00000075407	ZNF37A	protein_coding	NA
ENSG00000075413	MARK3	protein_coding	NA
ENSG00000075415	SLC25A3	protein_coding	NA
ENSG00000075420	FNDC3B	protein_coding	NA
ENSG00000075426	FOSL2	protein_coding	NA
ENSG00000075539	FRYL	protein_coding	NA
ENSG00000075568	TMEM131	protein_coding	NA
ENSG00000075618	FSCN1	protein_coding	NA
ENSG00000075624	ACTB	protein_coding	NA
ENSG00000075643	MOCOS	protein_coding	NA
ENSG00000075651	PLD1	protein_coding	NA
ENSG00000075673	ATP12A	protein_coding	NA
ENSG00000075702	WDR62	protein_coding	NA
ENSG00000075711	DLG1	protein_coding	NA
ENSG00000075785	RAB7A	protein_coding	NA
ENSG00000075790	BCAP29	protein_coding	NA
ENSG00000075856	SART3	protein_coding	NA
ENSG00000075884	ARHGAP15	protein_coding	NA
ENSG00000075914	EXOSC7	protein_coding	NA
ENSG00000075945	KIFAP3	protein_coding	NA
ENSG00000075975	MKRN2	protein_coding	NA
ENSG00000076003	MCM6	protein_coding	NA
ENSG00000076043	REXO2	protein_coding	NA
ENSG00000076053	RBM7	protein_coding	NA
ENSG00000076067	RBMS2	protein_coding	NA
ENSG00000076108	BAZ2A	protein_coding	NA
ENSG00000076201	PTPN23	protein_coding	NA
ENSG00000076242	MLH1	protein_coding	NA
ENSG00000076248	UNG	protein_coding	NA
ENSG00000076258	FMO4	protein_coding	NA
ENSG00000076321	KLHL20	protein_coding	NA
ENSG00000076344	RGS11	protein_coding	NA
ENSG00000076351	SLC46A1	protein_coding	NA
ENSG00000076356	PLXNA2	protein_coding	NA
ENSG00000076382	SPAG5	protein_coding	NA
ENSG00000076513	ANKRD13A	protein_coding	NA
ENSG00000076554	TPD52	protein_coding	NA
ENSG00000076604	TRAF4	protein_coding	NA
ENSG00000076650	GPATCH1	protein_coding	NA
ENSG00000076662	ICAM3	protein_coding	NA
ENSG00000076685	NT5C2	protein_coding	NA
ENSG00000076706	MCAM	protein_coding	NA
ENSG00000076716	GPC4	protein_coding	NA
ENSG00000076770	MBNL3	protein_coding	NA
ENSG00000076826	CAMSAP3	protein_coding	NA
ENSG00000076924	XAB2	protein_coding	NA
ENSG00000076928	ARHGEF1	protein_coding	NA
ENSG00000076944	STXBP2	protein_coding	NA
ENSG00000076984	MAP2K7	protein_coding	NA
ENSG00000077044	DGKD	protein_coding	NA
ENSG00000077092	RARB	protein_coding	NA
ENSG00000077097	TOP2B	protein_coding	NA
ENSG00000077147	TM9SF3	protein_coding	NA
ENSG00000077150	NFKB2	protein_coding	NA
ENSG00000077152	UBE2T	protein_coding	NA
ENSG00000077157	PPP1R12B	protein_coding	NA
ENSG00000077232	DNAJC10	protein_coding	NA
ENSG00000077235	GTF3C1	protein_coding	NA
ENSG00000077238	IL4R	protein_coding	NA
ENSG00000077254	USP33	protein_coding	NA
ENSG00000077264	PAK3	protein_coding	NA
ENSG00000077274	CAPN6	protein_coding	NA
ENSG00000077312	SNRPA	protein_coding	NA
ENSG00000077348	EXOSC5	protein_coding	NA
ENSG00000077380	DYNC1I2	protein_coding	NA
ENSG00000077420	APBB1IP	protein_coding	NA
ENSG00000077454	LRCH4	protein_coding	NA
ENSG00000077458	FAM76B	protein_coding	NA
ENSG00000077463	SIRT6	protein_coding	NA
ENSG00000077514	POLD3	protein_coding	NA
ENSG00000077549	CAPZB	protein_coding	NA
ENSG00000077585	GPR137B	protein_coding	NA
ENSG00000077616	NAALAD2	protein_coding	NA
ENSG00000077684	JADE1	protein_coding	NA
ENSG00000077713	SLC25A43	protein_coding	NA
ENSG00000077721	UBE2A	protein_coding	NA
ENSG00000077782	FGFR1	protein_coding	NA
ENSG00000077942	FBLN1	protein_coding	NA
ENSG00000077984	CST7	protein_coding	NA
ENSG00000078061	ARAF	protein_coding	NA
ENSG00000078070	MCCC1	protein_coding	NA
ENSG00000078098	FAP	protein_coding	NA
ENSG00000078114	NEBL	protein_coding	NA
ENSG00000078124	ACER3	protein_coding	NA
ENSG00000078140	UBE2K	protein_coding	NA
ENSG00000078142	PIK3C3	protein_coding	NA
ENSG00000078177	N4BP2	protein_coding	NA
ENSG00000078237	TIGAR	protein_coding	NA
ENSG00000078246	TULP3	protein_coding	NA
ENSG00000078269	SYNJ2	protein_coding	NA
ENSG00000078304	PPP2R5C	protein_coding	NA
ENSG00000078319	PMS2P1	lncRNA	NA
ENSG00000078369	GNB1	protein_coding	NA
ENSG00000078401	EDN1	protein_coding	NA
ENSG00000078403	MLLT10	protein_coding	NA
ENSG00000078487	ZCWPW1	protein_coding	NA
ENSG00000078596	ITM2A	protein_coding	NA
ENSG00000078618	NRDC	protein_coding	NA
ENSG00000078668	VDAC3	protein_coding	NA
ENSG00000078674	PCM1	protein_coding	NA
ENSG00000078699	CBFA2T2	protein_coding	NA
ENSG00000078747	ITCH	protein_coding	NA
ENSG00000078808	SDF4	protein_coding	NA
ENSG00000078902	TOLLIP	protein_coding	NA
ENSG00000078967	UBE2D4	protein_coding	NA
ENSG00000079102	RUNX1T1	protein_coding	NA
ENSG00000079134	THOC1	protein_coding	NA
ENSG00000079150	FKBP7	protein_coding	NA
ENSG00000079215	SLC1A3	protein_coding	NA
ENSG00000079246	XRCC5	protein_coding	NA
ENSG00000079257	LXN	protein_coding	NA
ENSG00000079263	SP140	protein_coding	NA
ENSG00000079277	MKNK1	protein_coding	NA
ENSG00000079308	TNS1	protein_coding	NA
ENSG00000079313	REXO1	protein_coding	NA
ENSG00000079332	SAR1A	protein_coding	NA
ENSG00000079335	CDC14A	protein_coding	NA
ENSG00000079337	RAPGEF3	protein_coding	NA
ENSG00000079385	CEACAM1	protein_coding	NA
ENSG00000079387	SENP1	protein_coding	NA
ENSG00000079432	CIC	protein_coding	NA
ENSG00000079459	FDFT1	protein_coding	NA
ENSG00000079462	PAFAH1B3	protein_coding	NA
ENSG00000079482	OPHN1	protein_coding	NA
ENSG00000079557	AFM	protein_coding	NA
ENSG00000079616	KIF22	protein_coding	NA
ENSG00000079689	SCGN	protein_coding	NA
ENSG00000079691	CARMIL1	protein_coding	NA
ENSG00000079739	PGM1	protein_coding	NA
ENSG00000079785	DDX1	protein_coding	NA
ENSG00000079805	DNM2	protein_coding	NA
ENSG00000079819	EPB41L2	protein_coding	NA
ENSG00000079931	MOXD1	protein_coding	NA
ENSG00000079950	STX7	protein_coding	NA
ENSG00000079974	RABL2B	protein_coding	NA
ENSG00000079999	KEAP1	protein_coding	NA
ENSG00000080007	DDX43	protein_coding	NA
ENSG00000080189	SLC35C2	protein_coding	NA
ENSG00000080200	CRYBG3	protein_coding	NA
ENSG00000080298	RFX3	protein_coding	NA
ENSG00000080345	RIF1	protein_coding	NA
ENSG00000080371	RAB21	protein_coding	NA
ENSG00000080493	SLC4A4	protein_coding	NA
ENSG00000080503	SMARCA2	protein_coding	NA
ENSG00000080546	SESN1	protein_coding	NA
ENSG00000080573	COL5A3	protein_coding	NA
ENSG00000080603	SRCAP	protein_coding	NA
ENSG00000080608	PUM3	protein_coding	NA
ENSG00000080802	CNOT4	protein_coding	NA
ENSG00000080815	PSEN1	protein_coding	NA
ENSG00000080819	CPOX	protein_coding	NA
ENSG00000080822	CLDND1	protein_coding	NA
ENSG00000080823	MOK	protein_coding	NA
ENSG00000080824	HSP90AA1	protein_coding	NA
ENSG00000080839	RBL1	protein_coding	NA
ENSG00000080845	DLGAP4	protein_coding	NA
ENSG00000080986	NDC80	protein_coding	NA
ENSG00000081019	RSBN1	protein_coding	NA
ENSG00000081041	CXCL2	protein_coding	NA
ENSG00000081051	AFP	protein_coding	NA
ENSG00000081087	OSTM1	protein_coding	NA
ENSG00000081154	PCNP	protein_coding	NA
ENSG00000081177	EXD2	protein_coding	NA
ENSG00000081181	ARG2	protein_coding	NA
ENSG00000081189	MEF2C	protein_coding	NA
ENSG00000081237	PTPRC	protein_coding	NA
ENSG00000081277	PKP1	protein_coding	NA
ENSG00000081307	UBA5	protein_coding	NA
ENSG00000081320	STK17B	protein_coding	NA
ENSG00000081377	CDC14B	protein_coding	NA
ENSG00000081386	ZNF510	protein_coding	NA
ENSG00000081479	LRP2	protein_coding	NA
ENSG00000081665	ZNF506	protein_coding	NA
ENSG00000081692	JMJD4	protein_coding	NA
ENSG00000081721	DUSP12	protein_coding	NA
ENSG00000081760	AACS	protein_coding	NA
ENSG00000081791	DELE1	protein_coding	NA
ENSG00000081803	CADPS2	protein_coding	NA
ENSG00000081870	IFT25	protein_coding	NA
ENSG00000081913	PHLPP1	protein_coding	NA
ENSG00000081923	ATP8B1	protein_coding	NA
ENSG00000081985	IL12RB2	protein_coding	NA
ENSG00000082014	SMARCD3	protein_coding	NA
ENSG00000082068	WDR70	protein_coding	NA
ENSG00000082074	FYB1	protein_coding	NA
ENSG00000082146	STRADB	protein_coding	NA
ENSG00000082153	BZW1	protein_coding	NA
ENSG00000082196	C1QTNF3	protein_coding	NA
ENSG00000082212	ME2	protein_coding	NA
ENSG00000082213	C5orf22	protein_coding	NA
ENSG00000082258	CCNT2	protein_coding	NA
ENSG00000082269	FAM135A	protein_coding	NA
ENSG00000082397	EPB41L3	protein_coding	NA
ENSG00000082438	COBLL1	protein_coding	NA
ENSG00000082458	DLG3	protein_coding	NA
ENSG00000082497	SERTAD4	protein_coding	NA
ENSG00000082515	MRPL22	protein_coding	NA
ENSG00000082516	GEMIN5	protein_coding	NA
ENSG00000082641	NFE2L1	protein_coding	NA
ENSG00000082701	GSK3B	protein_coding	NA
ENSG00000082781	ITGB5	protein_coding	NA
ENSG00000082805	ERC1	protein_coding	NA
ENSG00000082898	XPO1	protein_coding	NA
ENSG00000082996	RNF13	protein_coding	NA
ENSG00000083097	DOP1A	protein_coding	NA
ENSG00000083099	LYRM2	protein_coding	NA
ENSG00000083123	BCKDHB	protein_coding	NA
ENSG00000083168	KAT6A	protein_coding	NA
ENSG00000083223	TUT7	protein_coding	NA
ENSG00000083290	ULK2	protein_coding	NA
ENSG00000083307	GRHL2	protein_coding	NA
ENSG00000083312	TNPO1	protein_coding	NA
ENSG00000083444	PLOD1	protein_coding	NA
ENSG00000083454	P2RX5	protein_coding	NA
ENSG00000083457	ITGAE	protein_coding	NA
ENSG00000083520	DIS3	protein_coding	NA
ENSG00000083535	PIBF1	protein_coding	NA
ENSG00000083544	TDRD3	protein_coding	NA
ENSG00000083635	NUFIP1	protein_coding	NA
ENSG00000083642	PDS5B	protein_coding	NA
ENSG00000083720	OXCT1	protein_coding	NA
ENSG00000083750	RRAGB	protein_coding	NA
ENSG00000083782	EPYC	protein_coding	NA
ENSG00000083799	CYLD	protein_coding	NA
ENSG00000083807	SLC27A5	protein_coding	NA
ENSG00000083812	ZNF324	protein_coding	NA
ENSG00000083814	ZNF671	protein_coding	NA
ENSG00000083817	ZNF416	protein_coding	NA
ENSG00000083828	ZNF586	protein_coding	NA
ENSG00000083838	ZNF446	protein_coding	NA
ENSG00000083844	ZNF264	protein_coding	NA
ENSG00000083845	RPS5	protein_coding	NA
ENSG00000083857	FAT1	protein_coding	NA
ENSG00000083896	YTHDC1	protein_coding	NA
ENSG00000083937	CHMP2B	protein_coding	NA
ENSG00000084070	SMAP2	protein_coding	NA
ENSG00000084072	PPIE	protein_coding	NA
ENSG00000084073	ZMPSTE24	protein_coding	NA
ENSG00000084090	STARD7	protein_coding	NA
ENSG00000084092	NOA1	protein_coding	NA
ENSG00000084093	REST	protein_coding	NA
ENSG00000084207	GSTP1	protein_coding	NA
ENSG00000084234	APLP2	protein_coding	NA
ENSG00000084444	FAM234B	protein_coding	NA
ENSG00000084463	WBP11	protein_coding	NA
ENSG00000084623	EIF3I	protein_coding	NA
ENSG00000084636	COL16A1	protein_coding	NA
ENSG00000084652	TXLNA	protein_coding	NA
ENSG00000084676	NCOA1	protein_coding	NA
ENSG00000084693	AGBL5	protein_coding	NA
ENSG00000084733	RAB10	protein_coding	NA
ENSG00000084754	HADHA	protein_coding	NA
ENSG00000084764	MAPRE3	protein_coding	NA
ENSG00000084774	CAD	protein_coding	NA
ENSG00000085063	CD59	protein_coding	NA
ENSG00000085117	CD82	protein_coding	NA
ENSG00000085185	BCORL1	protein_coding	NA
ENSG00000085224	ATRX	protein_coding	NA
ENSG00000085231	AK6	protein_coding	NA
ENSG00000085265	FCN1	protein_coding	NA
ENSG00000085274	MYNN	protein_coding	NA
ENSG00000085276	MECOM	protein_coding	NA
ENSG00000085365	SCAMP1	protein_coding	NA
ENSG00000085377	PREP	protein_coding	NA
ENSG00000085382	HACE1	protein_coding	NA
ENSG00000085415	SEH1L	protein_coding	NA
ENSG00000085433	WDR47	protein_coding	NA
ENSG00000085449	WDFY1	protein_coding	NA
ENSG00000085465	OVGP1	protein_coding	NA
ENSG00000085491	SLC25A24	protein_coding	NA
ENSG00000085511	MAP3K4	protein_coding	NA
ENSG00000085514	PILRA	protein_coding	NA
ENSG00000085552	IGSF9	protein_coding	NA
ENSG00000085563	ABCB1	protein_coding	NA
ENSG00000085662	AKR1B1	protein_coding	NA
ENSG00000085719	CPNE3	protein_coding	NA
ENSG00000085721	RRN3	protein_coding	NA
ENSG00000085733	CTTN	protein_coding	NA
ENSG00000085741	WNT11	protein_coding	NA
ENSG00000085760	MTIF2	protein_coding	NA
ENSG00000085788	DDHD2	protein_coding	NA
ENSG00000085832	EPS15	protein_coding	NA
ENSG00000085840	ORC1	protein_coding	NA
ENSG00000085871	MGST2	protein_coding	NA
ENSG00000085872	CHERP	protein_coding	NA
ENSG00000085978	ATG16L1	protein_coding	NA
ENSG00000085982	USP40	protein_coding	NA
ENSG00000085998	POMGNT1	protein_coding	NA
ENSG00000085999	RAD54L	protein_coding	NA
ENSG00000086015	MAST2	protein_coding	NA
ENSG00000086061	DNAJA1	protein_coding	NA
ENSG00000086062	B4GALT1	protein_coding	NA
ENSG00000086065	CHMP5	protein_coding	NA
ENSG00000086102	NFX1	protein_coding	NA
ENSG00000086189	DIMT1	protein_coding	NA
ENSG00000086200	IPO11	protein_coding	NA
ENSG00000086232	EIF2AK1	protein_coding	NA
ENSG00000086288	NME8	protein_coding	NA
ENSG00000086300	SNX10	protein_coding	NA
ENSG00000086475	SEPHS1	protein_coding	NA
ENSG00000086504	MRPL28	protein_coding	NA
ENSG00000086506	HBQ1	protein_coding	NA
ENSG00000086544	ITPKC	protein_coding	NA
ENSG00000086589	RBM22	protein_coding	NA
ENSG00000086598	TMED2	protein_coding	NA
ENSG00000086619	ERO1B	protein_coding	NA
ENSG00000086666	ZFAND6	protein_coding	NA
ENSG00000086696	HSD17B2	protein_coding	NA
ENSG00000086712	TXLNG	protein_coding	NA
ENSG00000086730	LAT2	protein_coding	NA
ENSG00000086758	HUWE1	protein_coding	NA
ENSG00000086827	ZW10	protein_coding	NA
ENSG00000086848	ALG9	protein_coding	NA
ENSG00000087008	ACOX3	protein_coding	NA
ENSG00000087053	MTMR2	protein_coding	NA
ENSG00000087074	PPP1R15A	protein_coding	NA
ENSG00000087076	HSD17B14	protein_coding	NA
ENSG00000087077	TRIP6	protein_coding	NA
ENSG00000087086	FTL	protein_coding	NA
ENSG00000087087	SRRT	protein_coding	NA
ENSG00000087088	BAX	protein_coding	NA
ENSG00000087095	NLK	protein_coding	NA
ENSG00000087111	PIGS	protein_coding	NA
ENSG00000087152	ATXN7L3	protein_coding	NA
ENSG00000087157	PGS1	protein_coding	NA
ENSG00000087191	PSMC5	protein_coding	NA
ENSG00000087206	UIMC1	protein_coding	NA
ENSG00000087237	CETP	protein_coding	NA
ENSG00000087245	MMP2	protein_coding	NA
ENSG00000087253	LPCAT2	protein_coding	NA
ENSG00000087263	OGFOD1	protein_coding	NA
ENSG00000087266	SH3BP2	protein_coding	NA
ENSG00000087269	NOP14	protein_coding	NA
ENSG00000087274	ADD1	protein_coding	NA
ENSG00000087299	L2HGDH	protein_coding	NA
ENSG00000087301	TXNDC16	protein_coding	NA
ENSG00000087302	RTRAF	protein_coding	NA
ENSG00000087303	NID2	protein_coding	NA
ENSG00000087338	GMCL1	protein_coding	NA
ENSG00000087365	SF3B2	protein_coding	NA
ENSG00000087448	KLHL42	protein_coding	NA
ENSG00000087460	GNAS	protein_coding	NA
ENSG00000087470	DNM1L	protein_coding	NA
ENSG00000087494	PTHLH	protein_coding	NA
ENSG00000087502	ERGIC2	protein_coding	NA
ENSG00000087510	TFAP2C	protein_coding	NA
ENSG00000087586	AURKA	protein_coding	NA
ENSG00000087842	PIR	protein_coding	NA
ENSG00000087884	AAMDC	protein_coding	NA
ENSG00000087903	RFX2	protein_coding	NA
ENSG00000087995	METTL2A	protein_coding	NA
ENSG00000088002	SULT2B1	protein_coding	NA
ENSG00000088035	ALG6	protein_coding	NA
ENSG00000088038	CNOT3	protein_coding	NA
ENSG00000088179	PTPN4	protein_coding	NA
ENSG00000088205	DDX18	protein_coding	NA
ENSG00000088256	GNA11	protein_coding	NA
ENSG00000088280	ASAP3	protein_coding	NA
ENSG00000088298	EDEM2	protein_coding	NA
ENSG00000088320	REM1	protein_coding	NA
ENSG00000088325	TPX2	protein_coding	NA
ENSG00000088356	PDRG1	protein_coding	NA
ENSG00000088367	EPB41L1	protein_coding	NA
ENSG00000088386	SLC15A1	protein_coding	NA
ENSG00000088387	DOCK9	protein_coding	NA
ENSG00000088448	ANKRD10	protein_coding	NA
ENSG00000088451	TGDS	protein_coding	NA
ENSG00000088682	COQ9	protein_coding	NA
ENSG00000088726	TMEM40	protein_coding	NA
ENSG00000088727	KIF9	protein_coding	NA
ENSG00000088756	ARHGAP28	protein_coding	NA
ENSG00000088766	CRLS1	protein_coding	NA
ENSG00000088808	PPP1R13B	protein_coding	NA
ENSG00000088812	ATRN	protein_coding	NA
ENSG00000088827	SIGLEC1	protein_coding	NA
ENSG00000088832		protein_coding	NA
ENSG00000088833	NSFL1C	protein_coding	NA
ENSG00000088876	ZNF343	protein_coding	NA
ENSG00000088881	EBF4	protein_coding	NA
ENSG00000088882	CPXM1	protein_coding	NA
ENSG00000088888	MAVS	protein_coding	NA
ENSG00000088930	XRN2	protein_coding	NA
ENSG00000088970	KIZ	protein_coding	NA
ENSG00000088986	DYNLL1	protein_coding	NA
ENSG00000088992	TESC	protein_coding	NA
ENSG00000089006	SNX5	protein_coding	NA
ENSG00000089009	RPL6	protein_coding	NA
ENSG00000089022	MAPKAPK5	protein_coding	NA
ENSG00000089041	P2RX7	protein_coding	NA
ENSG00000089048	ESF1	protein_coding	NA
ENSG00000089050	RBBP9	protein_coding	NA
ENSG00000089053	ANAPC5	protein_coding	NA
ENSG00000089057	SLC23A2	protein_coding	NA
ENSG00000089060	SLC8B1	protein_coding	NA
ENSG00000089063	TMEM230	protein_coding	NA
ENSG00000089123	TASP1	protein_coding	NA
ENSG00000089127	OAS1	protein_coding	NA
ENSG00000089154	GCN1	protein_coding	NA
ENSG00000089157	RPLP0	protein_coding	NA
ENSG00000089159	PXN	protein_coding	NA
ENSG00000089163	SIRT4	protein_coding	NA
ENSG00000089177	KIF16B	protein_coding	NA
ENSG00000089195	TRMT6	protein_coding	NA
ENSG00000089199	CHGB	protein_coding	NA
ENSG00000089220	PEBP1	protein_coding	NA
ENSG00000089234	BRAP	protein_coding	NA
ENSG00000089248	ERP29	protein_coding	NA
ENSG00000089280	FUS	protein_coding	NA
ENSG00000089289	IGBP1	protein_coding	NA
ENSG00000089327	FXYD5	protein_coding	NA
ENSG00000089335	ZNF302	protein_coding	NA
ENSG00000089351	GRAMD1A	protein_coding	NA
ENSG00000089356	FXYD3	protein_coding	NA
ENSG00000089486	CDIP1	protein_coding	NA
ENSG00000089597	GANAB	protein_coding	NA
ENSG00000089682	RBM41	protein_coding	NA
ENSG00000089685	BIRC5	protein_coding	NA
ENSG00000089692	LAG3	protein_coding	NA
ENSG00000089693	MLF2	protein_coding	NA
ENSG00000089723	OTUB2	protein_coding	NA
ENSG00000089737	DDX24	protein_coding	NA
ENSG00000089775	ZBTB25	protein_coding	NA
ENSG00000089818	NECAP1	protein_coding	NA
ENSG00000089820	ARHGAP4	protein_coding	NA
ENSG00000089847	ANKRD24	protein_coding	NA
ENSG00000089876	DHX32	protein_coding	NA
ENSG00000089902	RCOR1	protein_coding	NA
ENSG00000089916	GPATCH2L	protein_coding	NA
ENSG00000090013	BLVRB	protein_coding	NA
ENSG00000090020	SLC9A1	protein_coding	NA
ENSG00000090054	SPTLC1	protein_coding	NA
ENSG00000090060	PAPOLA	protein_coding	NA
ENSG00000090061	CCNK	protein_coding	NA
ENSG00000090097	PCBP4	protein_coding	NA
ENSG00000090104	RGS1	protein_coding	NA
ENSG00000090238	YPEL3	protein_coding	NA
ENSG00000090263	MRPS33	protein_coding	NA
ENSG00000090266	NDUFB2	protein_coding	NA
ENSG00000090273	NUDC	protein_coding	NA
ENSG00000090316	MAEA	protein_coding	NA
ENSG00000090339	ICAM1	protein_coding	NA
ENSG00000090372	STRN4	protein_coding	NA
ENSG00000090382	LYZ	protein_coding	NA
ENSG00000090432	MUL1	protein_coding	NA
ENSG00000090470	PDCD7	protein_coding	NA
ENSG00000090487	SPG21	protein_coding	NA
ENSG00000090520	DNAJB11	protein_coding	NA
ENSG00000090530	P3H2	protein_coding	NA
ENSG00000090539	CHRD	protein_coding	NA
ENSG00000090554	FLT3LG	protein_coding	NA
ENSG00000090565	RAB11FIP3	protein_coding	NA
ENSG00000090581	GNPTG	protein_coding	NA
ENSG00000090612	ZNF268	protein_coding	NA
ENSG00000090615	GOLGA3	protein_coding	NA
ENSG00000090621	PABPC4	protein_coding	NA
ENSG00000090661	CERS4	protein_coding	NA
ENSG00000090674	MCOLN1	protein_coding	NA
ENSG00000090686	USP48	protein_coding	NA
ENSG00000090776	EFNB1	protein_coding	NA
ENSG00000090861	AARS1	protein_coding	NA
ENSG00000090863	GLG1	protein_coding	NA
ENSG00000090889	KIF4A	protein_coding	NA
ENSG00000090905	TNRC6A	protein_coding	NA
ENSG00000090971	NAT14	protein_coding	NA
ENSG00000090975	PITPNM2	protein_coding	NA
ENSG00000090989	EXOC1	protein_coding	NA
ENSG00000091009	RBM27	protein_coding	NA
ENSG00000091039	OSBPL8	protein_coding	NA
ENSG00000091073	DTX2	protein_coding	NA
ENSG00000091106	NLRC4	protein_coding	NA
ENSG00000091127	PUS7	protein_coding	NA
ENSG00000091128	LAMB4	protein_coding	NA
ENSG00000091129	NRCAM	protein_coding	NA
ENSG00000091136	LAMB1	protein_coding	NA
ENSG00000091140	DLD	protein_coding	NA
ENSG00000091157	WDR7	protein_coding	NA
ENSG00000091164	TXNL1	protein_coding	NA
ENSG00000091262	ABCC6	protein_coding	NA
ENSG00000091317	CMTM6	protein_coding	NA
ENSG00000091409	ITGA6	protein_coding	NA
ENSG00000091436	MAP3K20	protein_coding	NA
ENSG00000091483	FH	protein_coding	NA
ENSG00000091490	SEL1L3	protein_coding	NA
ENSG00000091527	CDV3	protein_coding	NA
ENSG00000091542	ALKBH5	protein_coding	NA
ENSG00000091640	SPAG7	protein_coding	NA
ENSG00000091651	ORC6	protein_coding	NA
ENSG00000091704	CPA1	protein_coding	NA
ENSG00000091732	ZC3HC1	protein_coding	NA
ENSG00000091879	ANGPT2	protein_coding	NA
ENSG00000091947	TMEM101	protein_coding	NA
ENSG00000091972	CD200	protein_coding	NA
ENSG00000091986	CCDC80	protein_coding	NA
ENSG00000092010	PSME1	protein_coding	NA
ENSG00000092020	PPP2R3C	protein_coding	NA
ENSG00000092036	HAUS4	protein_coding	NA
ENSG00000092068	SLC7A8	protein_coding	NA
ENSG00000092094	OSGEP	protein_coding	NA
ENSG00000092096	SLC22A17	protein_coding	NA
ENSG00000092098	RNF31	protein_coding	NA
ENSG00000092108	SCFD1	protein_coding	NA
ENSG00000092140	G2E3	protein_coding	NA
ENSG00000092148	HECTD1	protein_coding	NA
ENSG00000092199	HNRNPC	protein_coding	NA
ENSG00000092200	RPGRIP1	protein_coding	NA
ENSG00000092201	SUPT16H	protein_coding	NA
ENSG00000092203	TOX4	protein_coding	NA
ENSG00000092208	GEMIN2	protein_coding	NA
ENSG00000092330	TINF2	protein_coding	NA
ENSG00000092421	SEMA6A	protein_coding	NA
ENSG00000092439	TRPM7	protein_coding	NA
ENSG00000092470	WDR76	protein_coding	NA
ENSG00000092529	CAPN3	protein_coding	NA
ENSG00000092531	SNAP23	protein_coding	NA
ENSG00000092621	PHGDH	protein_coding	NA
ENSG00000092820	EZR	protein_coding	NA
ENSG00000092841	MYL6	protein_coding	NA
ENSG00000092853	CLSPN	protein_coding	NA
ENSG00000092871	RFFL	protein_coding	NA
ENSG00000092929	UNC13D	protein_coding	NA
ENSG00000092931	MFSD11	protein_coding	NA
ENSG00000092964	DPYSL2	protein_coding	NA
ENSG00000092969	TGFB2	protein_coding	NA
ENSG00000092978	GPATCH2	protein_coding	NA
ENSG00000093000	NUP50	protein_coding	NA
ENSG00000093009	CDC45	protein_coding	NA
ENSG00000093010	COMT	protein_coding	NA
ENSG00000093072	ADA2	protein_coding	NA
ENSG00000093144	ECHDC1	protein_coding	NA
ENSG00000093167	LRRFIP2	protein_coding	NA
ENSG00000093183	SEC22C	protein_coding	NA
ENSG00000093217	XYLB	protein_coding	NA
ENSG00000094631	HDAC6	protein_coding	NA
ENSG00000094804	CDC6	protein_coding	NA
ENSG00000094841	UPRT	protein_coding	NA
ENSG00000094880	CDC23	protein_coding	NA
ENSG00000094914	AAAS	protein_coding	NA
ENSG00000094916	CBX5	protein_coding	NA
ENSG00000094975	SUCO	protein_coding	NA
ENSG00000095002	MSH2	protein_coding	NA
ENSG00000095015	MAP3K1	protein_coding	NA
ENSG00000095059	DHPS	protein_coding	NA
ENSG00000095066	HOOK2	protein_coding	NA
ENSG00000095139	ARCN1	protein_coding	NA
ENSG00000095209	TMEM38B	protein_coding	NA
ENSG00000095261	PSMD5	protein_coding	NA
ENSG00000095303	PTGS1	protein_coding	NA
ENSG00000095319	NUP188	protein_coding	NA
ENSG00000095321	CRAT	protein_coding	NA
ENSG00000095370	SH2D3C	protein_coding	NA
ENSG00000095380	NANS	protein_coding	NA
ENSG00000095383	TBC1D2	protein_coding	NA
ENSG00000095485	CWF19L1	protein_coding	NA
ENSG00000095564	BTAF1	protein_coding	NA
ENSG00000095574	IKZF5	protein_coding	NA
ENSG00000095585	BLNK	protein_coding	NA
ENSG00000095596	CYP26A1	protein_coding	NA
ENSG00000095637	SORBS1	protein_coding	NA
ENSG00000095739	BAMBI	protein_coding	NA
ENSG00000095787	WAC	protein_coding	NA
ENSG00000095794	CREM	protein_coding	NA
ENSG00000095906	NUBP2	protein_coding	NA
ENSG00000095951	HIVEP1	protein_coding	NA
ENSG00000095970	TREM2	protein_coding	NA
ENSG00000096060	FKBP5	protein_coding	NA
ENSG00000096063	SRPK1	protein_coding	NA
ENSG00000096080	MRPS18A	protein_coding	NA
ENSG00000096088	PGC	protein_coding	NA
ENSG00000096092	TMEM14A	protein_coding	NA
ENSG00000096093	EFHC1	protein_coding	NA
ENSG00000096384	HSP90AB1	protein_coding	NA
ENSG00000096401	CDC5L	protein_coding	NA
ENSG00000096654	ZNF184	protein_coding	NA
ENSG00000096696	DSP	protein_coding	NA
ENSG00000096717	SIRT1	protein_coding	NA
ENSG00000096746	HNRNPH3	protein_coding	NA
ENSG00000096872	IFT74	protein_coding	NA
ENSG00000096968	JAK2	protein_coding	NA
ENSG00000096996	IL12RB1	protein_coding	NA
ENSG00000097007	ABL1	protein_coding	NA
ENSG00000097021	ACOT7	protein_coding	NA
ENSG00000097033	SH3GLB1	protein_coding	NA
ENSG00000097046	CDC7	protein_coding	NA
ENSG00000097096	SYDE2	protein_coding	NA
ENSG00000099139	PCSK5	protein_coding	NA
ENSG00000099194	SCD	protein_coding	NA
ENSG00000099203	TMED1	protein_coding	NA
ENSG00000099204	ABLIM1	protein_coding	NA
ENSG00000099246	RAB18	protein_coding	NA
ENSG00000099250	NRP1	protein_coding	NA
ENSG00000099256	PRTFDC1	protein_coding	NA
ENSG00000099260	PALMD	protein_coding	NA
ENSG00000099282	TSPAN15	protein_coding	NA
ENSG00000099284	MACROH2A2	protein_coding	NA
ENSG00000099290	WASHC2A	protein_coding	NA
ENSG00000099330	OCEL1	protein_coding	NA
ENSG00000099331	MYO9B	protein_coding	NA
ENSG00000099337	KCNK6	protein_coding	NA
ENSG00000099341	PSMD8	protein_coding	NA
ENSG00000099377	HSD3B7	protein_coding	NA
ENSG00000099381	SETD1A	protein_coding	NA
ENSG00000099385	BCL7C	protein_coding	NA
ENSG00000099622	CIRBP	protein_coding	NA
ENSG00000099624	ATP5F1D	protein_coding	NA
ENSG00000099783	HNRNPM	protein_coding	NA
ENSG00000099785	MARCHF2	protein_coding	NA
ENSG00000099795	NDUFB7	protein_coding	NA
ENSG00000099797	TECR	protein_coding	NA
ENSG00000099800	TIMM13	protein_coding	NA
ENSG00000099804	CDC34	protein_coding	NA
ENSG00000099810	MTAP	protein_coding	NA
ENSG00000099817	POLR2E	protein_coding	NA
ENSG00000099821	POLRMT	protein_coding	NA
ENSG00000099849	RASSF7	protein_coding	NA
ENSG00000099860	GADD45B	protein_coding	NA
ENSG00000099864	PALM	protein_coding	NA
ENSG00000099875	MKNK2	protein_coding	NA
ENSG00000099899	TRMT2A	protein_coding	NA
ENSG00000099901	RANBP1	protein_coding	NA
ENSG00000099910	KLHL22	protein_coding	NA
ENSG00000099917	MED15	protein_coding	NA
ENSG00000099940	SNAP29	protein_coding	NA
ENSG00000099942	CRKL	protein_coding	NA
ENSG00000099949	LZTR1	protein_coding	NA
ENSG00000099953	MMP11	protein_coding	NA
ENSG00000099954	CECR2	protein_coding	NA
ENSG00000099956	SMARCB1	protein_coding	NA
ENSG00000099958	DERL3	protein_coding	NA
ENSG00000099960	SLC7A4	protein_coding	NA
ENSG00000099968	BCL2L13	protein_coding	NA
ENSG00000099974	DDTL	protein_coding	NA
ENSG00000099977	DDT	protein_coding	NA
ENSG00000099991	CABIN1	protein_coding	NA
ENSG00000099992	TBC1D10A	protein_coding	NA
ENSG00000099994	SUSD2	protein_coding	NA
ENSG00000099995	SF3A1	protein_coding	NA
ENSG00000099998	GGT5	protein_coding	NA
ENSG00000100003	SEC14L2	protein_coding	NA
ENSG00000100014	SPECC1L	protein_coding	NA
ENSG00000100023	PPIL2	protein_coding	NA
ENSG00000100027	YPEL1	protein_coding	NA
ENSG00000100028	SNRPD3	protein_coding	NA
ENSG00000100029	PES1	protein_coding	NA
ENSG00000100030	MAPK1	protein_coding	NA
ENSG00000100031	GGT1	protein_coding	NA
ENSG00000100034	PPM1F	protein_coding	NA
ENSG00000100038	TOP3B	protein_coding	NA
ENSG00000100055	CYTH4	protein_coding	NA
ENSG00000100056	ESS2	protein_coding	NA
ENSG00000100058	CRYBB2P1	lncRNA	NA
ENSG00000100060	MFNG	protein_coding	NA
ENSG00000100075	SLC25A1	protein_coding	NA
ENSG00000100077	GRK3	protein_coding	NA
ENSG00000100079	LGALS2	protein_coding	NA
ENSG00000100083	GGA1	protein_coding	NA
ENSG00000100084	HIRA	protein_coding	NA
ENSG00000100097	LGALS1	protein_coding	NA
ENSG00000100099	HPS4	protein_coding	NA
ENSG00000100100	PIK3IP1	protein_coding	NA
ENSG00000100104	SRRD	protein_coding	NA
ENSG00000100105	PATZ1	protein_coding	NA
ENSG00000100106	TRIOBP	protein_coding	NA
ENSG00000100109	TFIP11	protein_coding	NA
ENSG00000100116	GCAT	protein_coding	NA
ENSG00000100121	GGTLC2	protein_coding	NA
ENSG00000100122	CRYBB1	protein_coding	NA
ENSG00000100129	EIF3L	protein_coding	NA
ENSG00000100138	SNU13	protein_coding	NA
ENSG00000100139	MICALL1	protein_coding	NA
ENSG00000100142	POLR2F	protein_coding	NA
ENSG00000100147	CCDC134	protein_coding	NA
ENSG00000100150	DEPDC5	protein_coding	NA
ENSG00000100151	PICK1	protein_coding	NA
ENSG00000100156	SLC16A8	protein_coding	NA
ENSG00000100162	CENPM	protein_coding	NA
ENSG00000100196	KDELR3	protein_coding	NA
ENSG00000100201	DDX17	protein_coding	NA
ENSG00000100206	DMC1	protein_coding	NA
ENSG00000100209	HSCB	protein_coding	NA
ENSG00000100211	CBY1	protein_coding	NA
ENSG00000100216	TOMM22	protein_coding	NA
ENSG00000100219	XBP1	protein_coding	NA
ENSG00000100220	RTCB	protein_coding	NA
ENSG00000100221	JOSD1	protein_coding	NA
ENSG00000100225	FBXO7	protein_coding	NA
ENSG00000100226	GTPBP1	protein_coding	NA
ENSG00000100227	POLDIP3	protein_coding	NA
ENSG00000100228	RAB36	protein_coding	NA
ENSG00000100234	TIMP3	protein_coding	NA
ENSG00000100239	PPP6R2	protein_coding	NA
ENSG00000100243	CYB5R3	protein_coding	NA
ENSG00000100246	DNAL4	protein_coding	NA
ENSG00000100258	LMF2	protein_coding	NA
ENSG00000100263	RHBDD3	protein_coding	NA
ENSG00000100266	PACSIN2	protein_coding	NA
ENSG00000100271	TTLL1	protein_coding	NA
ENSG00000100280	AP1B1	protein_coding	NA
ENSG00000100281	HMGXB4	protein_coding	NA
ENSG00000100284	TOM1	protein_coding	NA
ENSG00000100285	NEFH	protein_coding	NA
ENSG00000100288	CHKB	protein_coding	NA
ENSG00000100290	BIK	protein_coding	NA
ENSG00000100292	HMOX1	protein_coding	NA
ENSG00000100294	MCAT	protein_coding	NA
ENSG00000100296	THOC5	protein_coding	NA
ENSG00000100297	MCM5	protein_coding	NA
ENSG00000100298	APOBEC3H	protein_coding	NA
ENSG00000100299	ARSA	protein_coding	NA
ENSG00000100300	TSPO	protein_coding	NA
ENSG00000100304	TTLL12	protein_coding	NA
ENSG00000100311	PDGFB	protein_coding	NA
ENSG00000100316	RPL3	protein_coding	NA
ENSG00000100319	ZMAT5	protein_coding	NA
ENSG00000100320	RBFOX2	protein_coding	NA
ENSG00000100321	SYNGR1	protein_coding	NA
ENSG00000100324	TAB1	protein_coding	NA
ENSG00000100325	ASCC2	protein_coding	NA
ENSG00000100330	MTMR3	protein_coding	NA
ENSG00000100335	MIEF1	protein_coding	NA
ENSG00000100336	APOL4	protein_coding	NA
ENSG00000100342	APOL1	protein_coding	NA
ENSG00000100345	MYH9	protein_coding	NA
ENSG00000100347	SAMM50	protein_coding	NA
ENSG00000100348	TXN2	protein_coding	NA
ENSG00000100350	FOXRED2	protein_coding	NA
ENSG00000100353	EIF3D	protein_coding	NA
ENSG00000100354	TNRC6B	protein_coding	NA
ENSG00000100359	SGSM3	protein_coding	NA
ENSG00000100360	IFT27	protein_coding	NA
ENSG00000100362	PVALB	protein_coding	NA
ENSG00000100365	NCF4	protein_coding	NA
ENSG00000100368	CSF2RB	protein_coding	NA
ENSG00000100372	SLC25A17	protein_coding	NA
ENSG00000100376	FAM118A	protein_coding	NA
ENSG00000100379	KCTD17	protein_coding	NA
ENSG00000100380	ST13	protein_coding	NA
ENSG00000100387	RBX1	protein_coding	NA
ENSG00000100393	EP300	protein_coding	NA
ENSG00000100395	L3MBTL2	protein_coding	NA
ENSG00000100401	RANGAP1	protein_coding	NA
ENSG00000100410	PHF5A	protein_coding	NA
ENSG00000100412	ACO2	protein_coding	NA
ENSG00000100413	POLR3H	protein_coding	NA
ENSG00000100416	TRMU	protein_coding	NA
ENSG00000100417	PMM1	protein_coding	NA
ENSG00000100418	DESI1	protein_coding	NA
ENSG00000100425	BRD1	protein_coding	NA
ENSG00000100439	ABHD4	protein_coding	NA
ENSG00000100441	KHNYN	protein_coding	NA
ENSG00000100442	FKBP3	protein_coding	NA
ENSG00000100445	SDR39U1	protein_coding	NA
ENSG00000100448	CTSG	protein_coding	NA
ENSG00000100450	GZMH	protein_coding	NA
ENSG00000100453	GZMB	protein_coding	NA
ENSG00000100461	RBM23	protein_coding	NA
ENSG00000100462	PRMT5	protein_coding	NA
ENSG00000100473	COCH	protein_coding	NA
ENSG00000100478	AP4S1	protein_coding	NA
ENSG00000100479	POLE2	protein_coding	NA
ENSG00000100483	VCPKMT	protein_coding	NA
ENSG00000100485	SOS2	protein_coding	NA
ENSG00000100490	CDKL1	protein_coding	NA
ENSG00000100503	NIN	protein_coding	NA
ENSG00000100504	PYGL	protein_coding	NA
ENSG00000100519	PSMC6	protein_coding	NA
ENSG00000100522	GNPNAT1	protein_coding	NA
ENSG00000100523	DDHD1	protein_coding	NA
ENSG00000100526	CDKN3	protein_coding	NA
ENSG00000100528	CNIH1	protein_coding	NA
ENSG00000100532	CGRRF1	protein_coding	NA
ENSG00000100554	ATP6V1D	protein_coding	NA
ENSG00000100558	PLEK2	protein_coding	NA
ENSG00000100564	PIGH	protein_coding	NA
ENSG00000100567	PSMA3	protein_coding	NA
ENSG00000100568	VTI1B	protein_coding	NA
ENSG00000100575	TIMM9	protein_coding	NA
ENSG00000100577	GSTZ1	protein_coding	NA
ENSG00000100578	KIAA0586	protein_coding	NA
ENSG00000100591	AHSA1	protein_coding	NA
ENSG00000100592	DAAM1	protein_coding	NA
ENSG00000100593	ISM2	protein_coding	NA
ENSG00000100596	SPTLC2	protein_coding	NA
ENSG00000100599	RIN3	protein_coding	NA
ENSG00000100600	LGMN	protein_coding	NA
ENSG00000100601	ALKBH1	protein_coding	NA
ENSG00000100603	SNW1	protein_coding	NA
ENSG00000100612	DHRS7	protein_coding	NA
ENSG00000100614	PPM1A	protein_coding	NA
ENSG00000100628	ASB2	protein_coding	NA
ENSG00000100629	CEP128	protein_coding	NA
ENSG00000100632	ERH	protein_coding	NA
ENSG00000100644	HIF1A	protein_coding	NA
ENSG00000100647	SUSD6	protein_coding	NA
ENSG00000100650	SRSF5	protein_coding	NA
ENSG00000100664	EIF5	protein_coding	NA
ENSG00000100697	DICER1	protein_coding	NA
ENSG00000100711	ZFYVE21	protein_coding	NA
ENSG00000100714	MTHFD1	protein_coding	NA
ENSG00000100721	TCL1A	protein_coding	NA
ENSG00000100722	ZC3H14	protein_coding	NA
ENSG00000100726	TELO2	protein_coding	NA
ENSG00000100731	PCNX1	protein_coding	NA
ENSG00000100744	GSKIP	protein_coding	NA
ENSG00000100749	VRK1	protein_coding	NA
ENSG00000100764	PSMC1	protein_coding	NA
ENSG00000100784	RPS6KA5	protein_coding	NA
ENSG00000100796	PPP4R3A	protein_coding	NA
ENSG00000100802	C14orf93	protein_coding	NA
ENSG00000100804	PSMB5	protein_coding	NA
ENSG00000100811	YY1	protein_coding	NA
ENSG00000100813	ACIN1	protein_coding	NA
ENSG00000100814	CCNB1IP1	protein_coding	NA
ENSG00000100815	TRIP11	protein_coding	NA
ENSG00000100823	APEX1	protein_coding	NA
ENSG00000100836	PABPN1	protein_coding	NA
ENSG00000100842	EFS	protein_coding	NA
ENSG00000100852	ARHGAP5	protein_coding	NA
ENSG00000100865	CINP	protein_coding	NA
ENSG00000100867	DHRS2	protein_coding	NA
ENSG00000100883	SRP54	protein_coding	NA
ENSG00000100888	CHD8	protein_coding	NA
ENSG00000100889	PCK2	protein_coding	NA
ENSG00000100890	PRORP	protein_coding	NA
ENSG00000100897	DCAF11	protein_coding	NA
ENSG00000100902	PSMA6	protein_coding	NA
ENSG00000100906	NFKBIA	protein_coding	NA
ENSG00000100908	EMC9	protein_coding	NA
ENSG00000100911	PSME2	protein_coding	NA
ENSG00000100916	BRMS1L	protein_coding	NA
ENSG00000100918	REC8	protein_coding	NA
ENSG00000100926	TM9SF1	protein_coding	NA
ENSG00000100934	SEC23A	protein_coding	NA
ENSG00000100938	GMPR2	protein_coding	NA
ENSG00000100941	PNN	protein_coding	NA
ENSG00000100949	RABGGTA	protein_coding	NA
ENSG00000100968	NFATC4	protein_coding	NA
ENSG00000100979	PLTP	protein_coding	NA
ENSG00000100982	PCIF1	protein_coding	NA
ENSG00000100983	GSS	protein_coding	NA
ENSG00000100991	TRPC4AP	protein_coding	NA
ENSG00000100994	PYGB	protein_coding	NA
ENSG00000100997	ABHD12	protein_coding	NA
ENSG00000101000	PROCR	protein_coding	NA
ENSG00000101003	GINS1	protein_coding	NA
ENSG00000101017	CD40	protein_coding	NA
ENSG00000101019	UQCC1	protein_coding	NA
ENSG00000101040	ZMYND8	protein_coding	NA
ENSG00000101049	SGK2	protein_coding	NA
ENSG00000101052	IFT52	protein_coding	NA
ENSG00000101057	MYBL2	protein_coding	NA
ENSG00000101079	NDRG3	protein_coding	NA
ENSG00000101084	RAB5IF	protein_coding	NA
ENSG00000101104	PABPC1L	protein_coding	NA
ENSG00000101109	STK4	protein_coding	NA
ENSG00000101126	ADNP	protein_coding	NA
ENSG00000101132	PFDN4	protein_coding	NA
ENSG00000101134	DOK5	protein_coding	NA
ENSG00000101138	CSTF1	protein_coding	NA
ENSG00000101144	BMP7	protein_coding	NA
ENSG00000101146	RAE1	protein_coding	NA
ENSG00000101150	TPD52L2	protein_coding	NA
ENSG00000101152	DNAJC5	protein_coding	NA
ENSG00000101158	NELFCD	protein_coding	NA
ENSG00000101160	CTSZ	protein_coding	NA
ENSG00000101161	PRPF6	protein_coding	NA
ENSG00000101166	PRELID3B	protein_coding	NA
ENSG00000101181	MTG2	protein_coding	NA
ENSG00000101182	PSMA7	protein_coding	NA
ENSG00000101187	SLCO4A1	protein_coding	NA
ENSG00000101189	MRGBP	protein_coding	NA
ENSG00000101191	DIDO1	protein_coding	NA
ENSG00000101193	GID8	protein_coding	NA
ENSG00000101197	BIRC7	protein_coding	NA
ENSG00000101198	NKAIN4	protein_coding	NA
ENSG00000101199	ARFGAP1	protein_coding	NA
ENSG00000101220	ADISSP	protein_coding	NA
ENSG00000101224	CDC25B	protein_coding	NA
ENSG00000101230	ISM1	protein_coding	NA
ENSG00000101236	RNF24	protein_coding	NA
ENSG00000101246	ARFRP1	protein_coding	NA
ENSG00000101247	NDUFAF5	protein_coding	NA
ENSG00000101251	SEL1L2	protein_coding	NA
ENSG00000101255	TRIB3	protein_coding	NA
ENSG00000101265	RASSF2	protein_coding	NA
ENSG00000101266	CSNK2A1	protein_coding	NA
ENSG00000101276	SLC52A3	protein_coding	NA
ENSG00000101290	CDS2	protein_coding	NA
ENSG00000101294	HM13	protein_coding	NA
ENSG00000101310	SEC23B	protein_coding	NA
ENSG00000101335	MYL9	protein_coding	NA
ENSG00000101336	HCK	protein_coding	NA
ENSG00000101337	TM9SF4	protein_coding	NA
ENSG00000101343	CRNKL1	protein_coding	NA
ENSG00000101346	POFUT1	protein_coding	NA
ENSG00000101347	SAMHD1	protein_coding	NA
ENSG00000101361	NOP56	protein_coding	NA
ENSG00000101363	MANBAL	protein_coding	NA
ENSG00000101365	IDH3B	protein_coding	NA
ENSG00000101367	MAPRE1	protein_coding	NA
ENSG00000101384	JAG1	protein_coding	NA
ENSG00000101391	CDK5RAP1	protein_coding	NA
ENSG00000101407	TTI1	protein_coding	NA
ENSG00000101413	RPRD1B	protein_coding	NA
ENSG00000101417	PXMP4	protein_coding	NA
ENSG00000101421	CHMP4B	protein_coding	NA
ENSG00000101439	CST3	protein_coding	NA
ENSG00000101441	CST4	protein_coding	NA
ENSG00000101442	ACTR5	protein_coding	NA
ENSG00000101443	WFDC2	protein_coding	NA
ENSG00000101444	AHCY	protein_coding	NA
ENSG00000101447	FAM83D	protein_coding	NA
ENSG00000101452	DHX35	protein_coding	NA
ENSG00000101457	DNTTIP1	protein_coding	NA
ENSG00000101460	MAP1LC3A	protein_coding	NA
ENSG00000101464	PIGU	protein_coding	NA
ENSG00000101470	TNNC2	protein_coding	NA
ENSG00000101473	ACOT8	protein_coding	NA
ENSG00000101474	APMAP	protein_coding	NA
ENSG00000101546	RBFA	protein_coding	NA
ENSG00000101557	USP14	protein_coding	NA
ENSG00000101558	VAPA	protein_coding	NA
ENSG00000101574	METTL4	protein_coding	NA
ENSG00000101577	LPIN2	protein_coding	NA
ENSG00000101596	SMCHD1	protein_coding	NA
ENSG00000101605	MYOM1	protein_coding	NA
ENSG00000101608	MYL12A	protein_coding	NA
ENSG00000101624	CEP76	protein_coding	NA
ENSG00000101639	CEP192	protein_coding	NA
ENSG00000101654	RNMT	protein_coding	NA
ENSG00000101665	SMAD7	protein_coding	NA
ENSG00000101670	LIPG	protein_coding	NA
ENSG00000101680	LAMA1	protein_coding	NA
ENSG00000101695	RNF125	protein_coding	NA
ENSG00000101745	ANKRD12	protein_coding	NA
ENSG00000101751	POLI	protein_coding	NA
ENSG00000101752	MIB1	protein_coding	NA
ENSG00000101773	RBBP8	protein_coding	NA
ENSG00000101782	RIOK3	protein_coding	NA
ENSG00000101811	CSTF2	protein_coding	NA
ENSG00000101843	PSMD10	protein_coding	NA
ENSG00000101844	ATG4A	protein_coding	NA
ENSG00000101846	STS	protein_coding	NA
ENSG00000101849	TBL1X	protein_coding	NA
ENSG00000101850	GPR143	protein_coding	NA
ENSG00000101856	PGRMC1	protein_coding	NA
ENSG00000101868	POLA1	protein_coding	NA
ENSG00000101871	MID1	protein_coding	NA
ENSG00000101882	NKAP	protein_coding	NA
ENSG00000101888	NXT2	protein_coding	NA
ENSG00000101901	ALG13	protein_coding	NA
ENSG00000101911	PRPS2	protein_coding	NA
ENSG00000101916	TLR8	protein_coding	NA
ENSG00000101928	MOSPD1	protein_coding	NA
ENSG00000101935	AMMECR1	protein_coding	NA
ENSG00000101938	CHRDL1	protein_coding	NA
ENSG00000101940	WDR13	protein_coding	NA
ENSG00000101945	SUV39H1	protein_coding	NA
ENSG00000101951	PAGE4	protein_coding	NA
ENSG00000101955	SRPX	protein_coding	NA
ENSG00000101966	XIAP	protein_coding	NA
ENSG00000101972	STAG2	protein_coding	NA
ENSG00000101974	ATP11C	protein_coding	NA
ENSG00000101986	ABCD1	protein_coding	NA
ENSG00000101997	CCDC22	protein_coding	NA
ENSG00000102007	PLP2	protein_coding	NA
ENSG00000102010	BMX	protein_coding	NA
ENSG00000102024	PLS3	protein_coding	NA
ENSG00000102030	NAA10	protein_coding	NA
ENSG00000102038	SMARCA1	protein_coding	NA
ENSG00000102048	ASB9	protein_coding	NA
ENSG00000102054	RBBP7	protein_coding	NA
ENSG00000102078	SLC25A14	protein_coding	NA
ENSG00000102081	FMR1	protein_coding	NA
ENSG00000102096	PIM2	protein_coding	NA
ENSG00000102098	SCML2	protein_coding	NA
ENSG00000102100	SLC35A2	protein_coding	NA
ENSG00000102103	PQBP1	protein_coding	NA
ENSG00000102104	RS1	protein_coding	NA
ENSG00000102119	EMD	protein_coding	NA
ENSG00000102125	TAFAZZIN	protein_coding	NA
ENSG00000102144	PGK1	protein_coding	NA
ENSG00000102145	GATA1	protein_coding	NA
ENSG00000102158	MAGT1	protein_coding	NA
ENSG00000102172	SMS	protein_coding	NA
ENSG00000102178	UBL4A	protein_coding	NA
ENSG00000102181	CD99L2	protein_coding	NA
ENSG00000102189	EEA1	protein_coding	NA
ENSG00000102218	RP2	protein_coding	NA
ENSG00000102221	JADE3	protein_coding	NA
ENSG00000102225	CDK16	protein_coding	NA
ENSG00000102226	USP11	protein_coding	NA
ENSG00000102241	HTATSF1	protein_coding	NA
ENSG00000102243	VGLL1	protein_coding	NA
ENSG00000102265	TIMP1	protein_coding	NA
ENSG00000102287	GABRE	protein_coding	NA
ENSG00000102290	PCDH11X	protein_coding	NA
ENSG00000102309	PIN4	protein_coding	NA
ENSG00000102312	PORCN	protein_coding	NA
ENSG00000102316	MAGED2	protein_coding	NA
ENSG00000102317	RBM3	protein_coding	NA
ENSG00000102349	KLF8	protein_coding	NA
ENSG00000102359	SRPX2	protein_coding	NA
ENSG00000102362	SYTL4	protein_coding	NA
ENSG00000102384	CENPI	protein_coding	NA
ENSG00000102387	TAF7L	protein_coding	NA
ENSG00000102390	PBDC1	protein_coding	NA
ENSG00000102393	GLA	protein_coding	NA
ENSG00000102401	ARMCX3	protein_coding	NA
ENSG00000102409	BEX4	protein_coding	NA
ENSG00000102471	NDFIP2	protein_coding	NA
ENSG00000102524	TNFSF13B	protein_coding	NA
ENSG00000102531	FNDC3A	protein_coding	NA
ENSG00000102543	CDADC1	protein_coding	NA
ENSG00000102547	CAB39L	protein_coding	NA
ENSG00000102554	KLF5	protein_coding	NA
ENSG00000102572	STK24	protein_coding	NA
ENSG00000102575	ACP5	protein_coding	NA
ENSG00000102580	DNAJC3	protein_coding	NA
ENSG00000102595	UGGT2	protein_coding	NA
ENSG00000102606	ARHGEF7	protein_coding	NA
ENSG00000102699	PARP4	protein_coding	NA
ENSG00000102710	SUPT20H	protein_coding	NA
ENSG00000102738	MRPS31	protein_coding	NA
ENSG00000102753	KPNA3	protein_coding	NA
ENSG00000102755	FLT1	protein_coding	NA
ENSG00000102760	RGCC	protein_coding	NA
ENSG00000102763	VWA8	protein_coding	NA
ENSG00000102781	KATNAL1	protein_coding	NA
ENSG00000102786	INTS6	protein_coding	NA
ENSG00000102796	DHRS12	protein_coding	NA
ENSG00000102804	TSC22D1	protein_coding	NA
ENSG00000102805	CLN5	protein_coding	NA
ENSG00000102854	MSLN	protein_coding	NA
ENSG00000102879	CORO1A	protein_coding	NA
ENSG00000102882	MAPK3	protein_coding	NA
ENSG00000102886	GDPD3	protein_coding	NA
ENSG00000102890	ELMO3	protein_coding	NA
ENSG00000102893	PHKB	protein_coding	NA
ENSG00000102897	LYRM1	protein_coding	NA
ENSG00000102898	NUTF2	protein_coding	NA
ENSG00000102900	NUP93	protein_coding	NA
ENSG00000102901	CENPT	protein_coding	NA
ENSG00000102908	NFAT5	protein_coding	NA
ENSG00000102910	LONP2	protein_coding	NA
ENSG00000102921	N4BP1	protein_coding	NA
ENSG00000102931	ARL2BP	protein_coding	NA
ENSG00000102934	PLLP	protein_coding	NA
ENSG00000102967	DHODH	protein_coding	NA
ENSG00000102974	CTCF	protein_coding	NA
ENSG00000102977	ACD	protein_coding	NA
ENSG00000102978	POLR2C	protein_coding	NA
ENSG00000102981	PARD6A	protein_coding	NA
ENSG00000103005	USB1	protein_coding	NA
ENSG00000103018	CYB5B	protein_coding	NA
ENSG00000103021	CCDC113	protein_coding	NA
ENSG00000103024	NME3	protein_coding	NA
ENSG00000103035	PSMD7	protein_coding	NA
ENSG00000103037	SETD6	protein_coding	NA
ENSG00000103042	SLC38A7	protein_coding	NA
ENSG00000103043	VAC14	protein_coding	NA
ENSG00000103047	TANGO6	protein_coding	NA
ENSG00000103051	COG4	protein_coding	NA
ENSG00000103061	SLC7A6OS	protein_coding	NA
ENSG00000103064	SLC7A6	protein_coding	NA
ENSG00000103066	PLA2G15	protein_coding	NA
ENSG00000103067	ESRP2	protein_coding	NA
ENSG00000103091	WDR59	protein_coding	NA
ENSG00000103111	MON1B	protein_coding	NA
ENSG00000103121	CMC2	protein_coding	NA
ENSG00000103145	HCFC1R1	protein_coding	NA
ENSG00000103148	NPRL3	protein_coding	NA
ENSG00000103150	MLYCD	protein_coding	NA
ENSG00000103152	MPG	protein_coding	NA
ENSG00000103160	HSDL1	protein_coding	NA
ENSG00000103175	WFDC1	protein_coding	NA
ENSG00000103187	COTL1	protein_coding	NA
ENSG00000103194	USP10	protein_coding	NA
ENSG00000103196	CRISPLD2	protein_coding	NA
ENSG00000103197	TSC2	protein_coding	NA
ENSG00000103199	ZNF500	protein_coding	NA
ENSG00000103202	NME4	protein_coding	NA
ENSG00000103226	NOMO3	protein_coding	NA
ENSG00000103227	LMF1	protein_coding	NA
ENSG00000103245	CIAO3	protein_coding	NA
ENSG00000103248	MTHFSD	protein_coding	NA
ENSG00000103249	CLCN7	protein_coding	NA
ENSG00000103254	ANTKMT	protein_coding	NA
ENSG00000103257	SLC7A5	protein_coding	NA
ENSG00000103266	STUB1	protein_coding	NA
ENSG00000103274	NUBP1	protein_coding	NA
ENSG00000103275	UBE2I	protein_coding	NA
ENSG00000103316	CRYM	protein_coding	NA
ENSG00000103335	PIEZO1	protein_coding	NA
ENSG00000103342	GSPT1	protein_coding	NA
ENSG00000103343	ZNF174	protein_coding	NA
ENSG00000103351	CLUAP1	protein_coding	NA
ENSG00000103353	UBFD1	protein_coding	NA
ENSG00000103356	EARS2	protein_coding	NA
ENSG00000103363	ELOB	protein_coding	NA
ENSG00000103365	GGA2	protein_coding	NA
ENSG00000103381	CPPED1	protein_coding	NA
ENSG00000103415	HMOX2	protein_coding	NA
ENSG00000103423	DNAJA3	protein_coding	NA
ENSG00000103429	BFAR	protein_coding	NA
ENSG00000103479	RBL2	protein_coding	NA
ENSG00000103485	QPRT	protein_coding	NA
ENSG00000103490	PYCARD	protein_coding	NA
ENSG00000103494	RPGRIP1L	protein_coding	NA
ENSG00000103495	MAZ	protein_coding	NA
ENSG00000103496	STX4	protein_coding	NA
ENSG00000103502	CDIPT	protein_coding	NA
ENSG00000103507	BCKDK	protein_coding	NA
ENSG00000103510	KAT8	protein_coding	NA
ENSG00000103512	NOMO1	protein_coding	NA
ENSG00000103528	SYT17	protein_coding	NA
ENSG00000103534	TMC5	protein_coding	NA
ENSG00000103540	CCP110	protein_coding	NA
ENSG00000103544	VPS35L	protein_coding	NA
ENSG00000103546	SLC6A2	protein_coding	NA
ENSG00000103549	RNF40	protein_coding	NA
ENSG00000103550	KNOP1	protein_coding	NA
ENSG00000103569	AQP9	protein_coding	NA
ENSG00000103591	AAGAB	protein_coding	NA
ENSG00000103642	LACTB	protein_coding	NA
ENSG00000103653	CSK	protein_coding	NA
ENSG00000103657	HERC1	protein_coding	NA
ENSG00000103671	TRIP4	protein_coding	NA
ENSG00000103707	MTFMT	protein_coding	NA
ENSG00000103769	RAB11A	protein_coding	NA
ENSG00000103811	CTSH	protein_coding	NA
ENSG00000103852	TTC23	protein_coding	NA
ENSG00000103855	CD276	protein_coding	NA
ENSG00000103876	FAH	protein_coding	NA
ENSG00000103932	RPAP1	protein_coding	NA
ENSG00000103966	EHD4	protein_coding	NA
ENSG00000103978	TMEM87A	protein_coding	NA
ENSG00000103994	ZNF106	protein_coding	NA
ENSG00000103995	CEP152	protein_coding	NA
ENSG00000104043	ATP8B4	protein_coding	NA
ENSG00000104047	DTWD1	protein_coding	NA
ENSG00000104064	GABPB1	protein_coding	NA
ENSG00000104067	TJP1	protein_coding	NA
ENSG00000104081	BMF	protein_coding	NA
ENSG00000104093	DMXL2	protein_coding	NA
ENSG00000104129	DNAJC17	protein_coding	NA
ENSG00000104131	EIF3J	protein_coding	NA
ENSG00000104133	SPG11	protein_coding	NA
ENSG00000104140	RHOV	protein_coding	NA
ENSG00000104142	VPS18	protein_coding	NA
ENSG00000104147	OIP5	protein_coding	NA
ENSG00000104164	BLOC1S6	protein_coding	NA
ENSG00000104205	SGK3	protein_coding	NA
ENSG00000104213	PDGFRL	protein_coding	NA
ENSG00000104218	CSPP1	protein_coding	NA
ENSG00000104219	ZDHHC2	protein_coding	NA
ENSG00000104221	BRF2	protein_coding	NA
ENSG00000104228	TRIM35	protein_coding	NA
ENSG00000104231	ZFAND1	protein_coding	NA
ENSG00000104237	RP1	protein_coding	NA
ENSG00000104267	CA2	protein_coding	NA
ENSG00000104299	INTS9	protein_coding	NA
ENSG00000104312	RIPK2	protein_coding	NA
ENSG00000104320	NBN	protein_coding	NA
ENSG00000104324	CPQ	protein_coding	NA
ENSG00000104325	DECR1	protein_coding	NA
ENSG00000104331	BPNT2	protein_coding	NA
ENSG00000104332	SFRP1	protein_coding	NA
ENSG00000104341	LAPTM4B	protein_coding	NA
ENSG00000104343	UBE2W	protein_coding	NA
ENSG00000104356	POP1	protein_coding	NA
ENSG00000104365	IKBKB	protein_coding	NA
ENSG00000104368	PLAT	protein_coding	NA
ENSG00000104375	STK3	protein_coding	NA
ENSG00000104381	GDAP1	protein_coding	NA
ENSG00000104388	RAB2A	protein_coding	NA
ENSG00000104408	EIF3E	protein_coding	NA
ENSG00000104412	EMC2	protein_coding	NA
ENSG00000104413	ESRP1	protein_coding	NA
ENSG00000104419	NDRG1	protein_coding	NA
ENSG00000104427	ZC2HC1A	protein_coding	NA
ENSG00000104442	ARMC1	protein_coding	NA
ENSG00000104472	CHRAC1	protein_coding	NA
ENSG00000104497	SNX16	protein_coding	NA
ENSG00000104517	UBR5	protein_coding	NA
ENSG00000104518	GSDMD	protein_coding	NA
ENSG00000104522	GFUS	protein_coding	NA
ENSG00000104529	EEF1D	protein_coding	NA
ENSG00000104549	SQLE	protein_coding	NA
ENSG00000104611	SH2D4A	protein_coding	NA
ENSG00000104613	INTS10	protein_coding	NA
ENSG00000104626	ERI1	protein_coding	NA
ENSG00000104635	SLC39A14	protein_coding	NA
ENSG00000104643	MTMR9	protein_coding	NA
ENSG00000104660	LEPROTL1	protein_coding	NA
ENSG00000104671	DCTN6	protein_coding	NA
ENSG00000104679	R3HCC1	protein_coding	NA
ENSG00000104687	GSR	protein_coding	NA
ENSG00000104689	TNFRSF10A	protein_coding	NA
ENSG00000104691	UBXN8	protein_coding	NA
ENSG00000104695	PPP2CB	protein_coding	NA
ENSG00000104714	ERICH1	protein_coding	NA
ENSG00000104723	TUSC3	protein_coding	NA
ENSG00000104728	ARHGEF10	protein_coding	NA
ENSG00000104731	KLHDC4	protein_coding	NA
ENSG00000104738	MCM4	protein_coding	NA
ENSG00000104760	FGL1	protein_coding	NA
ENSG00000104763	ASAH1	protein_coding	NA
ENSG00000104765	BNIP3L	protein_coding	NA
ENSG00000104774	MAN2B1	protein_coding	NA
ENSG00000104783	KCNN4	protein_coding	NA
ENSG00000104805	NUCB1	protein_coding	NA
ENSG00000104808	DHDH	protein_coding	NA
ENSG00000104812	GYS1	protein_coding	NA
ENSG00000104814	MAP4K1	protein_coding	NA
ENSG00000104818	CGB2	protein_coding	NA
ENSG00000104823	ECH1	protein_coding	NA
ENSG00000104824	HNRNPL	protein_coding	NA
ENSG00000104825	NFKBIB	protein_coding	NA
ENSG00000104826	LHB	protein_coding	NA
ENSG00000104827	CGB3	protein_coding	NA
ENSG00000104835	SARS2	protein_coding	NA
ENSG00000104852	SNRNP70	protein_coding	NA
ENSG00000104853	CLPTM1	protein_coding	NA
ENSG00000104859	CLASRP	protein_coding	NA
ENSG00000104863	LIN7B	protein_coding	NA
ENSG00000104870	FCGRT	protein_coding	NA
ENSG00000104872	PIH1D1	protein_coding	NA
ENSG00000104881	PPP1R13L	protein_coding	NA
ENSG00000104883	PEX11G	protein_coding	NA
ENSG00000104884	ERCC2	protein_coding	NA
ENSG00000104885	DOT1L	protein_coding	NA
ENSG00000104886	PLEKHJ1	protein_coding	NA
ENSG00000104889	RNASEH2A	protein_coding	NA
ENSG00000104894	CD37	protein_coding	NA
ENSG00000104897	SF3A2	protein_coding	NA
ENSG00000104903	LYL1	protein_coding	NA
ENSG00000104904	OAZ1	protein_coding	NA
ENSG00000104907	TRMT1	protein_coding	NA
ENSG00000104915	STX10	protein_coding	NA
ENSG00000104918	RETN	protein_coding	NA
ENSG00000104938	CLEC4M	protein_coding	NA
ENSG00000104946	TBC1D17	protein_coding	NA
ENSG00000104951	IL4I1	protein_coding	NA
ENSG00000104953	TLE6	protein_coding	NA
ENSG00000104957	YJU2B	protein_coding	NA
ENSG00000104960	PTOV1	protein_coding	NA
ENSG00000104964	TLE5	protein_coding	NA
ENSG00000104969	SGTA	protein_coding	NA
ENSG00000104972	LILRB1	protein_coding	NA
ENSG00000104973	MED25	protein_coding	NA
ENSG00000104976	SNAPC2	protein_coding	NA
ENSG00000104979	C19orf53	protein_coding	NA
ENSG00000104980	TIMM44	protein_coding	NA
ENSG00000104983	CCDC61	protein_coding	NA
ENSG00000104998	IL27RA	protein_coding	NA
ENSG00000105011	ASF1B	protein_coding	NA
ENSG00000105048	TNNT1	protein_coding	NA
ENSG00000105053	VRK3	protein_coding	NA
ENSG00000105058	FAM32A	protein_coding	NA
ENSG00000105063	PPP6R1	protein_coding	NA
ENSG00000105088	OLFM2	protein_coding	NA
ENSG00000105127	AKAP8	protein_coding	NA
ENSG00000105131	EPHX3	protein_coding	NA
ENSG00000105135	ILVBL	protein_coding	NA
ENSG00000105136	ZNF419	protein_coding	NA
ENSG00000105137	SYDE1	protein_coding	NA
ENSG00000105143	SLC1A6	protein_coding	NA
ENSG00000105146	AURKC	protein_coding	NA
ENSG00000105171	POP4	protein_coding	NA
ENSG00000105173	CCNE1	protein_coding	NA
ENSG00000105176	URI1	protein_coding	NA
ENSG00000105185	PDCD5	protein_coding	NA
ENSG00000105186	ANKRD27	protein_coding	NA
ENSG00000105193	RPS16	protein_coding	NA
ENSG00000105197	TIMM50	protein_coding	NA
ENSG00000105198	LGALS13	protein_coding	NA
ENSG00000105202	FBL	protein_coding	NA
ENSG00000105204	DYRK1B	protein_coding	NA
ENSG00000105205	CLC	protein_coding	NA
ENSG00000105219	CCNP	protein_coding	NA
ENSG00000105220	GPI	protein_coding	NA
ENSG00000105221	AKT2	protein_coding	NA
ENSG00000105223	PLD3	protein_coding	NA
ENSG00000105229	PIAS4	protein_coding	NA
ENSG00000105246	EBI3	protein_coding	NA
ENSG00000105248	YJU2	protein_coding	NA
ENSG00000105251	SHD	protein_coding	NA
ENSG00000105254	TBCB	protein_coding	NA
ENSG00000105258	POLR2I	protein_coding	NA
ENSG00000105270	CLIP3	protein_coding	NA
ENSG00000105281	SLC1A5	protein_coding	NA
ENSG00000105287	PRKD2	protein_coding	NA
ENSG00000105289	TJP3	protein_coding	NA
ENSG00000105321	CCDC9	protein_coding	NA
ENSG00000105323	HNRNPUL1	protein_coding	NA
ENSG00000105325	FZR1	protein_coding	NA
ENSG00000105329	TGFB1	protein_coding	NA
ENSG00000105339	DENND3	protein_coding	NA
ENSG00000105341	DMAC2	protein_coding	NA
ENSG00000105355	PLIN3	protein_coding	NA
ENSG00000105364	MRPL4	protein_coding	NA
ENSG00000105369	CD79A	protein_coding	NA
ENSG00000105371	ICAM4	protein_coding	NA
ENSG00000105372	RPS19	protein_coding	NA
ENSG00000105373	NOP53	protein_coding	NA
ENSG00000105374	NKG7	protein_coding	NA
ENSG00000105379	ETFB	protein_coding	NA
ENSG00000105383	CD33	protein_coding	NA
ENSG00000105393	BABAM1	protein_coding	NA
ENSG00000105397	TYK2	protein_coding	NA
ENSG00000105401	CDC37	protein_coding	NA
ENSG00000105402	NAPA	protein_coding	NA
ENSG00000105404	RABAC1	protein_coding	NA
ENSG00000105419	MEIS3	protein_coding	NA
ENSG00000105426	PTPRS	protein_coding	NA
ENSG00000105427	CNFN	protein_coding	NA
ENSG00000105438	KDELR1	protein_coding	NA
ENSG00000105443	CYTH2	protein_coding	NA
ENSG00000105447	GRWD1	protein_coding	NA
ENSG00000105472	CLEC11A	protein_coding	NA
ENSG00000105483	CARD8	protein_coding	NA
ENSG00000105486	LIG1	protein_coding	NA
ENSG00000105492	SIGLEC6	protein_coding	NA
ENSG00000105499	PLA2G4C	protein_coding	NA
ENSG00000105514	RAB3D	protein_coding	NA
ENSG00000105516	DBP	protein_coding	NA
ENSG00000105518	TMEM205	protein_coding	NA
ENSG00000105519	CAPS	protein_coding	NA
ENSG00000105538	RASIP1	protein_coding	NA
ENSG00000105552	BCAT2	protein_coding	NA
ENSG00000105556	MIER2	protein_coding	NA
ENSG00000105568	PPP2R1A	protein_coding	NA
ENSG00000105583	WDR83OS	protein_coding	NA
ENSG00000105607	GCDH	protein_coding	NA
ENSG00000105609	LILRB5	protein_coding	NA
ENSG00000105612	DNASE2	protein_coding	NA
ENSG00000105617	LENG1	protein_coding	NA
ENSG00000105618	PRPF31	protein_coding	NA
ENSG00000105619	TFPT	protein_coding	NA
ENSG00000105640	RPL18A	protein_coding	NA
ENSG00000105649	RAB3A	protein_coding	NA
ENSG00000105655	ISYNA1	protein_coding	NA
ENSG00000105656	ELL	protein_coding	NA
ENSG00000105669	COPE	protein_coding	NA
ENSG00000105671	DDX49	protein_coding	NA
ENSG00000105672	ETV2	protein_coding	NA
ENSG00000105676	ARMC6	protein_coding	NA
ENSG00000105677	TMEM147	protein_coding	NA
ENSG00000105679	GAPDHS	protein_coding	NA
ENSG00000105696	TMEM59L	protein_coding	NA
ENSG00000105697	HAMP	protein_coding	NA
ENSG00000105698	USF2	protein_coding	NA
ENSG00000105699	LSR	protein_coding	NA
ENSG00000105700	KXD1	protein_coding	NA
ENSG00000105701	FKBP8	protein_coding	NA
ENSG00000105705	SUGP1	protein_coding	NA
ENSG00000105708	ZNF14	protein_coding	NA
ENSG00000105723	GSK3A	protein_coding	NA
ENSG00000105726	ATP13A1	protein_coding	NA
ENSG00000105732	ZNF574	protein_coding	NA
ENSG00000105750	ZNF85	protein_coding	NA
ENSG00000105755	ETHE1	protein_coding	NA
ENSG00000105771	SMG9	protein_coding	NA
ENSG00000105778	AVL9	protein_coding	NA
ENSG00000105793	GTPBP10	protein_coding	NA
ENSG00000105808	RASA4	protein_coding	NA
ENSG00000105810	CDK6	protein_coding	NA
ENSG00000105819	PMPCB	protein_coding	NA
ENSG00000105821	DNAJC2	protein_coding	NA
ENSG00000105825	TFPI2	protein_coding	NA
ENSG00000105829	BET1	protein_coding	NA
ENSG00000105835	NAMPT	protein_coding	NA
ENSG00000105849	POLR1F	protein_coding	NA
ENSG00000105852	PON3	protein_coding	NA
ENSG00000105854	PON2	protein_coding	NA
ENSG00000105855	ITGB8	protein_coding	NA
ENSG00000105856	HBP1	protein_coding	NA
ENSG00000105865	DUS4L	protein_coding	NA
ENSG00000105875	WDR91	protein_coding	NA
ENSG00000105877	DNAH11	protein_coding	NA
ENSG00000105879	CBLL1	protein_coding	NA
ENSG00000105880	DLX5	protein_coding	NA
ENSG00000105887	MTPN	protein_coding	NA
ENSG00000105889	STEAP1B	protein_coding	NA
ENSG00000105894	PTN	protein_coding	NA
ENSG00000105926	PALS2	protein_coding	NA
ENSG00000105928	GSDME	protein_coding	NA
ENSG00000105929	ATP6V0A4	protein_coding	NA
ENSG00000105939	ZC3HAV1	protein_coding	NA
ENSG00000105948	IFT56	protein_coding	NA
ENSG00000105953	OGDH	protein_coding	NA
ENSG00000105967	TFEC	protein_coding	NA
ENSG00000105968	H2AZ2	protein_coding	NA
ENSG00000105971	CAV2	protein_coding	NA
ENSG00000105974	CAV1	protein_coding	NA
ENSG00000105976	MET	protein_coding	NA
ENSG00000105982	RNF32	protein_coding	NA
ENSG00000105989	WNT2	protein_coding	NA
ENSG00000105993	DNAJB6	protein_coding	NA
ENSG00000106009	BRAT1	protein_coding	NA
ENSG00000106012	IQCE	protein_coding	NA
ENSG00000106025	TSPAN12	protein_coding	NA
ENSG00000106028	SSBP1	protein_coding	NA
ENSG00000106031	HOXA13	protein_coding	NA
ENSG00000106034	CPED1	protein_coding	NA
ENSG00000106049	HIBADH	protein_coding	NA
ENSG00000106052	TAX1BP1	protein_coding	NA
ENSG00000106066	CPVL	protein_coding	NA
ENSG00000106069	CHN2	protein_coding	NA
ENSG00000106070	GRB10	protein_coding	NA
ENSG00000106077	ABHD11	protein_coding	NA
ENSG00000106078	COBL	protein_coding	NA
ENSG00000106080	FKBP14	protein_coding	NA
ENSG00000106086	PLEKHA8	protein_coding	NA
ENSG00000106100	NOD1	protein_coding	NA
ENSG00000106105	GARS1	protein_coding	NA
ENSG00000106123	EPHB6	protein_coding	NA
ENSG00000106125	MINDY4	protein_coding	NA
ENSG00000106144	CASP2	protein_coding	NA
ENSG00000106153	CHCHD2	protein_coding	NA
ENSG00000106211	HSPB1	protein_coding	NA
ENSG00000106244	PDAP1	protein_coding	NA
ENSG00000106245	BUD31	protein_coding	NA
ENSG00000106246	PTCD1	protein_coding	NA
ENSG00000106258	CYP3A5	protein_coding	NA
ENSG00000106261	ZKSCAN1	protein_coding	NA
ENSG00000106263	EIF3B	protein_coding	NA
ENSG00000106266	SNX8	protein_coding	NA
ENSG00000106268	NUDT1	protein_coding	NA
ENSG00000106290	TAF6	protein_coding	NA
ENSG00000106299	WASL	protein_coding	NA
ENSG00000106302	HYAL4	protein_coding	NA
ENSG00000106305	AIMP2	protein_coding	NA
ENSG00000106330	MOSPD3	protein_coding	NA
ENSG00000106333	PCOLCE	protein_coding	NA
ENSG00000106344	RBM28	protein_coding	NA
ENSG00000106346	USP42	protein_coding	NA
ENSG00000106351	AGFG2	protein_coding	NA
ENSG00000106355	LSM5	protein_coding	NA
ENSG00000106366	SERPINE1	protein_coding	NA
ENSG00000106367	AP1S1	protein_coding	NA
ENSG00000106392	C1GALT1	protein_coding	NA
ENSG00000106397	PLOD3	protein_coding	NA
ENSG00000106399	RPA3	protein_coding	NA
ENSG00000106400	ZNHIT1	protein_coding	NA
ENSG00000106404	CLDN15	protein_coding	NA
ENSG00000106415	GLCCI1	protein_coding	NA
ENSG00000106436	MYL10	protein_coding	NA
ENSG00000106443	PHF14	protein_coding	NA
ENSG00000106459	NRF1	protein_coding	NA
ENSG00000106460	TMEM106B	protein_coding	NA
ENSG00000106462	EZH2	protein_coding	NA
ENSG00000106477	CEP41	protein_coding	NA
ENSG00000106484	MEST	protein_coding	NA
ENSG00000106511	MEOX2	protein_coding	NA
ENSG00000106524	ANKMY2	protein_coding	NA
ENSG00000106526	ACTR3C	protein_coding	NA
ENSG00000106537	TSPAN13	protein_coding	NA
ENSG00000106538	RARRES2	protein_coding	NA
ENSG00000106541	AGR2	protein_coding	NA
ENSG00000106546	AHR	protein_coding	NA
ENSG00000106554	CHCHD3	protein_coding	NA
ENSG00000106560	GIMAP2	protein_coding	NA
ENSG00000106565	TMEM176B	protein_coding	NA
ENSG00000106571	GLI3	protein_coding	NA
ENSG00000106588	PSMA2	protein_coding	NA
ENSG00000106591	MRPL32	protein_coding	NA
ENSG00000106603	COA1	protein_coding	NA
ENSG00000106605	BLVRA	protein_coding	NA
ENSG00000106608	URGCP	protein_coding	NA
ENSG00000106609	TMEM248	protein_coding	NA
ENSG00000106610	STAG3L4	lncRNA	NA
ENSG00000106615	RHEB	protein_coding	NA
ENSG00000106617	PRKAG2	protein_coding	NA
ENSG00000106624	AEBP1	protein_coding	NA
ENSG00000106628	POLD2	protein_coding	NA
ENSG00000106631	MYL7	protein_coding	NA
ENSG00000106633	GCK	protein_coding	NA
ENSG00000106635	BCL7B	protein_coding	NA
ENSG00000106636	YKT6	protein_coding	NA
ENSG00000106638	TBL2	protein_coding	NA
ENSG00000106682	EIF4H	protein_coding	NA
ENSG00000106686	SPATA6L	protein_coding	NA
ENSG00000106692	FKTN	protein_coding	NA
ENSG00000106714	CNTNAP3	protein_coding	NA
ENSG00000106723	SPIN1	protein_coding	NA
ENSG00000106733	NMRK1	protein_coding	NA
ENSG00000106771	TMEM245	protein_coding	NA
ENSG00000106780	MEGF9	protein_coding	NA
ENSG00000106789	CORO2A	protein_coding	NA
ENSG00000106799	TGFBR1	protein_coding	NA
ENSG00000106803	SEC61B	protein_coding	NA
ENSG00000106809	OGN	protein_coding	NA
ENSG00000106819	ASPN	protein_coding	NA
ENSG00000106829	TLE4	protein_coding	NA
ENSG00000106853	PTGR1	protein_coding	NA
ENSG00000106868	SUSD1	protein_coding	NA
ENSG00000106952	TNFSF8	protein_coding	NA
ENSG00000106991	ENG	protein_coding	NA
ENSG00000106992	AK1	protein_coding	NA
ENSG00000106993	CDC37L1	protein_coding	NA
ENSG00000107020	PLGRKT	protein_coding	NA
ENSG00000107021	TBC1D13	protein_coding	NA
ENSG00000107036	RIC1	protein_coding	NA
ENSG00000107077	KDM4C	protein_coding	NA
ENSG00000107099	DOCK8	protein_coding	NA
ENSG00000107104	KANK1	protein_coding	NA
ENSG00000107164	FUBP3	protein_coding	NA
ENSG00000107175	CREB3	protein_coding	NA
ENSG00000107185	RGP1	protein_coding	NA
ENSG00000107186	MPDZ	protein_coding	NA
ENSG00000107201	RIGI	protein_coding	NA
ENSG00000107223	EDF1	protein_coding	NA
ENSG00000107242	PIP5K1B	protein_coding	NA
ENSG00000107262	BAG1	protein_coding	NA
ENSG00000107263	RAPGEF1	protein_coding	NA
ENSG00000107281	NPDC1	protein_coding	NA
ENSG00000107290	SETX	protein_coding	NA
ENSG00000107317	PTGDS	protein_coding	NA
ENSG00000107338	SHB	protein_coding	NA
ENSG00000107341	UBE2R2	protein_coding	NA
ENSG00000107371	EXOSC3	protein_coding	NA
ENSG00000107372	ZFAND5	protein_coding	NA
ENSG00000107438	PDLIM1	protein_coding	NA
ENSG00000107485	GATA3	protein_coding	NA
ENSG00000107518	ATRNL1	protein_coding	NA
ENSG00000107521	HPS1	protein_coding	NA
ENSG00000107537	PHYH	protein_coding	NA
ENSG00000107551	RASSF4	protein_coding	NA
ENSG00000107554	DNMBP	protein_coding	NA
ENSG00000107560	RAB11FIP2	protein_coding	NA
ENSG00000107562	CXCL12	protein_coding	NA
ENSG00000107566	ERLIN1	protein_coding	NA
ENSG00000107581	EIF3A	protein_coding	NA
ENSG00000107614	TRDMT1	protein_coding	NA
ENSG00000107625	DDX50	protein_coding	NA
ENSG00000107643	MAPK8	protein_coding	NA
ENSG00000107651	SEC23IP	protein_coding	NA
ENSG00000107669	ATE1	protein_coding	NA
ENSG00000107672	NSMCE4A	protein_coding	NA
ENSG00000107679	PLEKHA1	protein_coding	NA
ENSG00000107738	VSIR	protein_coding	NA
ENSG00000107745	MICU1	protein_coding	NA
ENSG00000107758	PPP3CB	protein_coding	NA
ENSG00000107771	CCSER2	protein_coding	NA
ENSG00000107779	BMPR1A	protein_coding	NA
ENSG00000107789	MINPP1	protein_coding	NA
ENSG00000107796	ACTA2	protein_coding	NA
ENSG00000107798	LIPA	protein_coding	NA
ENSG00000107815	TWNK	protein_coding	NA
ENSG00000107819	SFXN3	protein_coding	NA
ENSG00000107829	FBXW4	protein_coding	NA
ENSG00000107833	NPM3	protein_coding	NA
ENSG00000107854	TNKS2	protein_coding	NA
ENSG00000107862	GBF1	protein_coding	NA
ENSG00000107863	ARHGAP21	protein_coding	NA
ENSG00000107872	FBXL15	protein_coding	NA
ENSG00000107874	CUEDC2	protein_coding	NA
ENSG00000107890	ANKRD26	protein_coding	NA
ENSG00000107897	ACBD5	protein_coding	NA
ENSG00000107902	LHPP	protein_coding	NA
ENSG00000107929	LARP4B	protein_coding	NA
ENSG00000107937	GTPBP4	protein_coding	NA
ENSG00000107938	EDRF1	protein_coding	NA
ENSG00000107949	BCCIP	protein_coding	NA
ENSG00000107951	MTPAP	protein_coding	NA
ENSG00000107954	NEURL1	protein_coding	NA
ENSG00000107957	SH3PXD2A	protein_coding	NA
ENSG00000107959	PITRM1	protein_coding	NA
ENSG00000107960	STN1	protein_coding	NA
ENSG00000107968	MAP3K8	protein_coding	NA
ENSG00000107984	DKK1	protein_coding	NA
ENSG00000108010	GLRX3	protein_coding	NA
ENSG00000108021	TASOR2	protein_coding	NA
ENSG00000108039	XPNPEP1	protein_coding	NA
ENSG00000108055	SMC3	protein_coding	NA
ENSG00000108061	SHOC2	protein_coding	NA
ENSG00000108064	TFAM	protein_coding	NA
ENSG00000108091	CCDC6	protein_coding	NA
ENSG00000108094	CUL2	protein_coding	NA
ENSG00000108100	CCNY	protein_coding	NA
ENSG00000108106	UBE2S	protein_coding	NA
ENSG00000108107	RPL28	protein_coding	NA
ENSG00000108179	PPIF	protein_coding	NA
ENSG00000108187	PBLD	protein_coding	NA
ENSG00000108219	TSPAN14	protein_coding	NA
ENSG00000108239	TBC1D12	protein_coding	NA
ENSG00000108242	CYP2C18	protein_coding	NA
ENSG00000108244	KRT23	protein_coding	NA
ENSG00000108256	NUFIP2	protein_coding	NA
ENSG00000108262	GIT1	protein_coding	NA
ENSG00000108298	RPL19	protein_coding	NA
ENSG00000108306	FBXL20	protein_coding	NA
ENSG00000108309	RUNDC3A	protein_coding	NA
ENSG00000108312	UBTF	protein_coding	NA
ENSG00000108344	PSMD3	protein_coding	NA
ENSG00000108349	CASC3	protein_coding	NA
ENSG00000108370	RGS9	protein_coding	NA
ENSG00000108375	RNF43	protein_coding	NA
ENSG00000108381	ASPA	protein_coding	NA
ENSG00000108384	RAD51C	protein_coding	NA
ENSG00000108387	SEPTIN4	protein_coding	NA
ENSG00000108389	MTMR4	protein_coding	NA
ENSG00000108395	TRIM37	protein_coding	NA
ENSG00000108405	P2RX1	protein_coding	NA
ENSG00000108406	DHX40	protein_coding	NA
ENSG00000108423	TUBD1	protein_coding	NA
ENSG00000108424	KPNB1	protein_coding	NA
ENSG00000108433	GOSR2	protein_coding	NA
ENSG00000108439	PNPO	protein_coding	NA
ENSG00000108443	RPS6KB1	protein_coding	NA
ENSG00000108465	CDK5RAP3	protein_coding	NA
ENSG00000108468	CBX1	protein_coding	NA
ENSG00000108469	RECQL5	protein_coding	NA
ENSG00000108474	PIGL	protein_coding	NA
ENSG00000108479	GALK1	protein_coding	NA
ENSG00000108509	CAMTA2	protein_coding	NA
ENSG00000108510	MED13	protein_coding	NA
ENSG00000108511	HOXB6	protein_coding	NA
ENSG00000108515	ENO3	protein_coding	NA
ENSG00000108518	PFN1	protein_coding	NA
ENSG00000108523	RNF167	protein_coding	NA
ENSG00000108528	SLC25A11	protein_coding	NA
ENSG00000108559	NUP88	protein_coding	NA
ENSG00000108561	C1QBP	protein_coding	NA
ENSG00000108576	SLC6A4	protein_coding	NA
ENSG00000108578	BLMH	protein_coding	NA
ENSG00000108582	CPD	protein_coding	NA
ENSG00000108587	GOSR1	protein_coding	NA
ENSG00000108588	CCDC47	protein_coding	NA
ENSG00000108590	MED31	protein_coding	NA
ENSG00000108591	DRG2	protein_coding	NA
ENSG00000108592	FTSJ3	protein_coding	NA
ENSG00000108599	AKAP10	protein_coding	NA
ENSG00000108604	SMARCD2	protein_coding	NA
ENSG00000108622	ICAM2	protein_coding	NA
ENSG00000108639	SYNGR2	protein_coding	NA
ENSG00000108641	B9D1	protein_coding	NA
ENSG00000108651	UTP6	protein_coding	NA
ENSG00000108654	DDX5	protein_coding	NA
ENSG00000108666	C17orf75	protein_coding	NA
ENSG00000108669	CYTH1	protein_coding	NA
ENSG00000108671	PSMD11	protein_coding	NA
ENSG00000108679	LGALS3BP	protein_coding	NA
ENSG00000108688	CCL7	protein_coding	NA
ENSG00000108691	CCL2	protein_coding	NA
ENSG00000108700	CCL8	protein_coding	NA
ENSG00000108733	PEX12	protein_coding	NA
ENSG00000108771	DHX58	protein_coding	NA
ENSG00000108773	KAT2A	protein_coding	NA
ENSG00000108774	RAB5C	protein_coding	NA
ENSG00000108784	NAGLU	protein_coding	NA
ENSG00000108785	HSD17B1P1	lncRNA	NA
ENSG00000108786	HSD17B1	protein_coding	NA
ENSG00000108788	MLX	protein_coding	NA
ENSG00000108798	ABI3	protein_coding	NA
ENSG00000108799	EZH1	protein_coding	NA
ENSG00000108813	DLX4	protein_coding	NA
ENSG00000108821	COL1A1	protein_coding	NA
ENSG00000108823	SGCA	protein_coding	NA
ENSG00000108826	MRPL27	protein_coding	NA
ENSG00000108828	VAT1	protein_coding	NA
ENSG00000108829	LRRC59	protein_coding	NA
ENSG00000108830	RND2	protein_coding	NA
ENSG00000108840	HDAC5	protein_coding	NA
ENSG00000108846	ABCC3	protein_coding	NA
ENSG00000108848	LUC7L3	protein_coding	NA
ENSG00000108849	PPY	protein_coding	NA
ENSG00000108854	SMURF2	protein_coding	NA
ENSG00000108861	DUSP3	protein_coding	NA
ENSG00000108883	EFTUD2	protein_coding	NA
ENSG00000108924	HLF	protein_coding	NA
ENSG00000108946	PRKAR1A	protein_coding	NA
ENSG00000108950	FAM20A	protein_coding	NA
ENSG00000108953	YWHAE	protein_coding	NA
ENSG00000108960	MMD	protein_coding	NA
ENSG00000108961	RANGRF	protein_coding	NA
ENSG00000108963	DPH1	protein_coding	NA
ENSG00000108984	MAP2K6	protein_coding	NA
ENSG00000109016	DHRS7B	protein_coding	NA
ENSG00000109046	WSB1	protein_coding	NA
ENSG00000109047	RCVRN	protein_coding	NA
ENSG00000109062	NHERF1	protein_coding	NA
ENSG00000109063	MYH3	protein_coding	NA
ENSG00000109065	NAT9	protein_coding	NA
ENSG00000109066	TMEM104	protein_coding	NA
ENSG00000109072	VTN	protein_coding	NA
ENSG00000109079	TNFAIP1	protein_coding	NA
ENSG00000109083	IFT20	protein_coding	NA
ENSG00000109084	TMEM97	protein_coding	NA
ENSG00000109099	PMP22	protein_coding	NA
ENSG00000109103	UNC119	protein_coding	NA
ENSG00000109107	ALDOC	protein_coding	NA
ENSG00000109111	SUPT6H	protein_coding	NA
ENSG00000109113	RAB34	protein_coding	NA
ENSG00000109118	PHF12	protein_coding	NA
ENSG00000109133	TMEM33	protein_coding	NA
ENSG00000109158	GABRA4	protein_coding	NA
ENSG00000109171	SLAIN2	protein_coding	NA
ENSG00000109180	OCIAD1	protein_coding	NA
ENSG00000109184	DCUN1D4	protein_coding	NA
ENSG00000109189	USP46	protein_coding	NA
ENSG00000109205	ODAM	protein_coding	NA
ENSG00000109220	CHIC2	protein_coding	NA
ENSG00000109255	NMU	protein_coding	NA
ENSG00000109270	LAMTOR3	protein_coding	NA
ENSG00000109272	PF4V1	protein_coding	NA
ENSG00000109320	NFKB1	protein_coding	NA
ENSG00000109321	AREG	protein_coding	NA
ENSG00000109323	MANBA	protein_coding	NA
ENSG00000109332	UBE2D3	protein_coding	NA
ENSG00000109381	ELF2	protein_coding	NA
ENSG00000109390	NDUFC1	protein_coding	NA
ENSG00000109445	ZNF330	protein_coding	NA
ENSG00000109452	INPP4B	protein_coding	NA
ENSG00000109458	GAB1	protein_coding	NA
ENSG00000109466	KLHL2	protein_coding	NA
ENSG00000109472	CPE	protein_coding	NA
ENSG00000109475	RPL34	protein_coding	NA
ENSG00000109501	WFS1	protein_coding	NA
ENSG00000109519	GRPEL1	protein_coding	NA
ENSG00000109534	GAR1	protein_coding	NA
ENSG00000109536	FRG1	protein_coding	NA
ENSG00000109572	CLCN3	protein_coding	NA
ENSG00000109586	GALNT7	protein_coding	NA
ENSG00000109606	DHX15	protein_coding	NA
ENSG00000109610	SOD3	protein_coding	NA
ENSG00000109618	SEPSECS	protein_coding	NA
ENSG00000109625	CPZ	protein_coding	NA
ENSG00000109667	SLC2A9	protein_coding	NA
ENSG00000109670	FBXW7	protein_coding	NA
ENSG00000109680	TBC1D19	protein_coding	NA
ENSG00000109684	CLNK	protein_coding	NA
ENSG00000109685	NSD2	protein_coding	NA
ENSG00000109686	SH3D19	protein_coding	NA
ENSG00000109689	STIM2	protein_coding	NA
ENSG00000109736	MFSD10	protein_coding	NA
ENSG00000109738	GLRB	protein_coding	NA
ENSG00000109743	BST1	protein_coding	NA
ENSG00000109756	RAPGEF2	protein_coding	NA
ENSG00000109762	SNX25	protein_coding	NA
ENSG00000109775	UFSP2	protein_coding	NA
ENSG00000109787	KLF3	protein_coding	NA
ENSG00000109790	KLHL5	protein_coding	NA
ENSG00000109794	FAM149A	protein_coding	NA
ENSG00000109805	NCAPG	protein_coding	NA
ENSG00000109814	UGDH	protein_coding	NA
ENSG00000109846	CRYAB	protein_coding	NA
ENSG00000109854	HTATIP2	protein_coding	NA
ENSG00000109861	CTSC	protein_coding	NA
ENSG00000109881	CCDC34	protein_coding	NA
ENSG00000109906	ZBTB16	protein_coding	NA
ENSG00000109911	ELP4	protein_coding	NA
ENSG00000109917	ZPR1	protein_coding	NA
ENSG00000109919	MTCH2	protein_coding	NA
ENSG00000109920	FNBP4	protein_coding	NA
ENSG00000109929	SC5D	protein_coding	NA
ENSG00000109944	JHY	protein_coding	NA
ENSG00000109971	HSPA8	protein_coding	NA
ENSG00000110002	VWA5A	protein_coding	NA
ENSG00000110011	DNAJC4	protein_coding	NA
ENSG00000110013	SIAE	protein_coding	NA
ENSG00000110025	SNX15	protein_coding	NA
ENSG00000110031	LPXN	protein_coding	NA
ENSG00000110042	DTX4	protein_coding	NA
ENSG00000110046	ATG2A	protein_coding	NA
ENSG00000110047	EHD1	protein_coding	NA
ENSG00000110048	OSBP	protein_coding	NA
ENSG00000110060	PUS3	protein_coding	NA
ENSG00000110063	DCPS	protein_coding	NA
ENSG00000110066	KMT5B	protein_coding	NA
ENSG00000110074	FOXRED1	protein_coding	NA
ENSG00000110075	PPP6R3	protein_coding	NA
ENSG00000110077	MS4A6A	protein_coding	NA
ENSG00000110079	MS4A4A	protein_coding	NA
ENSG00000110080	ST3GAL4	protein_coding	NA
ENSG00000110090	CPT1A	protein_coding	NA
ENSG00000110092	CCND1	protein_coding	NA
ENSG00000110104	CCDC86	protein_coding	NA
ENSG00000110107	PRPF19	protein_coding	NA
ENSG00000110108	TMEM109	protein_coding	NA
ENSG00000110169	HPX	protein_coding	NA
ENSG00000110171	TRIM3	protein_coding	NA
ENSG00000110172	CHORDC1	protein_coding	NA
ENSG00000110195	FOLR1	protein_coding	NA
ENSG00000110200	ANAPC15	protein_coding	NA
ENSG00000110203	FOLR3	protein_coding	NA
ENSG00000110218	PANX1	protein_coding	NA
ENSG00000110237	ARHGEF17	protein_coding	NA
ENSG00000110245	APOC3	protein_coding	NA
ENSG00000110274	CEP164	protein_coding	NA
ENSG00000110315	RNF141	protein_coding	NA
ENSG00000110321	EIF4G2	protein_coding	NA
ENSG00000110328	GALNT18	protein_coding	NA
ENSG00000110330	BIRC2	protein_coding	NA
ENSG00000110344	UBE4A	protein_coding	NA
ENSG00000110367	DDX6	protein_coding	NA
ENSG00000110375	UPK2	protein_coding	NA
ENSG00000110395	CBL	protein_coding	NA
ENSG00000110400	NECTIN1	protein_coding	NA
ENSG00000110422	HIPK3	protein_coding	NA
ENSG00000110429	FBXO3	protein_coding	NA
ENSG00000110435	PDHX	protein_coding	NA
ENSG00000110436	SLC1A2	protein_coding	NA
ENSG00000110442	COMMD9	protein_coding	NA
ENSG00000110446	SLC15A3	protein_coding	NA
ENSG00000110455	ACCS	protein_coding	NA
ENSG00000110492	MDK	protein_coding	NA
ENSG00000110497	AMBRA1	protein_coding	NA
ENSG00000110514	MADD	protein_coding	NA
ENSG00000110536	PTPMT1	protein_coding	NA
ENSG00000110583	NAA40	protein_coding	NA
ENSG00000110619	CARS1	protein_coding	NA
ENSG00000110628	SLC22A18	protein_coding	NA
ENSG00000110651	CD81	protein_coding	NA
ENSG00000110660	SLC35F2	protein_coding	NA
ENSG00000110696	C11orf58	protein_coding	NA
ENSG00000110697	PITPNM1	protein_coding	NA
ENSG00000110700	RPS13	protein_coding	NA
ENSG00000110711	AIP	protein_coding	NA
ENSG00000110713	NUP98	protein_coding	NA
ENSG00000110717	NDUFS8	protein_coding	NA
ENSG00000110719	TCIRG1	protein_coding	NA
ENSG00000110721	CHKA	protein_coding	NA
ENSG00000110723	EXPH5	protein_coding	NA
ENSG00000110756	HPS5	protein_coding	NA
ENSG00000110768	GTF2H1	protein_coding	NA
ENSG00000110799	VWF	protein_coding	NA
ENSG00000110801	PSMD9	protein_coding	NA
ENSG00000110841	PPFIBP1	protein_coding	NA
ENSG00000110844	PRPF40B	protein_coding	NA
ENSG00000110848	CD69	protein_coding	NA
ENSG00000110851	PRDM4	protein_coding	NA
ENSG00000110852	CLEC2B	protein_coding	NA
ENSG00000110871	COQ5	protein_coding	NA
ENSG00000110876	SELPLG	protein_coding	NA
ENSG00000110880	CORO1C	protein_coding	NA
ENSG00000110888	CAPRIN2	protein_coding	NA
ENSG00000110906	KCTD10	protein_coding	NA
ENSG00000110911	SLC11A2	protein_coding	NA
ENSG00000110917	MLEC	protein_coding	NA
ENSG00000110921	MVK	protein_coding	NA
ENSG00000110925	CSRNP2	protein_coding	NA
ENSG00000110934	BIN2	protein_coding	NA
ENSG00000110944	IL23A	protein_coding	NA
ENSG00000110955	ATP5F1B	protein_coding	NA
ENSG00000110958	PTGES3	protein_coding	NA
ENSG00000110987	BCL7A	protein_coding	NA
ENSG00000111011	RSRC2	protein_coding	NA
ENSG00000111052	LIN7A	protein_coding	NA
ENSG00000111057	KRT18	protein_coding	NA
ENSG00000111077	TNS2	protein_coding	NA
ENSG00000111142	METAP2	protein_coding	NA
ENSG00000111144	LTA4H	protein_coding	NA
ENSG00000111145	ELK3	protein_coding	NA
ENSG00000111196	MAGOHB	protein_coding	NA
ENSG00000111199	TRPV4	protein_coding	NA
ENSG00000111203	ITFG2	protein_coding	NA
ENSG00000111215	PRR4	protein_coding	NA
ENSG00000111224	PARP11	protein_coding	NA
ENSG00000111229	ARPC3	protein_coding	NA
ENSG00000111231	GPN3	protein_coding	NA
ENSG00000111237	VPS29	protein_coding	NA
ENSG00000111247	RAD51AP1	protein_coding	NA
ENSG00000111254	AKAP3	protein_coding	NA
ENSG00000111261	MANSC1	protein_coding	NA
ENSG00000111266	DUSP16	protein_coding	NA
ENSG00000111269	CREBL2	protein_coding	NA
ENSG00000111271	ACAD10	protein_coding	NA
ENSG00000111275	ALDH2	protein_coding	NA
ENSG00000111276	CDKN1B	protein_coding	NA
ENSG00000111300	NAA25	protein_coding	NA
ENSG00000111305	GSG1	protein_coding	NA
ENSG00000111321	LTBR	protein_coding	NA
ENSG00000111325	OGFOD2	protein_coding	NA
ENSG00000111328	CDK2AP1	protein_coding	NA
ENSG00000111331	OAS3	protein_coding	NA
ENSG00000111335	OAS2	protein_coding	NA
ENSG00000111339	ART4	protein_coding	NA
ENSG00000111341	MGP	protein_coding	NA
ENSG00000111348	ARHGDIB	protein_coding	NA
ENSG00000111358	GTF2H3	protein_coding	NA
ENSG00000111361	EIF2B1	protein_coding	NA
ENSG00000111364	DDX55	protein_coding	NA
ENSG00000111371	SLC38A1	protein_coding	NA
ENSG00000111405	ENDOU	protein_coding	NA
ENSG00000111412	SPRING1	protein_coding	NA
ENSG00000111424	VDR	protein_coding	NA
ENSG00000111445	RFC5	protein_coding	NA
ENSG00000111450	STX2	protein_coding	NA
ENSG00000111452	ADGRD1	protein_coding	NA
ENSG00000111481	COPZ1	protein_coding	NA
ENSG00000111530	CAND1	protein_coding	NA
ENSG00000111540	RAB5B	protein_coding	NA
ENSG00000111554	MDM1	protein_coding	NA
ENSG00000111581	NUP107	protein_coding	NA
ENSG00000111596	CNOT2	protein_coding	NA
ENSG00000111602	TIMELESS	protein_coding	NA
ENSG00000111605	CPSF6	protein_coding	NA
ENSG00000111615	KRR1	protein_coding	NA
ENSG00000111639	MRPL51	protein_coding	NA
ENSG00000111640	GAPDH	protein_coding	NA
ENSG00000111642	CHD4	protein_coding	NA
ENSG00000111644	ACRBP	protein_coding	NA
ENSG00000111647	BLTP3B	protein_coding	NA
ENSG00000111652	COPS7A	protein_coding	NA
ENSG00000111653	ING4	protein_coding	NA
ENSG00000111665	CDCA3	protein_coding	NA
ENSG00000111666	CHPT1	protein_coding	NA
ENSG00000111667	USP5	protein_coding	NA
ENSG00000111669	TPI1	protein_coding	NA
ENSG00000111671	SPSB2	protein_coding	NA
ENSG00000111674	ENO2	protein_coding	NA
ENSG00000111676	ATN1	protein_coding	NA
ENSG00000111678	C12orf57	protein_coding	NA
ENSG00000111679	PTPN6	protein_coding	NA
ENSG00000111684	LPCAT3	protein_coding	NA
ENSG00000111696	NT5DC3	protein_coding	NA
ENSG00000111707	SUDS3	protein_coding	NA
ENSG00000111711	GOLT1B	protein_coding	NA
ENSG00000111716	LDHB	protein_coding	NA
ENSG00000111725	PRKAB1	protein_coding	NA
ENSG00000111726	CMAS	protein_coding	NA
ENSG00000111727	HCFC2	protein_coding	NA
ENSG00000111729	CLEC4A	protein_coding	NA
ENSG00000111731	C2CD5	protein_coding	NA
ENSG00000111732	AICDA	protein_coding	NA
ENSG00000111737	RAB35	protein_coding	NA
ENSG00000111775	COX6A1	protein_coding	NA
ENSG00000111780	ENSG00000111780	protein_coding	NA
ENSG00000111786	SRSF9	protein_coding	NA
ENSG00000111790	FGFR1OP2	protein_coding	NA
ENSG00000111796	KLRB1	protein_coding	NA
ENSG00000111801	BTN3A3	protein_coding	NA
ENSG00000111802	TDP2	protein_coding	NA
ENSG00000111817	DSE	protein_coding	NA
ENSG00000111832	RWDD1	protein_coding	NA
ENSG00000111843	TMEM14C	protein_coding	NA
ENSG00000111845	PAK1IP1	protein_coding	NA
ENSG00000111846	GCNT2	protein_coding	NA
ENSG00000111850	SMIM8	protein_coding	NA
ENSG00000111859	NEDD9	protein_coding	NA
ENSG00000111860	CEP85L	protein_coding	NA
ENSG00000111875	ASF1A	protein_coding	NA
ENSG00000111877	MCM9	protein_coding	NA
ENSG00000111879	FAM184A	protein_coding	NA
ENSG00000111880	RNGTT	protein_coding	NA
ENSG00000111885	MAN1A1	protein_coding	NA
ENSG00000111886	GABRR2	protein_coding	NA
ENSG00000111897	SERINC1	protein_coding	NA
ENSG00000111906	HDDC2	protein_coding	NA
ENSG00000111907	TPD52L1	protein_coding	NA
ENSG00000111911	HINT3	protein_coding	NA
ENSG00000111912	NCOA7	protein_coding	NA
ENSG00000111913	RIPOR2	protein_coding	NA
ENSG00000111961	SASH1	protein_coding	NA
ENSG00000111962	UST	protein_coding	NA
ENSG00000112029	FBXO5	protein_coding	NA
ENSG00000112031	MTRF1L	protein_coding	NA
ENSG00000112033	PPARD	protein_coding	NA
ENSG00000112039	FANCE	protein_coding	NA
ENSG00000112062	MAPK14	protein_coding	NA
ENSG00000112078	KCTD20	protein_coding	NA
ENSG00000112079	STK38	protein_coding	NA
ENSG00000112081	SRSF3	protein_coding	NA
ENSG00000112110	MRPL18	protein_coding	NA
ENSG00000112118	MCM3	protein_coding	NA
ENSG00000112130	RNF8	protein_coding	NA
ENSG00000112137	PHACTR1	protein_coding	NA
ENSG00000112144	CILK1	protein_coding	NA
ENSG00000112146	FBXO9	protein_coding	NA
ENSG00000112149	CD83	protein_coding	NA
ENSG00000112159	MDN1	protein_coding	NA
ENSG00000112167	SAYSD1	protein_coding	NA
ENSG00000112175	BMP5	protein_coding	NA
ENSG00000112186	CAP2	protein_coding	NA
ENSG00000112195	TREML2	protein_coding	NA
ENSG00000112200	ZNF451	protein_coding	NA
ENSG00000112208	BAG2	protein_coding	NA
ENSG00000112210	RAB23	protein_coding	NA
ENSG00000112212	TSPO2	protein_coding	NA
ENSG00000112214	FHL5	protein_coding	NA
ENSG00000112218	GPR63	protein_coding	NA
ENSG00000112234	FBXL4	protein_coding	NA
ENSG00000112237	CCNC	protein_coding	NA
ENSG00000112245	PTP4A1	protein_coding	NA
ENSG00000112249	ASCC3	protein_coding	NA
ENSG00000112282	MED23	protein_coding	NA
ENSG00000112290	WASF1	protein_coding	NA
ENSG00000112294	ALDH5A1	protein_coding	NA
ENSG00000112297	CRYBG1	protein_coding	NA
ENSG00000112299	VNN1	protein_coding	NA
ENSG00000112303	VNN2	protein_coding	NA
ENSG00000112304	ACOT13	protein_coding	NA
ENSG00000112305	SMAP1	protein_coding	NA
ENSG00000112306	RPS12	protein_coding	NA
ENSG00000112308	C6orf62	protein_coding	NA
ENSG00000112312	GMNN	protein_coding	NA
ENSG00000112335	SNX3	protein_coding	NA
ENSG00000112339	HBS1L	protein_coding	NA
ENSG00000112343	TRIM38	protein_coding	NA
ENSG00000112357	PEX7	protein_coding	NA
ENSG00000112367	FIG4	protein_coding	NA
ENSG00000112378	PERP	protein_coding	NA
ENSG00000112379	ARFGEF3	protein_coding	NA
ENSG00000112394	SLC16A10	protein_coding	NA
ENSG00000112414	ADGRG6	protein_coding	NA
ENSG00000112419	PHACTR2	protein_coding	NA
ENSG00000112473	SLC39A7	protein_coding	NA
ENSG00000112511	PHF1	protein_coding	NA
ENSG00000112514	CUTA	protein_coding	NA
ENSG00000112531	QKI	protein_coding	NA
ENSG00000112559	MDFI	protein_coding	NA
ENSG00000112561	TFEB	protein_coding	NA
ENSG00000112562	SMOC2	protein_coding	NA
ENSG00000112576	CCND3	protein_coding	NA
ENSG00000112578	BYSL	protein_coding	NA
ENSG00000112584	FAM120B	protein_coding	NA
ENSG00000112592	TBP	protein_coding	NA
ENSG00000112640	PPP2R5D	protein_coding	NA
ENSG00000112651	MRPL2	protein_coding	NA
ENSG00000112655	PTK7	protein_coding	NA
ENSG00000112659	CUL9	protein_coding	NA
ENSG00000112667	DNPH1	protein_coding	NA
ENSG00000112679	DUSP22	protein_coding	NA
ENSG00000112685	EXOC2	protein_coding	NA
ENSG00000112695	COX7A2	protein_coding	NA
ENSG00000112697	TMEM30A	protein_coding	NA
ENSG00000112699	GMDS	protein_coding	NA
ENSG00000112701	SENP6	protein_coding	NA
ENSG00000112715	VEGFA	protein_coding	NA
ENSG00000112739	PRPF4B	protein_coding	NA
ENSG00000112742	TTK	protein_coding	NA
ENSG00000112759	SLC29A1	protein_coding	NA
ENSG00000112763	BTN2A1	protein_coding	NA
ENSG00000112769	LAMA4	protein_coding	NA
ENSG00000112773	TENT5A	protein_coding	NA
ENSG00000112782	CLIC5	protein_coding	NA
ENSG00000112796	ENPP5	protein_coding	NA
ENSG00000112799	LY86	protein_coding	NA
ENSG00000112812	PRSS16	protein_coding	NA
ENSG00000112851	ERBIN	protein_coding	NA
ENSG00000112855	HARS2	protein_coding	NA
ENSG00000112874	NUDT12	protein_coding	NA
ENSG00000112877	CEP72	protein_coding	NA
ENSG00000112893	MAN2A1	protein_coding	NA
ENSG00000112936	C7	protein_coding	NA
ENSG00000112972	HMGCS1	protein_coding	NA
ENSG00000112977	DAP	protein_coding	NA
ENSG00000112983	BRD8	protein_coding	NA
ENSG00000112984	KIF20A	protein_coding	NA
ENSG00000112992	NNT	protein_coding	NA
ENSG00000112996	MRPS30	protein_coding	NA
ENSG00000113013	HSPA9	protein_coding	NA
ENSG00000113048	MRPS27	protein_coding	NA
ENSG00000113068	PFDN1	protein_coding	NA
ENSG00000113070	HBEGF	protein_coding	NA
ENSG00000113083	LOX	protein_coding	NA
ENSG00000113088	GZMK	protein_coding	NA
ENSG00000113108	APBB3	protein_coding	NA
ENSG00000113119	TMCO6	protein_coding	NA
ENSG00000113140	SPARC	protein_coding	NA
ENSG00000113141	IK	protein_coding	NA
ENSG00000113161	HMGCR	protein_coding	NA
ENSG00000113163	CERT1	protein_coding	NA
ENSG00000113194	FAF2	protein_coding	NA
ENSG00000113231	PDE8B	protein_coding	NA
ENSG00000113240	CLK4	protein_coding	NA
ENSG00000113269	RNF130	protein_coding	NA
ENSG00000113272	THG1L	protein_coding	NA
ENSG00000113273	ARSB	protein_coding	NA
ENSG00000113282	CLINT1	protein_coding	NA
ENSG00000113312	TTC1	protein_coding	NA
ENSG00000113318	MSH3	protein_coding	NA
ENSG00000113319	RASGRF2	protein_coding	NA
ENSG00000113328	CCNG1	protein_coding	NA
ENSG00000113356	POLR3G	protein_coding	NA
ENSG00000113360	DROSHA	protein_coding	NA
ENSG00000113368	LMNB1	protein_coding	NA
ENSG00000113369	ARRDC3	protein_coding	NA
ENSG00000113384	GOLPH3	protein_coding	NA
ENSG00000113387	SUB1	protein_coding	NA
ENSG00000113389	NPR3	protein_coding	NA
ENSG00000113391	FAM172A	protein_coding	NA
ENSG00000113396	SLC27A6	protein_coding	NA
ENSG00000113407	TARS1	protein_coding	NA
ENSG00000113441	LNPEP	protein_coding	NA
ENSG00000113448	PDE4D	protein_coding	NA
ENSG00000113456	RAD1	protein_coding	NA
ENSG00000113460	BRIX1	protein_coding	NA
ENSG00000113494	PRLR	protein_coding	NA
ENSG00000113522	RAD50	protein_coding	NA
ENSG00000113532	ST8SIA4	protein_coding	NA
ENSG00000113552	GNPDA1	protein_coding	NA
ENSG00000113555	PCDH12	protein_coding	NA
ENSG00000113558	SKP1	protein_coding	NA
ENSG00000113569	NUP155	protein_coding	NA
ENSG00000113575	PPP2CA	protein_coding	NA
ENSG00000113578	FGF1	protein_coding	NA
ENSG00000113580	NR3C1	protein_coding	NA
ENSG00000113583	C5orf15	protein_coding	NA
ENSG00000113593	PPWD1	protein_coding	NA
ENSG00000113594	LIFR	protein_coding	NA
ENSG00000113595	TRIM23	protein_coding	NA
ENSG00000113597	TRAPPC13	protein_coding	NA
ENSG00000113600	C9	protein_coding	NA
ENSG00000113615	SEC24A	protein_coding	NA
ENSG00000113621	TXNDC15	protein_coding	NA
ENSG00000113638	TTC33	protein_coding	NA
ENSG00000113643	RARS1	protein_coding	NA
ENSG00000113645	WWC1	protein_coding	NA
ENSG00000113648	MACROH2A1	protein_coding	NA
ENSG00000113649	TCERG1	protein_coding	NA
ENSG00000113657	DPYSL3	protein_coding	NA
ENSG00000113658	SMAD5	protein_coding	NA
ENSG00000113712	CSNK1A1	protein_coding	NA
ENSG00000113716	HMGXB3	protein_coding	NA
ENSG00000113719	ERGIC1	protein_coding	NA
ENSG00000113732	ATP6V0E1	protein_coding	NA
ENSG00000113734	BNIP1	protein_coding	NA
ENSG00000113739	STC2	protein_coding	NA
ENSG00000113742	CPEB4	protein_coding	NA
ENSG00000113749	HRH2	protein_coding	NA
ENSG00000113758	DBN1	protein_coding	NA
ENSG00000113761	ZNF346	protein_coding	NA
ENSG00000113810	SMC4	protein_coding	NA
ENSG00000113811	SELENOK	protein_coding	NA
ENSG00000113812	ACTR8	protein_coding	NA
ENSG00000113838	TBCCD1	protein_coding	NA
ENSG00000113845	TIMMDC1	protein_coding	NA
ENSG00000113851	CRBN	protein_coding	NA
ENSG00000113946	CLDN16	protein_coding	NA
ENSG00000113966	ARL6	protein_coding	NA
ENSG00000113971	NPHP3	protein_coding	NA
ENSG00000114013	CD86	protein_coding	NA
ENSG00000114019	AMOTL2	protein_coding	NA
ENSG00000114021	NIT2	protein_coding	NA
ENSG00000114023	FAM162A	protein_coding	NA
ENSG00000114026	OGG1	protein_coding	NA
ENSG00000114030	KPNA1	protein_coding	NA
ENSG00000114054	PCCB	protein_coding	NA
ENSG00000114062	UBE3A	protein_coding	NA
ENSG00000114098	ARMC8	protein_coding	NA
ENSG00000114107	CEP70	protein_coding	NA
ENSG00000114115	RBP1	protein_coding	NA
ENSG00000114120	SLC25A36	protein_coding	NA
ENSG00000114125	RNF7	protein_coding	NA
ENSG00000114126	TFDP2	protein_coding	NA
ENSG00000114127	XRN1	protein_coding	NA
ENSG00000114166	KAT2B	protein_coding	NA
ENSG00000114209	PDCD10	protein_coding	NA
ENSG00000114251	WNT5A	protein_coding	NA
ENSG00000114268	PFKFB4	protein_coding	NA
ENSG00000114279	FGF12	protein_coding	NA
ENSG00000114302	PRKAR2A	protein_coding	NA
ENSG00000114315	HES1	protein_coding	NA
ENSG00000114316	USP4	protein_coding	NA
ENSG00000114331	ACAP2	protein_coding	NA
ENSG00000114353	GNAI2	protein_coding	NA
ENSG00000114354	TFG	protein_coding	NA
ENSG00000114374	USP9Y	protein_coding	NA
ENSG00000114378	HYAL1	protein_coding	NA
ENSG00000114383	TUSC2	protein_coding	NA
ENSG00000114388	NPRL2	protein_coding	NA
ENSG00000114391	RPL24	protein_coding	NA
ENSG00000114395	CYB561D2	protein_coding	NA
ENSG00000114405	CEP15	protein_coding	NA
ENSG00000114416	FXR1	protein_coding	NA
ENSG00000114423	CBLB	protein_coding	NA
ENSG00000114439	BBX	protein_coding	NA
ENSG00000114446	IFT57	protein_coding	NA
ENSG00000114450	GNB4	protein_coding	NA
ENSG00000114473	IQCG	protein_coding	NA
ENSG00000114480	GBE1	protein_coding	NA
ENSG00000114491	UMPS	protein_coding	NA
ENSG00000114503	NCBP2	protein_coding	NA
ENSG00000114520	SNX4	protein_coding	NA
ENSG00000114529	C3orf52	protein_coding	NA
ENSG00000114541	FRMD4B	protein_coding	NA
ENSG00000114544	SLC41A3	protein_coding	NA
ENSG00000114547	ROPN1B	protein_coding	NA
ENSG00000114573	ATP6V1A	protein_coding	NA
ENSG00000114626	ABTB1	protein_coding	NA
ENSG00000114638	UPK1B	protein_coding	NA
ENSG00000114648	KLHL18	protein_coding	NA
ENSG00000114650	SCAP	protein_coding	NA
ENSG00000114656	CFAP92	protein_coding	NA
ENSG00000114670	NEK11	protein_coding	NA
ENSG00000114686	MRPL3	protein_coding	NA
ENSG00000114698	PLSCR4	protein_coding	NA
ENSG00000114735	HEMK1	protein_coding	NA
ENSG00000114737	CISH	protein_coding	NA
ENSG00000114738	MAPKAPK3	protein_coding	NA
ENSG00000114739	ACVR2B	protein_coding	NA
ENSG00000114742	WDR48	protein_coding	NA
ENSG00000114744	COMMD2	protein_coding	NA
ENSG00000114745	GORASP1	protein_coding	NA
ENSG00000114767	RRP9	protein_coding	NA
ENSG00000114770	ABCC5	protein_coding	NA
ENSG00000114771	AADAC	protein_coding	NA
ENSG00000114779	ABHD14B	protein_coding	NA
ENSG00000114784	EIF1B	protein_coding	NA
ENSG00000114796	KLHL24	protein_coding	NA
ENSG00000114841	DNAH1	protein_coding	NA
ENSG00000114850	SSR3	protein_coding	NA
ENSG00000114854	TNNC1	protein_coding	NA
ENSG00000114857	NKTR	protein_coding	NA
ENSG00000114861	FOXP1	protein_coding	NA
ENSG00000114867	EIF4G1	protein_coding	NA
ENSG00000114902	SPCS1	protein_coding	NA
ENSG00000114904	NEK4	protein_coding	NA
ENSG00000114933	INO80D	protein_coding	NA
ENSG00000114942	EEF1B2	protein_coding	NA
ENSG00000114956	DGUOK	protein_coding	NA
ENSG00000114978	MOB1A	protein_coding	NA
ENSG00000114982	KANSL3	protein_coding	NA
ENSG00000114988	LMAN2L	protein_coding	NA
ENSG00000114993	RTKN	protein_coding	NA
ENSG00000114999	TTL	protein_coding	NA
ENSG00000115009	CCL20	protein_coding	NA
ENSG00000115020	PIKFYVE	protein_coding	NA
ENSG00000115041	KCNIP3	protein_coding	NA
ENSG00000115042	FAHD2A	protein_coding	NA
ENSG00000115053	NCL	protein_coding	NA
ENSG00000115073	ACTR1B	protein_coding	NA
ENSG00000115084	SLC35F5	protein_coding	NA
ENSG00000115091	ACTR3	protein_coding	NA
ENSG00000115107	STEAP3	protein_coding	NA
ENSG00000115109	EPB41L5	protein_coding	NA
ENSG00000115112	TFCP2L1	protein_coding	NA
ENSG00000115128	SF3B6	protein_coding	NA
ENSG00000115129	TP53I3	protein_coding	NA
ENSG00000115137	DNAJC27	protein_coding	NA
ENSG00000115138	POMC	protein_coding	NA
ENSG00000115145	STAM2	protein_coding	NA
ENSG00000115159	GPD2	protein_coding	NA
ENSG00000115163	CENPA	protein_coding	NA
ENSG00000115165	CYTIP	protein_coding	NA
ENSG00000115170	ACVR1	protein_coding	NA
ENSG00000115183	TANC1	protein_coding	NA
ENSG00000115204	MPV17	protein_coding	NA
ENSG00000115207	GTF3C2	protein_coding	NA
ENSG00000115211	EIF2B4	protein_coding	NA
ENSG00000115216	NRBP1	protein_coding	NA
ENSG00000115232	ITGA4	protein_coding	NA
ENSG00000115233	PSMD14	protein_coding	NA
ENSG00000115234	SNX17	protein_coding	NA
ENSG00000115239	ASB3	protein_coding	NA
ENSG00000115241	PPM1G	protein_coding	NA
ENSG00000115252	PDE1A	protein_coding	NA
ENSG00000115255	REEP6	protein_coding	NA
ENSG00000115267	IFIH1	protein_coding	NA
ENSG00000115268	RPS15	protein_coding	NA
ENSG00000115271	GCA	protein_coding	NA
ENSG00000115274	INO80B	protein_coding	NA
ENSG00000115275	MOGS	protein_coding	NA
ENSG00000115282	TTC31	protein_coding	NA
ENSG00000115286	NDUFS7	protein_coding	NA
ENSG00000115289	PCGF1	protein_coding	NA
ENSG00000115290	GRB14	protein_coding	NA
ENSG00000115295	CLIP4	protein_coding	NA
ENSG00000115306	SPTBN1	protein_coding	NA
ENSG00000115307	AUP1	protein_coding	NA
ENSG00000115310	RTN4	protein_coding	NA
ENSG00000115317	HTRA2	protein_coding	NA
ENSG00000115318	LOXL3	protein_coding	NA
ENSG00000115325	DOK1	protein_coding	NA
ENSG00000115339	GALNT3	protein_coding	NA
ENSG00000115350	POLE4	protein_coding	NA
ENSG00000115353	TACR1	protein_coding	NA
ENSG00000115355	CCDC88A	protein_coding	NA
ENSG00000115361	ACADL	protein_coding	NA
ENSG00000115363	EVA1A	protein_coding	NA
ENSG00000115364	MRPL19	protein_coding	NA
ENSG00000115365	LANCL1	protein_coding	NA
ENSG00000115368	WDR75	protein_coding	NA
ENSG00000115380	EFEMP1	protein_coding	NA
ENSG00000115392	FANCL	protein_coding	NA
ENSG00000115414	FN1	protein_coding	NA
ENSG00000115415	STAT1	protein_coding	NA
ENSG00000115419	GLS	protein_coding	NA
ENSG00000115425	PECR	protein_coding	NA
ENSG00000115446	UNC50	protein_coding	NA
ENSG00000115457	IGFBP2	protein_coding	NA
ENSG00000115459	ELMOD3	protein_coding	NA
ENSG00000115461	IGFBP5	protein_coding	NA
ENSG00000115464	USP34	protein_coding	NA
ENSG00000115468	EFHD1	protein_coding	NA
ENSG00000115484	CCT4	protein_coding	NA
ENSG00000115486	GGCX	protein_coding	NA
ENSG00000115504	EHBP1	protein_coding	NA
ENSG00000115514	TXNDC9	protein_coding	NA
ENSG00000115520	COQ10B	protein_coding	NA
ENSG00000115523	GNLY	protein_coding	NA
ENSG00000115524	SF3B1	protein_coding	NA
ENSG00000115525	ST3GAL5	protein_coding	NA
ENSG00000115526	CHST10	protein_coding	NA
ENSG00000115539	PDCL3	protein_coding	NA
ENSG00000115540	MOB4	protein_coding	NA
ENSG00000115541	HSPE1	protein_coding	NA
ENSG00000115548	KDM3A	protein_coding	NA
ENSG00000115561	CHMP3	protein_coding	NA
ENSG00000115568	ZNF142	protein_coding	NA
ENSG00000115590	IL1R2	protein_coding	NA
ENSG00000115594	IL1R1	protein_coding	NA
ENSG00000115602	IL1RL1	protein_coding	NA
ENSG00000115641	FHL2	protein_coding	NA
ENSG00000115648	MLPH	protein_coding	NA
ENSG00000115649	CNPPD1	protein_coding	NA
ENSG00000115652	UXS1	protein_coding	NA
ENSG00000115657	ABCB6	protein_coding	NA
ENSG00000115661	STK16	protein_coding	NA
ENSG00000115677	HDLBP	protein_coding	NA
ENSG00000115685	PPP1R7	protein_coding	NA
ENSG00000115687	PASK	protein_coding	NA
ENSG00000115694	STK25	protein_coding	NA
ENSG00000115738	ID2	protein_coding	NA
ENSG00000115750	TAF1B	protein_coding	NA
ENSG00000115756	HPCAL1	protein_coding	NA
ENSG00000115760	BIRC6	protein_coding	NA
ENSG00000115761	NOL10	protein_coding	NA
ENSG00000115762	PLEKHB2	protein_coding	NA
ENSG00000115806	GORASP2	protein_coding	NA
ENSG00000115808	STRN	protein_coding	NA
ENSG00000115816	CEBPZ	protein_coding	NA
ENSG00000115825	PRKD3	protein_coding	NA
ENSG00000115827	DCAF17	protein_coding	NA
ENSG00000115828	QPCT	protein_coding	NA
ENSG00000115839	RAB3GAP1	protein_coding	NA
ENSG00000115840	SLC25A12	protein_coding	NA
ENSG00000115841	RMDN2	protein_coding	NA
ENSG00000115866	DARS1	protein_coding	NA
ENSG00000115875	SRSF7	protein_coding	NA
ENSG00000115884	SDC1	protein_coding	NA
ENSG00000115904	SOS1	protein_coding	NA
ENSG00000115919	KYNU	protein_coding	NA
ENSG00000115935	WIPF1	protein_coding	NA
ENSG00000115942	ORC2	protein_coding	NA
ENSG00000115944	COX7A2L	protein_coding	NA
ENSG00000115946	PNO1	protein_coding	NA
ENSG00000115947	ORC4	protein_coding	NA
ENSG00000115956	PLEK	protein_coding	NA
ENSG00000115963	RND3	protein_coding	NA
ENSG00000115966	ATF2	protein_coding	NA
ENSG00000115970	THADA	protein_coding	NA
ENSG00000115977	AAK1	protein_coding	NA
ENSG00000115993	TRAK2	protein_coding	NA
ENSG00000115998	C2orf42	protein_coding	NA
ENSG00000116001	TIA1	protein_coding	NA
ENSG00000116005	PCYOX1	protein_coding	NA
ENSG00000116016	EPAS1	protein_coding	NA
ENSG00000116017	ARID3A	protein_coding	NA
ENSG00000116030	SUMO1	protein_coding	NA
ENSG00000116039	ATP6V1B1	protein_coding	NA
ENSG00000116044	NFE2L2	protein_coding	NA
ENSG00000116062	MSH6	protein_coding	NA
ENSG00000116095	PLEKHA3	protein_coding	NA
ENSG00000116096	SPR	protein_coding	NA
ENSG00000116117	PARD3B	protein_coding	NA
ENSG00000116120	FARSB	protein_coding	NA
ENSG00000116127	ALMS1	protein_coding	NA
ENSG00000116133	DHCR24	protein_coding	NA
ENSG00000116138	DNAJC16	protein_coding	NA
ENSG00000116141	MARK1	protein_coding	NA
ENSG00000116157	GPX7	protein_coding	NA
ENSG00000116161	CACYBP	protein_coding	NA
ENSG00000116171	SCP2	protein_coding	NA
ENSG00000116183	PAPPA2	protein_coding	NA
ENSG00000116194	ANGPTL1	protein_coding	NA
ENSG00000116198	CEP104	protein_coding	NA
ENSG00000116199	FAM20B	protein_coding	NA
ENSG00000116205	TCEANC2	protein_coding	NA
ENSG00000116209	TMEM59	protein_coding	NA
ENSG00000116212	LRRC42	protein_coding	NA
ENSG00000116213	WRAP73	protein_coding	NA
ENSG00000116221	MRPL37	protein_coding	NA
ENSG00000116237	ICMT	protein_coding	NA
ENSG00000116251	RPL22	protein_coding	NA
ENSG00000116260	QSOX1	protein_coding	NA
ENSG00000116266	STXBP3	protein_coding	NA
ENSG00000116285	ERRFI1	protein_coding	NA
ENSG00000116288	PARK7	protein_coding	NA
ENSG00000116337	AMPD2	protein_coding	NA
ENSG00000116350	SRSF4	protein_coding	NA
ENSG00000116353	MECR	protein_coding	NA
ENSG00000116396	KCNC4	protein_coding	NA
ENSG00000116406	EDEM3	protein_coding	NA
ENSG00000116455	WDR77	protein_coding	NA
ENSG00000116459	ATP5PB	protein_coding	NA
ENSG00000116473	RAP1A	protein_coding	NA
ENSG00000116478	HDAC1	protein_coding	NA
ENSG00000116489	CAPZA1	protein_coding	NA
ENSG00000116497	S100PBP	protein_coding	NA
ENSG00000116514	RNF19B	protein_coding	NA
ENSG00000116521	SCAMP3	protein_coding	NA
ENSG00000116525	TRIM62	protein_coding	NA
ENSG00000116539	ASH1L	protein_coding	NA
ENSG00000116560	SFPQ	protein_coding	NA
ENSG00000116574	RHOU	protein_coding	NA
ENSG00000116580	GON4L	protein_coding	NA
ENSG00000116586	LAMTOR2	protein_coding	NA
ENSG00000116604	MEF2D	protein_coding	NA
ENSG00000116641	DOCK7	protein_coding	NA
ENSG00000116649	SRM	protein_coding	NA
ENSG00000116661	FBXO2	protein_coding	NA
ENSG00000116663	FBXO6	protein_coding	NA
ENSG00000116667	C1orf21	protein_coding	NA
ENSG00000116668	SWT1	protein_coding	NA
ENSG00000116670	MAD2L2	protein_coding	NA
ENSG00000116675	DNAJC6	protein_coding	NA
ENSG00000116678	LEPR	protein_coding	NA
ENSG00000116679	IVNS1ABP	protein_coding	NA
ENSG00000116685	KIAA2013	protein_coding	NA
ENSG00000116688	MFN2	protein_coding	NA
ENSG00000116691	MIIP	protein_coding	NA
ENSG00000116698	SMG7	protein_coding	NA
ENSG00000116701	NCF2	protein_coding	NA
ENSG00000116704	SLC35D1	protein_coding	NA
ENSG00000116711	PLA2G4A	protein_coding	NA
ENSG00000116717	GADD45A	protein_coding	NA
ENSG00000116729	WLS	protein_coding	NA
ENSG00000116731	PRDM2	protein_coding	NA
ENSG00000116741	RGS2	protein_coding	NA
ENSG00000116747	RO60	protein_coding	NA
ENSG00000116750	UCHL5	protein_coding	NA
ENSG00000116752	BCAS2	protein_coding	NA
ENSG00000116754	SRSF11	protein_coding	NA
ENSG00000116761	CTH	protein_coding	NA
ENSG00000116771	AGMAT	protein_coding	NA
ENSG00000116774	OLFML3	protein_coding	NA
ENSG00000116786	PLEKHM2	protein_coding	NA
ENSG00000116791	CRYZ	protein_coding	NA
ENSG00000116793	PHTF1	protein_coding	NA
ENSG00000116809	ZBTB17	protein_coding	NA
ENSG00000116815	CD58	protein_coding	NA
ENSG00000116830	TTF2	protein_coding	NA
ENSG00000116857	TMEM9	protein_coding	NA
ENSG00000116863	ADPRS	protein_coding	NA
ENSG00000116871	MAP7D1	protein_coding	NA
ENSG00000116874	WARS2	protein_coding	NA
ENSG00000116885	OSCP1	protein_coding	NA
ENSG00000116898	MRPS15	protein_coding	NA
ENSG00000116906	GNPAT	protein_coding	NA
ENSG00000116918	TSNAX	protein_coding	NA
ENSG00000116922	AIRIM	protein_coding	NA
ENSG00000116954	RRAGC	protein_coding	NA
ENSG00000116962	NID1	protein_coding	NA
ENSG00000116977	LGALS8	protein_coding	NA
ENSG00000116984	MTR	protein_coding	NA
ENSG00000116991	SIPA1L2	protein_coding	NA
ENSG00000117000	RLF	protein_coding	NA
ENSG00000117009	KMO	protein_coding	NA
ENSG00000117010	ZNF684	protein_coding	NA
ENSG00000117020	AKT3	protein_coding	NA
ENSG00000117036	ETV3	protein_coding	NA
ENSG00000117054	ACADM	protein_coding	NA
ENSG00000117090	SLAMF1	protein_coding	NA
ENSG00000117091	CD48	protein_coding	NA
ENSG00000117114	ADGRL2	protein_coding	NA
ENSG00000117118	SDHB	protein_coding	NA
ENSG00000117122	MFAP2	protein_coding	NA
ENSG00000117133	RPF1	protein_coding	NA
ENSG00000117139	KDM5B	protein_coding	NA
ENSG00000117143	UAP1	protein_coding	NA
ENSG00000117151		protein_coding	NA
ENSG00000117153	KLHL12	protein_coding	NA
ENSG00000117154	IGSF21	protein_coding	NA
ENSG00000117155	SSX2IP	protein_coding	NA
ENSG00000117174	ZNHIT6	protein_coding	NA
ENSG00000117215	PLA2G2D	protein_coding	NA
ENSG00000117222	RBBP5	protein_coding	NA
ENSG00000117226	GBP3	protein_coding	NA
ENSG00000117228	GBP1	protein_coding	NA
ENSG00000117262	GPR89A	protein_coding	NA
ENSG00000117280	RAB29	protein_coding	NA
ENSG00000117298	ECE1	protein_coding	NA
ENSG00000117305	HMGCL	protein_coding	NA
ENSG00000117308	GALE	protein_coding	NA
ENSG00000117318	ID3	protein_coding	NA
ENSG00000117335	CD46	protein_coding	NA
ENSG00000117360	PRPF3	protein_coding	NA
ENSG00000117362	APH1A	protein_coding	NA
ENSG00000117385	P3H1	protein_coding	NA
ENSG00000117394	SLC2A1	protein_coding	NA
ENSG00000117395	EBNA1BP2	protein_coding	NA
ENSG00000117399	CDC20	protein_coding	NA
ENSG00000117408	IPO13	protein_coding	NA
ENSG00000117410	ATP6V0B	protein_coding	NA
ENSG00000117411	B4GALT2	protein_coding	NA
ENSG00000117419	ERI3	protein_coding	NA
ENSG00000117448	AKR1A1	protein_coding	NA
ENSG00000117450	PRDX1	protein_coding	NA
ENSG00000117461	PIK3R3	protein_coding	NA
ENSG00000117472	TSPAN1	protein_coding	NA
ENSG00000117475	BLZF1	protein_coding	NA
ENSG00000117477	CCDC181	protein_coding	NA
ENSG00000117479	SLC19A2	protein_coding	NA
ENSG00000117480	FAAH	protein_coding	NA
ENSG00000117481	NSUN4	protein_coding	NA
ENSG00000117500	TMED5	protein_coding	NA
ENSG00000117505	DR1	protein_coding	NA
ENSG00000117519	CNN3	protein_coding	NA
ENSG00000117523	PRRC2C	protein_coding	NA
ENSG00000117525	F3	protein_coding	NA
ENSG00000117528	ABCD3	protein_coding	NA
ENSG00000117533	VAMP4	protein_coding	NA
ENSG00000117543	DPH5	protein_coding	NA
ENSG00000117569	PTBP2	protein_coding	NA
ENSG00000117592	PRDX6	protein_coding	NA
ENSG00000117593	DARS2	protein_coding	NA
ENSG00000117594	HSD11B1	protein_coding	NA
ENSG00000117595	IRF6	protein_coding	NA
ENSG00000117597	UTP25	protein_coding	NA
ENSG00000117602	RCAN3	protein_coding	NA
ENSG00000117614	SYF2	protein_coding	NA
ENSG00000117616	RSRP1	protein_coding	NA
ENSG00000117620	SLC35A3	protein_coding	NA
ENSG00000117625	RCOR3	protein_coding	NA
ENSG00000117632	STMN1	protein_coding	NA
ENSG00000117640	MTFR1L	protein_coding	NA
ENSG00000117643	MAN1C1	protein_coding	NA
ENSG00000117650	NEK2	protein_coding	NA
ENSG00000117676	RPS6KA1	protein_coding	NA
ENSG00000117682	DHDDS	protein_coding	NA
ENSG00000117691	NENF	protein_coding	NA
ENSG00000117697	NSL1	protein_coding	NA
ENSG00000117713	ARID1A	protein_coding	NA
ENSG00000117724	CENPF	protein_coding	NA
ENSG00000117748	RPA2	protein_coding	NA
ENSG00000117751	PPP1R8	protein_coding	NA
ENSG00000117758	STX12	protein_coding	NA
ENSG00000117791	MTARC2	protein_coding	NA
ENSG00000117859	OSBPL9	protein_coding	NA
ENSG00000117862	TXNDC12	protein_coding	NA
ENSG00000117868	ESYT2	protein_coding	NA
ENSG00000117877	POLR1G	protein_coding	NA
ENSG00000117899	MESD	protein_coding	NA
ENSG00000117906	RCN2	protein_coding	NA
ENSG00000117984	CTSD	protein_coding	NA
ENSG00000118004	COLEC11	protein_coding	NA
ENSG00000118007	STAG1	protein_coding	NA
ENSG00000118046	STK11	protein_coding	NA
ENSG00000118058	KMT2A	protein_coding	NA
ENSG00000118096	IFT46	protein_coding	NA
ENSG00000118137	APOA1	protein_coding	NA
ENSG00000118162	KPTN	protein_coding	NA
ENSG00000118181	RPS25	protein_coding	NA
ENSG00000118193	KIF14	protein_coding	NA
ENSG00000118194	TNNT2	protein_coding	NA
ENSG00000118197	DDX59	protein_coding	NA
ENSG00000118200	CAMSAP2	protein_coding	NA
ENSG00000118217	ATF6	protein_coding	NA
ENSG00000118231	CRYGD	protein_coding	NA
ENSG00000118242	MREG	protein_coding	NA
ENSG00000118246	FASTKD2	protein_coding	NA
ENSG00000118257	NRP2	protein_coding	NA
ENSG00000118260	CREB1	protein_coding	NA
ENSG00000118263	KLF7	protein_coding	NA
ENSG00000118271	TTR	protein_coding	NA
ENSG00000118292	C1orf54	protein_coding	NA
ENSG00000118308	IRAG2	protein_coding	NA
ENSG00000118363	SPCS2	protein_coding	NA
ENSG00000118402	ELOVL4	protein_coding	NA
ENSG00000118407	FILIP1	protein_coding	NA
ENSG00000118412	CASP8AP2	protein_coding	NA
ENSG00000118418	HMGN3	protein_coding	NA
ENSG00000118420	UBE3D	protein_coding	NA
ENSG00000118454	ANKRD13C	protein_coding	NA
ENSG00000118482	PHF3	protein_coding	NA
ENSG00000118491	ZC2HC1B	protein_coding	NA
ENSG00000118496	FBXO30	protein_coding	NA
ENSG00000118503	TNFAIP3	protein_coding	NA
ENSG00000118507	AKAP7	protein_coding	NA
ENSG00000118508	RAB32	protein_coding	NA
ENSG00000118515	SGK1	protein_coding	NA
ENSG00000118518	RNF146	protein_coding	NA
ENSG00000118520	ARG1	protein_coding	NA
ENSG00000118523	CCN2	protein_coding	NA
ENSG00000118526	TCF21	protein_coding	NA
ENSG00000118564	FBXL5	protein_coding	NA
ENSG00000118579	MED28	protein_coding	NA
ENSG00000118600	RXYLT1	protein_coding	NA
ENSG00000118620	ZNF430	protein_coding	NA
ENSG00000118640	VAMP8	protein_coding	NA
ENSG00000118655	DCLRE1B	protein_coding	NA
ENSG00000118680	MYL12B	protein_coding	NA
ENSG00000118705	RPN2	protein_coding	NA
ENSG00000118762	PKD2	protein_coding	NA
ENSG00000118777	ABCG2	protein_coding	NA
ENSG00000118785	SPP1	protein_coding	NA
ENSG00000118804	STBD1	protein_coding	NA
ENSG00000118816	CCNI	protein_coding	NA
ENSG00000118849	RARRES1	protein_coding	NA
ENSG00000118855	MFSD1	protein_coding	NA
ENSG00000118873	RAB3GAP2	protein_coding	NA
ENSG00000118894	EEF2KMT	protein_coding	NA
ENSG00000118898	PPL	protein_coding	NA
ENSG00000118900	UBN1	protein_coding	NA
ENSG00000118939	UCHL3	protein_coding	NA
ENSG00000118946	PCDH17	protein_coding	NA
ENSG00000118960	HS1BP3	protein_coding	NA
ENSG00000118961	LDAH	protein_coding	NA
ENSG00000118971	CCND2	protein_coding	NA
ENSG00000118985	ELL2	protein_coding	NA
ENSG00000119004	CYP20A1	protein_coding	NA
ENSG00000119013	NDUFB3	protein_coding	NA
ENSG00000119041	GTF3C3	protein_coding	NA
ENSG00000119042	SATB2	protein_coding	NA
ENSG00000119048	UBE2B	protein_coding	NA
ENSG00000119125	GDA	protein_coding	NA
ENSG00000119139	TJP2	protein_coding	NA
ENSG00000119147	ECRG4	protein_coding	NA
ENSG00000119185	ITGB1BP1	protein_coding	NA
ENSG00000119203	CPSF3	protein_coding	NA
ENSG00000119231	SENP5	protein_coding	NA
ENSG00000119242	CCDC92	protein_coding	NA
ENSG00000119280	C1orf198	protein_coding	NA
ENSG00000119285	HEATR1	protein_coding	NA
ENSG00000119314	PTBP3	protein_coding	NA
ENSG00000119318	RAD23B	protein_coding	NA
ENSG00000119321	FKBP15	protein_coding	NA
ENSG00000119326	CTNNAL1	protein_coding	NA
ENSG00000119328	ABITRAM	protein_coding	NA
ENSG00000119333	DYNC2I2	protein_coding	NA
ENSG00000119335	SET	protein_coding	NA
ENSG00000119383	PTPA	protein_coding	NA
ENSG00000119392	GLE1	protein_coding	NA
ENSG00000119396	RAB14	protein_coding	NA
ENSG00000119397	CNTRL	protein_coding	NA
ENSG00000119401	TRIM32	protein_coding	NA
ENSG00000119402	FBXW2	protein_coding	NA
ENSG00000119403	PHF19	protein_coding	NA
ENSG00000119408	NEK6	protein_coding	NA
ENSG00000119414	PPP6C	protein_coding	NA
ENSG00000119421	NDUFA8	protein_coding	NA
ENSG00000119431	HDHD3	protein_coding	NA
ENSG00000119446	RBM18	protein_coding	NA
ENSG00000119471	HSDL2	protein_coding	NA
ENSG00000119487	MAPKAP1	protein_coding	NA
ENSG00000119509	INVS	protein_coding	NA
ENSG00000119514	GALNT12	protein_coding	NA
ENSG00000119522	DENND1A	protein_coding	NA
ENSG00000119523	ALG2	protein_coding	NA
ENSG00000119535	CSF3R	protein_coding	NA
ENSG00000119537	KDSR	protein_coding	NA
ENSG00000119541	VPS4B	protein_coding	NA
ENSG00000119559	C19orf25	protein_coding	NA
ENSG00000119596	YLPM1	protein_coding	NA
ENSG00000119599	DCAF4	protein_coding	NA
ENSG00000119616	FCF1	protein_coding	NA
ENSG00000119630	PGF	protein_coding	NA
ENSG00000119632	IFI27L2	protein_coding	NA
ENSG00000119636	BBOF1	protein_coding	NA
ENSG00000119638	NEK9	protein_coding	NA
ENSG00000119640	ACYP1	protein_coding	NA
ENSG00000119650	IFT43	protein_coding	NA
ENSG00000119655	NPC2	protein_coding	NA
ENSG00000119661	DNAL1	protein_coding	NA
ENSG00000119673	ACOT2	protein_coding	NA
ENSG00000119681	LTBP2	protein_coding	NA
ENSG00000119682	AREL1	protein_coding	NA
ENSG00000119684	MLH3	protein_coding	NA
ENSG00000119685	TTLL5	protein_coding	NA
ENSG00000119686	FLVCR2	protein_coding	NA
ENSG00000119688	ABCD4	protein_coding	NA
ENSG00000119689	DLST	protein_coding	NA
ENSG00000119699	TGFB3	protein_coding	NA
ENSG00000119703	ZC2HC1C	protein_coding	NA
ENSG00000119705	SLIRP	protein_coding	NA
ENSG00000119707	RBM25	protein_coding	NA
ENSG00000119711	ALDH6A1	protein_coding	NA
ENSG00000119718	EIF2B2	protein_coding	NA
ENSG00000119720	NRDE2	protein_coding	NA
ENSG00000119723	COQ6	protein_coding	NA
ENSG00000119725	ZNF410	protein_coding	NA
ENSG00000119729		protein_coding	NA
ENSG00000119760	SUPT7L	protein_coding	NA
ENSG00000119772	DNMT3A	protein_coding	NA
ENSG00000119777	TMEM214	protein_coding	NA
ENSG00000119778	ATAD2B	protein_coding	NA
ENSG00000119782	FKBP1B	protein_coding	NA
ENSG00000119787	ATL2	protein_coding	NA
ENSG00000119801	YPEL5	protein_coding	NA
ENSG00000119812	FAM98A	protein_coding	NA
ENSG00000119820	YIPF4	protein_coding	NA
ENSG00000119844	AFTPH	protein_coding	NA
ENSG00000119862	LGALSL	protein_coding	NA
ENSG00000119865	CNRIP1	protein_coding	NA
ENSG00000119878	CRIPT	protein_coding	NA
ENSG00000119888	EPCAM	protein_coding	NA
ENSG00000119899	SLC17A5	protein_coding	NA
ENSG00000119900	OGFRL1	protein_coding	NA
ENSG00000119906	SLF2	protein_coding	NA
ENSG00000119912	IDE	protein_coding	NA
ENSG00000119915	ELOVL3	protein_coding	NA
ENSG00000119917	IFIT3	protein_coding	NA
ENSG00000119922	IFIT2	protein_coding	NA
ENSG00000119927	GPAM	protein_coding	NA
ENSG00000119929	CUTC	protein_coding	NA
ENSG00000119938	PPP1R3C	protein_coding	NA
ENSG00000119943	PYROXD2	protein_coding	NA
ENSG00000119950	MXI1	protein_coding	NA
ENSG00000119953	SMNDC1	protein_coding	NA
ENSG00000119965	C10orf88	protein_coding	NA
ENSG00000119969	HELLS	protein_coding	NA
ENSG00000119977	TCTN3	protein_coding	NA
ENSG00000119979	DENND10	protein_coding	NA
ENSG00000119986	AVPI1	protein_coding	NA
ENSG00000120008	WDR11	protein_coding	NA
ENSG00000120029	ARMH3	protein_coding	NA
ENSG00000120053	GOT1	protein_coding	NA
ENSG00000120063	GNA13	protein_coding	NA
ENSG00000120071	KANSL1	protein_coding	NA
ENSG00000120075	HOXB5	protein_coding	NA
ENSG00000120129	DUSP1	protein_coding	NA
ENSG00000120137	PANK3	protein_coding	NA
ENSG00000120149	MSX2	protein_coding	NA
ENSG00000120156	TEK	protein_coding	NA
ENSG00000120158	RCL1	protein_coding	NA
ENSG00000120159	CAAP1	protein_coding	NA
ENSG00000120162	MOB3B	protein_coding	NA
ENSG00000120210	INSL6	protein_coding	NA
ENSG00000120211	INSL4	protein_coding	NA
ENSG00000120217	CD274	protein_coding	NA
ENSG00000120253	NUP43	protein_coding	NA
ENSG00000120254	MTHFD1L	protein_coding	NA
ENSG00000120256	LRP11	protein_coding	NA
ENSG00000120265	PCMT1	protein_coding	NA
ENSG00000120278	PLEKHG1	protein_coding	NA
ENSG00000120279	MYCT1	protein_coding	NA
ENSG00000120280	TASL	protein_coding	NA
ENSG00000120306	CYSTM1	protein_coding	NA
ENSG00000120314	WDR55	protein_coding	NA
ENSG00000120333	MRPS14	protein_coding	NA
ENSG00000120334	CENPL	protein_coding	NA
ENSG00000120370	GORAB	protein_coding	NA
ENSG00000120437	ACAT2	protein_coding	NA
ENSG00000120438	TCP1	protein_coding	NA
ENSG00000120451	SNX19	protein_coding	NA
ENSG00000120457	KCNJ5	protein_coding	NA
ENSG00000120458	MSANTD2	protein_coding	NA
ENSG00000120509	PDZD11	protein_coding	NA
ENSG00000120519	SLC10A7	protein_coding	NA
ENSG00000120526	NUDCD1	protein_coding	NA
ENSG00000120533	ENY2	protein_coding	NA
ENSG00000120539	MASTL	protein_coding	NA
ENSG00000120549	KIAA1217	protein_coding	NA
ENSG00000120594	PLXDC2	protein_coding	NA
ENSG00000120616	EPC1	protein_coding	NA
ENSG00000120647	CCDC77	protein_coding	NA
ENSG00000120656	TAF12	protein_coding	NA
ENSG00000120662	MTRF1	protein_coding	NA
ENSG00000120669	SOHLH2	protein_coding	NA
ENSG00000120675	DNAJC15	protein_coding	NA
ENSG00000120685	PROSER1	protein_coding	NA
ENSG00000120686	UFM1	protein_coding	NA
ENSG00000120688	WBP4	protein_coding	NA
ENSG00000120690	ELF1	protein_coding	NA
ENSG00000120693	SMAD9	protein_coding	NA
ENSG00000120694	HSPH1	protein_coding	NA
ENSG00000120697	ALG5	protein_coding	NA
ENSG00000120699	EXOSC8	protein_coding	NA
ENSG00000120705	ETF1	protein_coding	NA
ENSG00000120708	TGFBI	protein_coding	NA
ENSG00000120709	FAM53C	protein_coding	NA
ENSG00000120725	SIL1	protein_coding	NA
ENSG00000120727	PAIP2	protein_coding	NA
ENSG00000120733	KDM3B	protein_coding	NA
ENSG00000120742	SERP1	protein_coding	NA
ENSG00000120784	ZFP30	protein_coding	NA
ENSG00000120798	NR2C1	protein_coding	NA
ENSG00000120800	UTP20	protein_coding	NA
ENSG00000120802	TMPO	protein_coding	NA
ENSG00000120805	ARL1	protein_coding	NA
ENSG00000120820	GLT8D2	protein_coding	NA
ENSG00000120832	MTERF2	protein_coding	NA
ENSG00000120833	SOCS2	protein_coding	NA
ENSG00000120837	NFYB	protein_coding	NA
ENSG00000120860	WASHC3	protein_coding	NA
ENSG00000120868	APAF1	protein_coding	NA
ENSG00000120875	DUSP4	protein_coding	NA
ENSG00000120885	CLU	protein_coding	NA
ENSG00000120889	TNFRSF10B	protein_coding	NA
ENSG00000120896	SORBS3	protein_coding	NA
ENSG00000120899	PTK2B	protein_coding	NA
ENSG00000120910	PPP3CC	protein_coding	NA
ENSG00000120913	PDLIM2	protein_coding	NA
ENSG00000120915	EPHX2	protein_coding	NA
ENSG00000120925	RNF170	protein_coding	NA
ENSG00000120942	UBIAD1	protein_coding	NA
ENSG00000120948	TARDBP	protein_coding	NA
ENSG00000120963	ZNF706	protein_coding	NA
ENSG00000120992	LYPLA1	protein_coding	NA
ENSG00000121005	CRISPLD1	protein_coding	NA
ENSG00000121022	COPS5	protein_coding	NA
ENSG00000121039	RDH10	protein_coding	NA
ENSG00000121057	AKAP1	protein_coding	NA
ENSG00000121058	COIL	protein_coding	NA
ENSG00000121060	TRIM25	protein_coding	NA
ENSG00000121064	SCPEP1	protein_coding	NA
ENSG00000121067	SPOP	protein_coding	NA
ENSG00000121068	TBX2	protein_coding	NA
ENSG00000121073	SLC35B1	protein_coding	NA
ENSG00000121101	TEX14	protein_coding	NA
ENSG00000121152	NCAPH	protein_coding	NA
ENSG00000121211	MND1	protein_coding	NA
ENSG00000121236	TRIM6	protein_coding	NA
ENSG00000121274	TENT4B	protein_coding	NA
ENSG00000121281	ADCY7	protein_coding	NA
ENSG00000121289	CEP89	protein_coding	NA
ENSG00000121310	ECHDC2	protein_coding	NA
ENSG00000121316	PLBD1	protein_coding	NA
ENSG00000121350	PYROXD1	protein_coding	NA
ENSG00000121361	KCNJ8	protein_coding	NA
ENSG00000121390	PSPC1	protein_coding	NA
ENSG00000121406	ZNF549	protein_coding	NA
ENSG00000121410	A1BG	protein_coding	NA
ENSG00000121413	ZSCAN18	protein_coding	NA
ENSG00000121417	ZNF211	protein_coding	NA
ENSG00000121481	RNF2	protein_coding	NA
ENSG00000121486	TRMT1L	protein_coding	NA
ENSG00000121542	SEC22A	protein_coding	NA
ENSG00000121552	CSTA	protein_coding	NA
ENSG00000121570	DPPA4	protein_coding	NA
ENSG00000121577	POPDC2	protein_coding	NA
ENSG00000121578	B4GALT4	protein_coding	NA
ENSG00000121579	NAA50	protein_coding	NA
ENSG00000121621	KIF18A	protein_coding	NA
ENSG00000121644	DESI2	protein_coding	NA
ENSG00000121680	PEX16	protein_coding	NA
ENSG00000121690	DEPDC7	protein_coding	NA
ENSG00000121691	CAT	protein_coding	NA
ENSG00000121716	PILRB	protein_coding	NA
ENSG00000121741	ZMYM2	protein_coding	NA
ENSG00000121749	TBC1D15	protein_coding	NA
ENSG00000121766	ZCCHC17	protein_coding	NA
ENSG00000121769	FABP3	protein_coding	NA
ENSG00000121774	KHDRBS1	protein_coding	NA
ENSG00000121775	TMEM39B	protein_coding	NA
ENSG00000121797	CCRL2	protein_coding	NA
ENSG00000121851	POLR3GL	protein_coding	NA
ENSG00000121858	TNFSF10	protein_coding	NA
ENSG00000121864	ZNF639	protein_coding	NA
ENSG00000121879	PIK3CA	protein_coding	NA
ENSG00000121892	PDS5A	protein_coding	NA
ENSG00000121897	LIAS	protein_coding	NA
ENSG00000121898	CPXM2	protein_coding	NA
ENSG00000121900	TMEM54	protein_coding	NA
ENSG00000121903	ZSCAN20	protein_coding	NA
ENSG00000121931	LRIF1	protein_coding	NA
ENSG00000121933	TMIGD3	protein_coding	NA
ENSG00000121940	CLCC1	protein_coding	NA
ENSG00000121957	GPSM2	protein_coding	NA
ENSG00000121964	GTDC1	protein_coding	NA
ENSG00000121966	CXCR4	protein_coding	NA
ENSG00000121988	ZRANB3	protein_coding	NA
ENSG00000121989	ACVR2A	protein_coding	NA
ENSG00000122008	POLK	protein_coding	NA
ENSG00000122026	RPL21	protein_coding	NA
ENSG00000122033	MTIF3	protein_coding	NA
ENSG00000122034	GTF3A	protein_coding	NA
ENSG00000122035	RASL11A	protein_coding	NA
ENSG00000122042	UBL3	protein_coding	NA
ENSG00000122068	FYTTD1	protein_coding	NA
ENSG00000122085	MTERF4	protein_coding	NA
ENSG00000122121	XPNPEP2	protein_coding	NA
ENSG00000122126	OCRL	protein_coding	NA
ENSG00000122133	PAEP	protein_coding	NA
ENSG00000122140	MRPS2	protein_coding	NA
ENSG00000122176	FMOD	protein_coding	NA
ENSG00000122203	KIAA1191	protein_coding	NA
ENSG00000122218	COPA	protein_coding	NA
ENSG00000122257	RBBP6	protein_coding	NA
ENSG00000122299	ZC3H7A	protein_coding	NA
ENSG00000122359	ANXA11	protein_coding	NA
ENSG00000122376	SHLD2	protein_coding	NA
ENSG00000122378	PRXL2A	protein_coding	NA
ENSG00000122386	ZNF205	protein_coding	NA
ENSG00000122390	NAA60	protein_coding	NA
ENSG00000122406	RPL5	protein_coding	NA
ENSG00000122417	ODF2L	protein_coding	NA
ENSG00000122435	TRMT13	protein_coding	NA
ENSG00000122477	LRRC39	protein_coding	NA
ENSG00000122481	RWDD3	protein_coding	NA
ENSG00000122482	ZNF644	protein_coding	NA
ENSG00000122483	CCDC18	protein_coding	NA
ENSG00000122484	RPAP2	protein_coding	NA
ENSG00000122490	SLC66A2	protein_coding	NA
ENSG00000122507	BBS9	protein_coding	NA
ENSG00000122512	PMS2	protein_coding	NA
ENSG00000122515	ZMIZ2	protein_coding	NA
ENSG00000122545	SEPTIN7	protein_coding	NA
ENSG00000122550	KLHL7	protein_coding	NA
ENSG00000122557	HERPUD2	protein_coding	NA
ENSG00000122565	CBX3	protein_coding	NA
ENSG00000122566	HNRNPA2B1	protein_coding	NA
ENSG00000122585	NPY	protein_coding	NA
ENSG00000122591	HYCC1	protein_coding	NA
ENSG00000122592	HOXA7	protein_coding	NA
ENSG00000122641	INHBA	protein_coding	NA
ENSG00000122642	FKBP9	protein_coding	NA
ENSG00000122643	NT5C3A	protein_coding	NA
ENSG00000122644	ARL4A	protein_coding	NA
ENSG00000122674	CCZ1	protein_coding	NA
ENSG00000122678	POLM	protein_coding	NA
ENSG00000122679	RAMP3	protein_coding	NA
ENSG00000122687	MRM2	protein_coding	NA
ENSG00000122691	TWIST1	protein_coding	NA
ENSG00000122692	SMU1	protein_coding	NA
ENSG00000122694	GLIPR2	protein_coding	NA
ENSG00000122696	SLC25A51	protein_coding	NA
ENSG00000122705	CLTA	protein_coding	NA
ENSG00000122707	RECK	protein_coding	NA
ENSG00000122729	ACO1	protein_coding	NA
ENSG00000122741	DCAF10	protein_coding	NA
ENSG00000122778	KIAA1549	protein_coding	NA
ENSG00000122779	TRIM24	protein_coding	NA
ENSG00000122783	CYREN	protein_coding	NA
ENSG00000122786	CALD1	protein_coding	NA
ENSG00000122787	AKR1D1	protein_coding	NA
ENSG00000122861	PLAU	protein_coding	NA
ENSG00000122862	SRGN	protein_coding	NA
ENSG00000122873	CISD1	protein_coding	NA
ENSG00000122882	ECD	protein_coding	NA
ENSG00000122884	P4HA1	protein_coding	NA
ENSG00000122912	SLC25A16	protein_coding	NA
ENSG00000122952	ZWINT	protein_coding	NA
ENSG00000122958	VPS26A	protein_coding	NA
ENSG00000122965	RBM19	protein_coding	NA
ENSG00000122970	IFT81	protein_coding	NA
ENSG00000122971	ACADS	protein_coding	NA
ENSG00000122986	HVCN1	protein_coding	NA
ENSG00000123064	DDX54	protein_coding	NA
ENSG00000123066	MED13L	protein_coding	NA
ENSG00000123080	CDKN2C	protein_coding	NA
ENSG00000123091	RNF11	protein_coding	NA
ENSG00000123094	RASSF8	protein_coding	NA
ENSG00000123095	BHLHE41	protein_coding	NA
ENSG00000123096	SSPN	protein_coding	NA
ENSG00000123104	ITPR2	protein_coding	NA
ENSG00000123106	CCDC91	protein_coding	NA
ENSG00000123124	WWP1	protein_coding	NA
ENSG00000123130	ACOT9	protein_coding	NA
ENSG00000123131	PRDX4	protein_coding	NA
ENSG00000123136	DDX39A	protein_coding	NA
ENSG00000123143	PKN1	protein_coding	NA
ENSG00000123144	TRIR	protein_coding	NA
ENSG00000123146	ADGRE5	protein_coding	NA
ENSG00000123154	WDR83	protein_coding	NA
ENSG00000123159	GIPC1	protein_coding	NA
ENSG00000123178	SPRYD7	protein_coding	NA
ENSG00000123179	EBPL	protein_coding	NA
ENSG00000123200	ZC3H13	protein_coding	NA
ENSG00000123213	NLN	protein_coding	NA
ENSG00000123219	CENPK	protein_coding	NA
ENSG00000123240	OPTN	protein_coding	NA
ENSG00000123243	ITIH5	protein_coding	NA
ENSG00000123268	ATF1	protein_coding	NA
ENSG00000123297	TSFM	protein_coding	NA
ENSG00000123338	NCKAP1L	protein_coding	NA
ENSG00000123342	MMP19	protein_coding	NA
ENSG00000123349	PFDN5	protein_coding	NA
ENSG00000123352	SPATS2	protein_coding	NA
ENSG00000123353	ORMDL2	protein_coding	NA
ENSG00000123358	NR4A1	protein_coding	NA
ENSG00000123374	CDK2	protein_coding	NA
ENSG00000123384	LRP1	protein_coding	NA
ENSG00000123388	HOXC11	protein_coding	NA
ENSG00000123395	ATG101	protein_coding	NA
ENSG00000123405	NFE2	protein_coding	NA
ENSG00000123415	SMUG1	protein_coding	NA
ENSG00000123416	TUBA1B	protein_coding	NA
ENSG00000123427	EEF1AKMT3	protein_coding	NA
ENSG00000123444	KBTBD4	protein_coding	NA
ENSG00000123472	ATPAF1	protein_coding	NA
ENSG00000123485	HJURP	protein_coding	NA
ENSG00000123496	IL13RA2	protein_coding	NA
ENSG00000123505	AMD1	protein_coding	NA
ENSG00000123545	NDUFAF4	protein_coding	NA
ENSG00000123552	USP45	protein_coding	NA
ENSG00000123562	MORF4L2	protein_coding	NA
ENSG00000123570	RAB9B	protein_coding	NA
ENSG00000123572	NRK	protein_coding	NA
ENSG00000123595	RAB9A	protein_coding	NA
ENSG00000123600	METTL8	protein_coding	NA
ENSG00000123607	TTC21B	protein_coding	NA
ENSG00000123609	NMI	protein_coding	NA
ENSG00000123610	TNFAIP6	protein_coding	NA
ENSG00000123636	BAZ2B	protein_coding	NA
ENSG00000123685	BATF3	protein_coding	NA
ENSG00000123689	G0S2	protein_coding	NA
ENSG00000123700	KCNJ2	protein_coding	NA
ENSG00000123728	RAP2C	protein_coding	NA
ENSG00000123737	EXOSC9	protein_coding	NA
ENSG00000123739	PLA2G12A	protein_coding	NA
ENSG00000123810	B9D2	protein_coding	NA
ENSG00000123815	COQ8B	protein_coding	NA
ENSG00000123843	C4BPB	protein_coding	NA
ENSG00000123892	RAB38	protein_coding	NA
ENSG00000123908	AGO2	protein_coding	NA
ENSG00000123933	MXD4	protein_coding	NA
ENSG00000123975	CKS2	protein_coding	NA
ENSG00000123977	DAW1	protein_coding	NA
ENSG00000123983	ACSL3	protein_coding	NA
ENSG00000123989	CHPF	protein_coding	NA
ENSG00000123992	DNPEP	protein_coding	NA
ENSG00000123999	INHA	protein_coding	NA
ENSG00000124006	OBSL1	protein_coding	NA
ENSG00000124019	FAM124B	protein_coding	NA
ENSG00000124067	SLC12A4	protein_coding	NA
ENSG00000124074	ENKD1	protein_coding	NA
ENSG00000124098	FAM210B	protein_coding	NA
ENSG00000124102	PI3	protein_coding	NA
ENSG00000124104	SNX21	protein_coding	NA
ENSG00000124107	SLPI	protein_coding	NA
ENSG00000124116	WFDC3	protein_coding	NA
ENSG00000124120	TTPAL	protein_coding	NA
ENSG00000124140	SLC12A5	protein_coding	NA
ENSG00000124145	SDC4	protein_coding	NA
ENSG00000124151	NCOA3	protein_coding	NA
ENSG00000124155	PIGT	protein_coding	NA
ENSG00000124160	NCOA5	protein_coding	NA
ENSG00000124164	VAPB	protein_coding	NA
ENSG00000124171	PARD6B	protein_coding	NA
ENSG00000124172	ATP5F1E	protein_coding	NA
ENSG00000124177	CHD6	protein_coding	NA
ENSG00000124181	PLCG1	protein_coding	NA
ENSG00000124193	SRSF6	protein_coding	NA
ENSG00000124198	ARFGEF2	protein_coding	NA
ENSG00000124201	ZNFX1	protein_coding	NA
ENSG00000124207	CSE1L	protein_coding	NA
ENSG00000124209	RAB22A	protein_coding	NA
ENSG00000124214	STAU1	protein_coding	NA
ENSG00000124215	CDH26	protein_coding	NA
ENSG00000124216	SNAI1	protein_coding	NA
ENSG00000124222	STX16	protein_coding	NA
ENSG00000124226	RNF114	protein_coding	NA
ENSG00000124228	DDX27	protein_coding	NA
ENSG00000124243	BCAS4	protein_coding	NA
ENSG00000124257	NEURL2	protein_coding	NA
ENSG00000124260	MAGEA10	protein_coding	NA
ENSG00000124275	MTRR	protein_coding	NA
ENSG00000124279	FASTKD3	protein_coding	NA
ENSG00000124299	PEPD	protein_coding	NA
ENSG00000124313	IQSEC2	protein_coding	NA
ENSG00000124333	VAMP7	protein_coding	NA
ENSG00000124343	XG	protein_coding	NA
ENSG00000124356	STAMBP	protein_coding	NA
ENSG00000124357	NAGK	protein_coding	NA
ENSG00000124370	MCEE	protein_coding	NA
ENSG00000124374	PAIP2B	protein_coding	NA
ENSG00000124380	SNRNP27	protein_coding	NA
ENSG00000124383	MPHOSPH10	protein_coding	NA
ENSG00000124422	USP22	protein_coding	NA
ENSG00000124429	POF1B	protein_coding	NA
ENSG00000124440	HIF3A	protein_coding	NA
ENSG00000124444	ZNF576	protein_coding	NA
ENSG00000124459	ZNF45	protein_coding	NA
ENSG00000124466	LYPD3	protein_coding	NA
ENSG00000124467	PSG8	protein_coding	NA
ENSG00000124479	NDP	protein_coding	NA
ENSG00000124486	USP9X	protein_coding	NA
ENSG00000124491	F13A1	protein_coding	NA
ENSG00000124523	SIRT5	protein_coding	NA
ENSG00000124532	MRS2	protein_coding	NA
ENSG00000124535	WRNIP1	protein_coding	NA
ENSG00000124541	RRP36	protein_coding	NA
ENSG00000124562	SNRPC	protein_coding	NA
ENSG00000124570	SERPINB6	protein_coding	NA
ENSG00000124571	XPO5	protein_coding	NA
ENSG00000124574	ABCC10	protein_coding	NA
ENSG00000124588	NQO2	protein_coding	NA
ENSG00000124596	OARD1	protein_coding	NA
ENSG00000124614	RPS10	protein_coding	NA
ENSG00000124615	MOCS1	protein_coding	NA
ENSG00000124635	H2BC11	protein_coding	NA
ENSG00000124641	MED20	protein_coding	NA
ENSG00000124688	MAD2L1BP	protein_coding	NA
ENSG00000124701	APOBEC2	protein_coding	NA
ENSG00000124702	KLHDC3	protein_coding	NA
ENSG00000124713	GNMT	protein_coding	NA
ENSG00000124731	TREM1	protein_coding	NA
ENSG00000124733	MEA1	protein_coding	NA
ENSG00000124749	COL21A1	protein_coding	NA
ENSG00000124762	CDKN1A	protein_coding	NA
ENSG00000124767	GLO1	protein_coding	NA
ENSG00000124780	KCNK17	protein_coding	NA
ENSG00000124782	RREB1	protein_coding	NA
ENSG00000124783	SSR1	protein_coding	NA
ENSG00000124784	RIOK1	protein_coding	NA
ENSG00000124785	NRN1	protein_coding	NA
ENSG00000124786	SLC35B3	protein_coding	NA
ENSG00000124787	RPP40	protein_coding	NA
ENSG00000124788	ATXN1	protein_coding	NA
ENSG00000124789	NUP153	protein_coding	NA
ENSG00000124795	DEK	protein_coding	NA
ENSG00000124802	EEF1E1	protein_coding	NA
ENSG00000124831	LRRFIP1	protein_coding	NA
ENSG00000124839	RAB17	protein_coding	NA
ENSG00000124935	SCGB1D2	protein_coding	NA
ENSG00000124939	SCGB2A1	protein_coding	NA
ENSG00000124942	AHNAK	protein_coding	NA
ENSG00000125037	EMC3	protein_coding	NA
ENSG00000125089	SH3TC1	protein_coding	NA
ENSG00000125107	CNOT1	protein_coding	NA
ENSG00000125124	BBS2	protein_coding	NA
ENSG00000125144	MT1G	protein_coding	NA
ENSG00000125148	MT2A	protein_coding	NA
ENSG00000125149	PHAF1	protein_coding	NA
ENSG00000125166	GOT2	protein_coding	NA
ENSG00000125170	DOK4	protein_coding	NA
ENSG00000125246	CLYBL	protein_coding	NA
ENSG00000125247	TMTC4	protein_coding	NA
ENSG00000125249	RAP2A	protein_coding	NA
ENSG00000125257	ABCC4	protein_coding	NA
ENSG00000125266	EFNB2	protein_coding	NA
ENSG00000125304	TM9SF2	protein_coding	NA
ENSG00000125319	HROB	protein_coding	NA
ENSG00000125347	IRF1	protein_coding	NA
ENSG00000125351	UPF3B	protein_coding	NA
ENSG00000125354	SEPTIN6	protein_coding	NA
ENSG00000125356	NDUFA1	protein_coding	NA
ENSG00000125375	DMAC2L	protein_coding	NA
ENSG00000125378	BMP4	protein_coding	NA
ENSG00000125384	PTGER2	protein_coding	NA
ENSG00000125386	FAM193A	protein_coding	NA
ENSG00000125388	GRK4	protein_coding	NA
ENSG00000125430	HS3ST3B1	protein_coding	NA
ENSG00000125434	SLC25A35	protein_coding	NA
ENSG00000125445	MRPS7	protein_coding	NA
ENSG00000125447	GGA3	protein_coding	NA
ENSG00000125449	ARMC7	protein_coding	NA
ENSG00000125450	NUP85	protein_coding	NA
ENSG00000125454	SLC25A19	protein_coding	NA
ENSG00000125457	MIF4GD	protein_coding	NA
ENSG00000125458	NT5C	protein_coding	NA
ENSG00000125459	MSTO1	protein_coding	NA
ENSG00000125482	TTF1	protein_coding	NA
ENSG00000125484	GTF3C4	protein_coding	NA
ENSG00000125485	DDX31	protein_coding	NA
ENSG00000125503	PPP1R12C	protein_coding	NA
ENSG00000125520	SLC2A4RG	protein_coding	NA
ENSG00000125534	PPDPF	protein_coding	NA
ENSG00000125538	IL1B	protein_coding	NA
ENSG00000125571	IL37	protein_coding	NA
ENSG00000125611	CHCHD5	protein_coding	NA
ENSG00000125618	PAX8	protein_coding	NA
ENSG00000125629	INSIG2	protein_coding	NA
ENSG00000125633	CCDC93	protein_coding	NA
ENSG00000125637	PSD4	protein_coding	NA
ENSG00000125651	GTF2F1	protein_coding	NA
ENSG00000125652	ALKBH7	protein_coding	NA
ENSG00000125656	CLPP	protein_coding	NA
ENSG00000125676	THOC2	protein_coding	NA
ENSG00000125686	MED1	protein_coding	NA
ENSG00000125691	RPL23	protein_coding	NA
ENSG00000125703	ATG4C	protein_coding	NA
ENSG00000125726	CD70	protein_coding	NA
ENSG00000125730	C3	protein_coding	NA
ENSG00000125733	TRIP10	protein_coding	NA
ENSG00000125734	GPR108	protein_coding	NA
ENSG00000125740	FOSB	protein_coding	NA
ENSG00000125741	OPA3	protein_coding	NA
ENSG00000125743	SNRPD2	protein_coding	NA
ENSG00000125744	RTN2	protein_coding	NA
ENSG00000125746	EML2	protein_coding	NA
ENSG00000125753	VASP	protein_coding	NA
ENSG00000125755	SYMPK	protein_coding	NA
ENSG00000125772	GPCPD1	protein_coding	NA
ENSG00000125775	SDCBP2	protein_coding	NA
ENSG00000125779	PANK2	protein_coding	NA
ENSG00000125787	GNRH2	protein_coding	NA
ENSG00000125804	FAM182A	lncRNA	NA
ENSG00000125810	CD93	protein_coding	NA
ENSG00000125812	GZF1	protein_coding	NA
ENSG00000125814	NAPB	protein_coding	NA
ENSG00000125818	PSMF1	protein_coding	NA
ENSG00000125821	DTD1	protein_coding	NA
ENSG00000125826	RBCK1	protein_coding	NA
ENSG00000125827	TMX4	protein_coding	NA
ENSG00000125834	STK35	protein_coding	NA
ENSG00000125835	SNRPB	protein_coding	NA
ENSG00000125841	NRSN2	protein_coding	NA
ENSG00000125843	AP5S1	protein_coding	NA
ENSG00000125844	RRBP1	protein_coding	NA
ENSG00000125846	ZNF133	protein_coding	NA
ENSG00000125848	FLRT3	protein_coding	NA
ENSG00000125863	MKKS	protein_coding	NA
ENSG00000125868	DSTN	protein_coding	NA
ENSG00000125869	LAMP5	protein_coding	NA
ENSG00000125870	SNRPB2	protein_coding	NA
ENSG00000125871	MGME1	protein_coding	NA
ENSG00000125875	TBC1D20	protein_coding	NA
ENSG00000125877	ITPA	protein_coding	NA
ENSG00000125885	MCM8	protein_coding	NA
ENSG00000125901	MRPS26	protein_coding	NA
ENSG00000125944	HNRNPR	protein_coding	NA
ENSG00000125952	MAX	protein_coding	NA
ENSG00000125962	ARMCX5	protein_coding	NA
ENSG00000125968	ID1	protein_coding	NA
ENSG00000125970	RALY	protein_coding	NA
ENSG00000125971	DYNLRB1	protein_coding	NA
ENSG00000125977	EIF2S2	protein_coding	NA
ENSG00000125991	ERGIC3	protein_coding	NA
ENSG00000125995	ROMO1	protein_coding	NA
ENSG00000126001	CEP250	protein_coding	NA
ENSG00000126003	PLAGL2	protein_coding	NA
ENSG00000126005	MMP24OS	protein_coding	NA
ENSG00000126016	AMOT	protein_coding	NA
ENSG00000126062	TMEM115	protein_coding	NA
ENSG00000126067	PSMB2	protein_coding	NA
ENSG00000126070	AGO3	protein_coding	NA
ENSG00000126088	UROD	protein_coding	NA
ENSG00000126091	ST3GAL3	protein_coding	NA
ENSG00000126106	TMEM53	protein_coding	NA
ENSG00000126107	HECTD3	protein_coding	NA
ENSG00000126214	KLC1	protein_coding	NA
ENSG00000126215	XRCC3	protein_coding	NA
ENSG00000126216	TUBGCP3	protein_coding	NA
ENSG00000126218	F10	protein_coding	NA
ENSG00000126226	PCID2	protein_coding	NA
ENSG00000126246	IGFLR1	protein_coding	NA
ENSG00000126247	CAPNS1	protein_coding	NA
ENSG00000126249	PDCD2L	protein_coding	NA
ENSG00000126254	RBM42	protein_coding	NA
ENSG00000126261	UBA2	protein_coding	NA
ENSG00000126264	HCST	protein_coding	NA
ENSG00000126267	COX6B1	protein_coding	NA
ENSG00000126353	CCR7	protein_coding	NA
ENSG00000126368	NR1D1	protein_coding	NA
ENSG00000126391	FRMD8	protein_coding	NA
ENSG00000126432	PRDX5	protein_coding	NA
ENSG00000126453	BCL2L12	protein_coding	NA
ENSG00000126456	IRF3	protein_coding	NA
ENSG00000126457	PRMT1	protein_coding	NA
ENSG00000126458	RRAS	protein_coding	NA
ENSG00000126460	PRRG2	protein_coding	NA
ENSG00000126461	SCAF1	protein_coding	NA
ENSG00000126464	PRR12	protein_coding	NA
ENSG00000126467	TSKS	protein_coding	NA
ENSG00000126522	ASL	protein_coding	NA
ENSG00000126524	SBDS	protein_coding	NA
ENSG00000126561	STAT5A	protein_coding	NA
ENSG00000126581	BECN1	protein_coding	NA
ENSG00000126602	TRAP1	protein_coding	NA
ENSG00000126653	NSRP1	protein_coding	NA
ENSG00000126698	DNAJC8	protein_coding	NA
ENSG00000126709	IFI6	protein_coding	NA
ENSG00000126746	ZNF384	protein_coding	NA
ENSG00000126749	EMG1	protein_coding	NA
ENSG00000126756	UXT	protein_coding	NA
ENSG00000126759	CFP	protein_coding	NA
ENSG00000126767	ELK1	protein_coding	NA
ENSG00000126768	TIMM17B	protein_coding	NA
ENSG00000126773	PCNX4	protein_coding	NA
ENSG00000126775	ATG14	protein_coding	NA
ENSG00000126777	KTN1	protein_coding	NA
ENSG00000126785	RHOJ	protein_coding	NA
ENSG00000126787	DLGAP5	protein_coding	NA
ENSG00000126790	L3HYPDH	protein_coding	NA
ENSG00000126804	ZBTB1	protein_coding	NA
ENSG00000126814	TRMT5	protein_coding	NA
ENSG00000126821	SGPP1	protein_coding	NA
ENSG00000126822	PLEKHG3	protein_coding	NA
ENSG00000126838	PZP	protein_coding	NA
ENSG00000126858	RHOT1	protein_coding	NA
ENSG00000126860	EVI2A	protein_coding	NA
ENSG00000126861	OMG	protein_coding	NA
ENSG00000126870	DYNC2I1	protein_coding	NA
ENSG00000126878	AIF1L	protein_coding	NA
ENSG00000126882	FAM78A	protein_coding	NA
ENSG00000126883	NUP214	protein_coding	NA
ENSG00000126890	CTAG2	protein_coding	NA
ENSG00000126903	SLC10A3	protein_coding	NA
ENSG00000126934	MAP2K2	protein_coding	NA
ENSG00000126945	HNRNPH2	protein_coding	NA
ENSG00000126947	ARMCX1	protein_coding	NA
ENSG00000126953	TIMM8A	protein_coding	NA
ENSG00000126970	ZC4H2	protein_coding	NA
ENSG00000127022	CANX	protein_coding	NA
ENSG00000127054	INTS11	protein_coding	NA
ENSG00000127080	IPPK	protein_coding	NA
ENSG00000127081	ZNF484	protein_coding	NA
ENSG00000127083	OMD	protein_coding	NA
ENSG00000127084	FGD3	protein_coding	NA
ENSG00000127125	PPCS	protein_coding	NA
ENSG00000127184	COX7C	protein_coding	NA
ENSG00000127191	TRAF2	protein_coding	NA
ENSG00000127220	ABHD8	protein_coding	NA
ENSG00000127249	ATP13A4	protein_coding	NA
ENSG00000127314	RAP1B	protein_coding	NA
ENSG00000127324	TSPAN8	protein_coding	NA
ENSG00000127328	RAB3IP	protein_coding	NA
ENSG00000127329	PTPRB	protein_coding	NA
ENSG00000127337	YEATS4	protein_coding	NA
ENSG00000127377	CRYGN	protein_coding	NA
ENSG00000127399	LRRC61	protein_coding	NA
ENSG00000127415	IDUA	protein_coding	NA
ENSG00000127419	TMEM175	protein_coding	NA
ENSG00000127423	AUNIP	protein_coding	NA
ENSG00000127445	PIN1	protein_coding	NA
ENSG00000127452	FBXL12	protein_coding	NA
ENSG00000127463	EMC1	protein_coding	NA
ENSG00000127472	PLA2G5	protein_coding	NA
ENSG00000127481	UBR4	protein_coding	NA
ENSG00000127483	HP1BP3	protein_coding	NA
ENSG00000127511	SIN3B	protein_coding	NA
ENSG00000127526	SLC35E1	protein_coding	NA
ENSG00000127527	EPS15L1	protein_coding	NA
ENSG00000127528	KLF2	protein_coding	NA
ENSG00000127540	UQCR11	protein_coding	NA
ENSG00000127554	GFER	protein_coding	NA
ENSG00000127561	SYNGR3	protein_coding	NA
ENSG00000127564	PKMYT1	protein_coding	NA
ENSG00000127580	WDR24	protein_coding	NA
ENSG00000127586	CHTF18	protein_coding	NA
ENSG00000127603	MACF1	protein_coding	NA
ENSG00000127616	SMARCA4	protein_coding	NA
ENSG00000127663	KDM4B	protein_coding	NA
ENSG00000127720	METTL25	protein_coding	NA
ENSG00000127743	IL17B	protein_coding	NA
ENSG00000127774	EMC6	protein_coding	NA
ENSG00000127804	METTL16	protein_coding	NA
ENSG00000127824	TUBA4A	protein_coding	NA
ENSG00000127837	AAMP	protein_coding	NA
ENSG00000127838	PNKD	protein_coding	NA
ENSG00000127870	RNF6	protein_coding	NA
ENSG00000127884	ECHS1	protein_coding	NA
ENSG00000127914	AKAP9	protein_coding	NA
ENSG00000127920	GNG11	protein_coding	NA
ENSG00000127922	SEM1	protein_coding	NA
ENSG00000127928	GNGT1	protein_coding	NA
ENSG00000127946	HIP1	protein_coding	NA
ENSG00000127947	PTPN12	protein_coding	NA
ENSG00000127948	POR	protein_coding	NA
ENSG00000127951	FGL2	protein_coding	NA
ENSG00000127952	STYXL1	protein_coding	NA
ENSG00000127954	STEAP4	protein_coding	NA
ENSG00000127955	GNAI1	protein_coding	NA
ENSG00000127980	PEX1	protein_coding	NA
ENSG00000127989	MTERF1	protein_coding	NA
ENSG00000127990	SGCE	protein_coding	NA
ENSG00000127993	RBM48	protein_coding	NA
ENSG00000127995	CASD1	protein_coding	NA
ENSG00000128000	ZNF780B	protein_coding	NA
ENSG00000128016	ZFP36	protein_coding	NA
ENSG00000128039	SRD5A3	protein_coding	NA
ENSG00000128045	RASL11B	protein_coding	NA
ENSG00000128050	PAICS	protein_coding	NA
ENSG00000128052	KDR	protein_coding	NA
ENSG00000128059	PPAT	protein_coding	NA
ENSG00000128159	TUBGCP6	protein_coding	NA
ENSG00000128185	DGCR6L	protein_coding	NA
ENSG00000128191	DGCR8	protein_coding	NA
ENSG00000128228	SDF2L1	protein_coding	NA
ENSG00000128245	YWHAH	protein_coding	NA
ENSG00000128272	ATF4	protein_coding	NA
ENSG00000128274	A4GALT	protein_coding	NA
ENSG00000128283	CDC42EP1	protein_coding	NA
ENSG00000128284	APOL3	protein_coding	NA
ENSG00000128294	TPST2	protein_coding	NA
ENSG00000128309	MPST	protein_coding	NA
ENSG00000128311	TST	protein_coding	NA
ENSG00000128335	APOL2	protein_coding	NA
ENSG00000128340	RAC2	protein_coding	NA
ENSG00000128383	APOBEC3A	protein_coding	NA
ENSG00000128394	APOBEC3F	protein_coding	NA
ENSG00000128408	RIBC2	protein_coding	NA
ENSG00000128422	KRT17	protein_coding	NA
ENSG00000128463	EMC4	protein_coding	NA
ENSG00000128487	SPECC1	protein_coding	NA
ENSG00000128510	CPA4	protein_coding	NA
ENSG00000128524	ATP6V1F	protein_coding	NA
ENSG00000128534	LSM8	protein_coding	NA
ENSG00000128563	PRKRIP1	protein_coding	NA
ENSG00000128578	STRIP2	protein_coding	NA
ENSG00000128581	IFT22	protein_coding	NA
ENSG00000128585	MKLN1	protein_coding	NA
ENSG00000128590	DNAJB9	protein_coding	NA
ENSG00000128595	CALU	protein_coding	NA
ENSG00000128596	CCDC136	protein_coding	NA
ENSG00000128604	IRF5	protein_coding	NA
ENSG00000128607	KLHDC10	protein_coding	NA
ENSG00000128609	NDUFA5	protein_coding	NA
ENSG00000128626	MRPS12	protein_coding	NA
ENSG00000128641	MYO1B	protein_coding	NA
ENSG00000128654	MTX2	protein_coding	NA
ENSG00000128656	CHN1	protein_coding	NA
ENSG00000128683	GAD1	protein_coding	NA
ENSG00000128694	OSGEPL1	protein_coding	NA
ENSG00000128699	ORMDL1	protein_coding	NA
ENSG00000128708	HAT1	protein_coding	NA
ENSG00000128713	HOXD11	protein_coding	NA
ENSG00000128731	HERC2	protein_coding	NA
ENSG00000128739	SNRPN	protein_coding	NA
ENSG00000128789	PSMG2	protein_coding	NA
ENSG00000128791	TWSG1	protein_coding	NA
ENSG00000128805	ARHGAP22	protein_coding	NA
ENSG00000128829	EIF2AK4	protein_coding	NA
ENSG00000128833	MYO5C	protein_coding	NA
ENSG00000128849	CGNL1	protein_coding	NA
ENSG00000128872	TMOD2	protein_coding	NA
ENSG00000128881	TTBK2	protein_coding	NA
ENSG00000128886	ELL3	protein_coding	NA
ENSG00000128891	CCDC32	protein_coding	NA
ENSG00000128908	INO80	protein_coding	NA
ENSG00000128915	ICE2	protein_coding	NA
ENSG00000128917	DLL4	protein_coding	NA
ENSG00000128918	ALDH1A2	protein_coding	NA
ENSG00000128923	MINDY2	protein_coding	NA
ENSG00000128928	IVD	protein_coding	NA
ENSG00000128944	KNSTRN	protein_coding	NA
ENSG00000128951	DUT	protein_coding	NA
ENSG00000128965	CHAC1	protein_coding	NA
ENSG00000128973	CLN6	protein_coding	NA
ENSG00000128989	ARPP19	protein_coding	NA
ENSG00000129003	VPS13C	protein_coding	NA
ENSG00000129007	CALML4	protein_coding	NA
ENSG00000129009	ISLR	protein_coding	NA
ENSG00000129038	LOXL1	protein_coding	NA
ENSG00000129055	ANAPC13	protein_coding	NA
ENSG00000129071	MBD4	protein_coding	NA
ENSG00000129083	COPB1	protein_coding	NA
ENSG00000129084	PSMA1	protein_coding	NA
ENSG00000129103	SUMF2	protein_coding	NA
ENSG00000129116	PALLD	protein_coding	NA
ENSG00000129128	SPCS3	protein_coding	NA
ENSG00000129151	BBOX1	protein_coding	NA
ENSG00000129158	SERGEF	protein_coding	NA
ENSG00000129173	E2F8	protein_coding	NA
ENSG00000129187	DCTD	protein_coding	NA
ENSG00000129194	SOX15	protein_coding	NA
ENSG00000129197	RPAIN	protein_coding	NA
ENSG00000129219	PLD2	protein_coding	NA
ENSG00000129226	CD68	protein_coding	NA
ENSG00000129235	TXNDC17	protein_coding	NA
ENSG00000129244	ATP1B2	protein_coding	NA
ENSG00000129245	FXR2	protein_coding	NA
ENSG00000129250	KIF1C	protein_coding	NA
ENSG00000129255	MPDU1	protein_coding	NA
ENSG00000129292	PHF20L1	protein_coding	NA
ENSG00000129295	DNAAF11	protein_coding	NA
ENSG00000129315	CCNT1	protein_coding	NA
ENSG00000129317	PUS7L	protein_coding	NA
ENSG00000129347	KRI1	protein_coding	NA
ENSG00000129351	ILF3	protein_coding	NA
ENSG00000129353	SLC44A2	protein_coding	NA
ENSG00000129354	AP1M2	protein_coding	NA
ENSG00000129355	CDKN2D	protein_coding	NA
ENSG00000129422	MTUS1	protein_coding	NA
ENSG00000129450	SIGLEC9	protein_coding	NA
ENSG00000129451	KLK10	protein_coding	NA
ENSG00000129460	NGDN	protein_coding	NA
ENSG00000129465	RIPK3	protein_coding	NA
ENSG00000129467	ADCY4	protein_coding	NA
ENSG00000129472	RAB2B	protein_coding	NA
ENSG00000129473	BCL2L2	protein_coding	NA
ENSG00000129474	AJUBA	protein_coding	NA
ENSG00000129480	DTD2	protein_coding	NA
ENSG00000129484	PARP2	protein_coding	NA
ENSG00000129493	HEATR5A	protein_coding	NA
ENSG00000129515	SNX6	protein_coding	NA
ENSG00000129518	EAPP	protein_coding	NA
ENSG00000129521	EGLN3	protein_coding	NA
ENSG00000129534	MIS18BP1	protein_coding	NA
ENSG00000129538	RNASE1	protein_coding	NA
ENSG00000129559	NEDD8	protein_coding	NA
ENSG00000129562	DAD1	protein_coding	NA
ENSG00000129566	TEP1	protein_coding	NA
ENSG00000129595	EPB41L4A	protein_coding	NA
ENSG00000129596	CDO1	protein_coding	NA
ENSG00000129625	REEP5	protein_coding	NA
ENSG00000129636	ITFG1	protein_coding	NA
ENSG00000129657	SEC14L1	protein_coding	NA
ENSG00000129667	RHBDF2	protein_coding	NA
ENSG00000129675	ARHGEF6	protein_coding	NA
ENSG00000129680	MAP7D3	protein_coding	NA
ENSG00000129682	FGF13	protein_coding	NA
ENSG00000129691	ASH2L	protein_coding	NA
ENSG00000129696	TTI2	protein_coding	NA
ENSG00000129757	CDKN1C	protein_coding	NA
ENSG00000129810	SGO1	protein_coding	NA
ENSG00000129824	RPS4Y1	protein_coding	NA
ENSG00000129925	PGAP6	protein_coding	NA
ENSG00000129932	DOHH	protein_coding	NA
ENSG00000129946	SHC2	protein_coding	NA
ENSG00000129968	ABHD17A	protein_coding	NA
ENSG00000129991	TNNI3	protein_coding	NA
ENSG00000130005	GAMT	protein_coding	NA
ENSG00000130021	PUDP	protein_coding	NA
ENSG00000130023	ERMARD	protein_coding	NA
ENSG00000130024	PHF10	protein_coding	NA
ENSG00000130052	STARD8	protein_coding	NA
ENSG00000130066	SAT1	protein_coding	NA
ENSG00000130119	GNL3L	protein_coding	NA
ENSG00000130147	SH3BP4	protein_coding	NA
ENSG00000130150	MOSPD2	protein_coding	NA
ENSG00000130158	DOCK6	protein_coding	NA
ENSG00000130159	ECSIT	protein_coding	NA
ENSG00000130164	LDLR	protein_coding	NA
ENSG00000130165	ELOF1	protein_coding	NA
ENSG00000130173	ANGPTL8	protein_coding	NA
ENSG00000130175	PRKCSH	protein_coding	NA
ENSG00000130176	CNN1	protein_coding	NA
ENSG00000130177	CDC16	protein_coding	NA
ENSG00000130202	NECTIN2	protein_coding	NA
ENSG00000130203	APOE	protein_coding	NA
ENSG00000130204	TOMM40	protein_coding	NA
ENSG00000130208	APOC1	protein_coding	NA
ENSG00000130222	GADD45G	protein_coding	NA
ENSG00000130227	XPO7	protein_coding	NA
ENSG00000130234	ACE2	protein_coding	NA
ENSG00000130244	FAM98C	protein_coding	NA
ENSG00000130254	SAFB2	protein_coding	NA
ENSG00000130255	RPL36	protein_coding	NA
ENSG00000130299	GTPBP3	protein_coding	NA
ENSG00000130300	PLVAP	protein_coding	NA
ENSG00000130303	BST2	protein_coding	NA
ENSG00000130305	NSUN5	protein_coding	NA
ENSG00000130307	USHBP1	protein_coding	NA
ENSG00000130309	COLGALT1	protein_coding	NA
ENSG00000130311	DDA1	protein_coding	NA
ENSG00000130312	MRPL34	protein_coding	NA
ENSG00000130313	PGLS	protein_coding	NA
ENSG00000130332	LSM7	protein_coding	NA
ENSG00000130338	TULP4	protein_coding	NA
ENSG00000130340	SNX9	protein_coding	NA
ENSG00000130347	RTN4IP1	protein_coding	NA
ENSG00000130348	QRSL1	protein_coding	NA
ENSG00000130349	MTRES1	protein_coding	NA
ENSG00000130363	RSPH3	protein_coding	NA
ENSG00000130382	MLLT1	protein_coding	NA
ENSG00000130396	AFDN	protein_coding	NA
ENSG00000130402	ACTN4	protein_coding	NA
ENSG00000130414	NDUFA10	protein_coding	NA
ENSG00000130429	ARPC1B	protein_coding	NA
ENSG00000130449	ZSWIM6	protein_coding	NA
ENSG00000130475	FCHO1	protein_coding	NA
ENSG00000130479	MAP1S	protein_coding	NA
ENSG00000130511	SSBP4	protein_coding	NA
ENSG00000130513	GDF15	protein_coding	NA
ENSG00000130517	PGPEP1	protein_coding	NA
ENSG00000130520	LSM4	protein_coding	NA
ENSG00000130522	JUND	protein_coding	NA
ENSG00000130528	HRC	protein_coding	NA
ENSG00000130529	TRPM4	protein_coding	NA
ENSG00000130544	ZNF557	protein_coding	NA
ENSG00000130545	CRB3	protein_coding	NA
ENSG00000130560	UBAC1	protein_coding	NA
ENSG00000130561	SAG	protein_coding	NA
ENSG00000130592	LSP1	protein_coding	NA
ENSG00000130595	TNNT3	protein_coding	NA
ENSG00000130598	TNNI2	protein_coding	NA
ENSG00000130635	COL5A1	protein_coding	NA
ENSG00000130638	ATXN10	protein_coding	NA
ENSG00000130640	TUBGCP2	protein_coding	NA
ENSG00000130656	HBZ	protein_coding	NA
ENSG00000130669	PAK4	protein_coding	NA
ENSG00000130684	ZNF337	protein_coding	NA
ENSG00000130695	CEP85	protein_coding	NA
ENSG00000130699	TAF4	protein_coding	NA
ENSG00000130702	LAMA5	protein_coding	NA
ENSG00000130703	OSBPL2	protein_coding	NA
ENSG00000130706	ADRM1	protein_coding	NA
ENSG00000130707	ASS1	protein_coding	NA
ENSG00000130713	EXOSC2	protein_coding	NA
ENSG00000130717	UCK1	protein_coding	NA
ENSG00000130720	FIBCD1	protein_coding	NA
ENSG00000130724	CHMP2A	protein_coding	NA
ENSG00000130725	UBE2M	protein_coding	NA
ENSG00000130726	TRIM28	protein_coding	NA
ENSG00000130731	METTL26	protein_coding	NA
ENSG00000130733	YIPF2	protein_coding	NA
ENSG00000130734	ATG4D	protein_coding	NA
ENSG00000130741	EIF2S3	protein_coding	NA
ENSG00000130748	TMEM160	protein_coding	NA
ENSG00000130749	ZC3H4	protein_coding	NA
ENSG00000130755	GMFG	protein_coding	NA
ENSG00000130762	ARHGEF16	protein_coding	NA
ENSG00000130764	LRRC47	protein_coding	NA
ENSG00000130766	SESN2	protein_coding	NA
ENSG00000130770	ATP5IF1	protein_coding	NA
ENSG00000130772	MED18	protein_coding	NA
ENSG00000130775	THEMIS2	protein_coding	NA
ENSG00000130779	CLIP1	protein_coding	NA
ENSG00000130787	HIP1R	protein_coding	NA
ENSG00000130803	ZNF317	protein_coding	NA
ENSG00000130810	PPAN	protein_coding	NA
ENSG00000130811	EIF3G	protein_coding	NA
ENSG00000130813	SHFL	protein_coding	NA
ENSG00000130816	DNMT1	protein_coding	NA
ENSG00000130818	ZNF426	protein_coding	NA
ENSG00000130821	SLC6A8	protein_coding	NA
ENSG00000130826	DKC1	protein_coding	NA
ENSG00000130830	MPP1	protein_coding	NA
ENSG00000130844	ZNF331	protein_coding	NA
ENSG00000130856	ZNF236	protein_coding	NA
ENSG00000130876	SLC7A10	protein_coding	NA
ENSG00000130921	MTRFR	protein_coding	NA
ENSG00000130935	NOL11	protein_coding	NA
ENSG00000130939	UBE4B	protein_coding	NA
ENSG00000130956	HABP4	protein_coding	NA
ENSG00000130958	SLC35D2	protein_coding	NA
ENSG00000130962	PRRG1	protein_coding	NA
ENSG00000130985	UBA1	protein_coding	NA
ENSG00000130988	RGN	protein_coding	NA
ENSG00000131013	PPIL4	protein_coding	NA
ENSG00000131015	ULBP2	protein_coding	NA
ENSG00000131016	AKAP12	protein_coding	NA
ENSG00000131018	SYNE1	protein_coding	NA
ENSG00000131023	LATS1	protein_coding	NA
ENSG00000131037	EPS8L1	protein_coding	NA
ENSG00000131042	LILRB2	protein_coding	NA
ENSG00000131043	AAR2	protein_coding	NA
ENSG00000131051	RBM39	protein_coding	NA
ENSG00000131055	COX4I2	protein_coding	NA
ENSG00000131067	GGT7	protein_coding	NA
ENSG00000131069	ACSS2	protein_coding	NA
ENSG00000131089	ARHGEF9	protein_coding	NA
ENSG00000131097	HIGD1B	protein_coding	NA
ENSG00000131100	ATP6V1E1	protein_coding	NA
ENSG00000131115	ZNF227	protein_coding	NA
ENSG00000131116	ZNF428	protein_coding	NA
ENSG00000131127	ZNF141	protein_coding	NA
ENSG00000131143	COX4I1	protein_coding	NA
ENSG00000131148	EMC8	protein_coding	NA
ENSG00000131149	GSE1	protein_coding	NA
ENSG00000131153	GINS2	protein_coding	NA
ENSG00000131165	CHMP1A	protein_coding	NA
ENSG00000131171	SH3BGRL	protein_coding	NA
ENSG00000131174	COX7B	protein_coding	NA
ENSG00000131187	F12	protein_coding	NA
ENSG00000131203	IDO1	protein_coding	NA
ENSG00000131236	CAP1	protein_coding	NA
ENSG00000131238	PPT1	protein_coding	NA
ENSG00000131263	RLIM	protein_coding	NA
ENSG00000131269	ABCB7	protein_coding	NA
ENSG00000131323	TRAF3	protein_coding	NA
ENSG00000131351	HAUS8	protein_coding	NA
ENSG00000131368	MRPS25	protein_coding	NA
ENSG00000131370	SH3BP5	protein_coding	NA
ENSG00000131373	HACL1	protein_coding	NA
ENSG00000131374	TBC1D5	protein_coding	NA
ENSG00000131375	CAPN7	protein_coding	NA
ENSG00000131378	RFTN1	protein_coding	NA
ENSG00000131381	RBSN	protein_coding	NA
ENSG00000131386	GALNT15	protein_coding	NA
ENSG00000131389	SLC6A6	protein_coding	NA
ENSG00000131400	NAPSA	protein_coding	NA
ENSG00000131408	NR1H2	protein_coding	NA
ENSG00000131435	PDLIM4	protein_coding	NA
ENSG00000131437	KIF3A	protein_coding	NA
ENSG00000131446	MGAT1	protein_coding	NA
ENSG00000131459	GFPT2	protein_coding	NA
ENSG00000131462	TUBG1	protein_coding	NA
ENSG00000131467	PSME3	protein_coding	NA
ENSG00000131469	RPL27	protein_coding	NA
ENSG00000131470	PSMC3IP	protein_coding	NA
ENSG00000131473	ACLY	protein_coding	NA
ENSG00000131475	VPS25	protein_coding	NA
ENSG00000131477	RAMP2	protein_coding	NA
ENSG00000131495	NDUFA2	protein_coding	NA
ENSG00000131503	ANKHD1	protein_coding	NA
ENSG00000131504	DIAPH1	protein_coding	NA
ENSG00000131507	NDFIP1	protein_coding	NA
ENSG00000131508	UBE2D2	protein_coding	NA
ENSG00000131558	EXOC4	protein_coding	NA
ENSG00000131591	C1orf159	protein_coding	NA
ENSG00000131620	ANO1	protein_coding	NA
ENSG00000131626	PPFIA1	protein_coding	NA
ENSG00000131634	TMEM204	protein_coding	NA
ENSG00000131652	THOC6	protein_coding	NA
ENSG00000131653	TRAF7	protein_coding	NA
ENSG00000131669	NINJ1	protein_coding	NA
ENSG00000131711	MAP1B	protein_coding	NA
ENSG00000131724	IL13RA1	protein_coding	NA
ENSG00000131725	WDR44	protein_coding	NA
ENSG00000131730	CKMT2	protein_coding	NA
ENSG00000131732	ZCCHC9	protein_coding	NA
ENSG00000131737	KRT34	protein_coding	NA
ENSG00000131746	TNS4	protein_coding	NA
ENSG00000131747	TOP2A	protein_coding	NA
ENSG00000131748	STARD3	protein_coding	NA
ENSG00000131773	KHDRBS3	protein_coding	NA
ENSG00000131778	CHD1L	protein_coding	NA
ENSG00000131779	PEX11B	protein_coding	NA
ENSG00000131791	PRKAB2	protein_coding	NA
ENSG00000131828	PDHA1	protein_coding	NA
ENSG00000131844	MCCC2	protein_coding	NA
ENSG00000131845	ZNF304	protein_coding	NA
ENSG00000131848	ZSCAN5A	protein_coding	NA
ENSG00000131871	SELENOS	protein_coding	NA
ENSG00000131873	CHSY1	protein_coding	NA
ENSG00000131876	SNRPA1	protein_coding	NA
ENSG00000131931	THAP1	protein_coding	NA
ENSG00000131941	RHPN2	protein_coding	NA
ENSG00000131943	C19orf12	protein_coding	NA
ENSG00000131944	FAAP24	protein_coding	NA
ENSG00000131966	ACTR10	protein_coding	NA
ENSG00000131981	LGALS3	protein_coding	NA
ENSG00000132000	PODNL1	protein_coding	NA
ENSG00000132002	DNAJB1	protein_coding	NA
ENSG00000132004	FBXW9	protein_coding	NA
ENSG00000132005	RFX1	protein_coding	NA
ENSG00000132010	ZNF20	protein_coding	NA
ENSG00000132017	DCAF15	protein_coding	NA
ENSG00000132024	CC2D1A	protein_coding	NA
ENSG00000132109	TRIM21	protein_coding	NA
ENSG00000132122	SPATA6	protein_coding	NA
ENSG00000132128	LRRC41	protein_coding	NA
ENSG00000132141	CCT6B	protein_coding	NA
ENSG00000132153	DHX30	protein_coding	NA
ENSG00000132155	RAF1	protein_coding	NA
ENSG00000132170	PPARG	protein_coding	NA
ENSG00000132196	HSD17B7	protein_coding	NA
ENSG00000132199	ENOSF1	protein_coding	NA
ENSG00000132204	LINC00470	lncRNA	NA
ENSG00000132254	ARFIP2	protein_coding	NA
ENSG00000132256	TRIM5	protein_coding	NA
ENSG00000132274	TRIM22	protein_coding	NA
ENSG00000132275	RRP8	protein_coding	NA
ENSG00000132286	TIMM10B	protein_coding	NA
ENSG00000132294	EFR3A	protein_coding	NA
ENSG00000132300	PTCD3	protein_coding	NA
ENSG00000132305	IMMT	protein_coding	NA
ENSG00000132313	MRPL35	protein_coding	NA
ENSG00000132323	ILKAP	protein_coding	NA
ENSG00000132326	PER2	protein_coding	NA
ENSG00000132329	RAMP1	protein_coding	NA
ENSG00000132330	SCLY	protein_coding	NA
ENSG00000132334	PTPRE	protein_coding	NA
ENSG00000132341	RAN	protein_coding	NA
ENSG00000132356	PRKAA1	protein_coding	NA
ENSG00000132357	CARD6	protein_coding	NA
ENSG00000132376	INPP5K	protein_coding	NA
ENSG00000132382	MYBBP1A	protein_coding	NA
ENSG00000132383	RPA1	protein_coding	NA
ENSG00000132386	SERPINF1	protein_coding	NA
ENSG00000132388	UBE2G1	protein_coding	NA
ENSG00000132394	EEFSEC	protein_coding	NA
ENSG00000132405	TBC1D14	protein_coding	NA
ENSG00000132406	TMEM128	protein_coding	NA
ENSG00000132423	COQ3	protein_coding	NA
ENSG00000132424	PNISR	protein_coding	NA
ENSG00000132429	POPDC3	protein_coding	NA
ENSG00000132432	SEC61G	protein_coding	NA
ENSG00000132434	LANCL2	protein_coding	NA
ENSG00000132463	GRSF1	protein_coding	NA
ENSG00000132465	JCHAIN	protein_coding	NA
ENSG00000132466	ANKRD17	protein_coding	NA
ENSG00000132470	ITGB4	protein_coding	NA
ENSG00000132471	WBP2	protein_coding	NA
ENSG00000132475	H3-3B	protein_coding	NA
ENSG00000132478	UNK	protein_coding	NA
ENSG00000132481	TRIM47	protein_coding	NA
ENSG00000132485	ZRANB2	protein_coding	NA
ENSG00000132507	EIF5A	protein_coding	NA
ENSG00000132514	CLEC10A	protein_coding	NA
ENSG00000132517	SLC52A1	protein_coding	NA
ENSG00000132522	GPS2	protein_coding	NA
ENSG00000132530	XAF1	protein_coding	NA
ENSG00000132541	RIDA	protein_coding	NA
ENSG00000132549	VPS13B	protein_coding	NA
ENSG00000132561	MATN2	protein_coding	NA
ENSG00000132570	PCBD2	protein_coding	NA
ENSG00000132581	SDF2	protein_coding	NA
ENSG00000132589	FLOT2	protein_coding	NA
ENSG00000132591	ERAL1	protein_coding	NA
ENSG00000132600	PRMT7	protein_coding	NA
ENSG00000132603	NIP7	protein_coding	NA
ENSG00000132604	TERF2	protein_coding	NA
ENSG00000132612	VPS4A	protein_coding	NA
ENSG00000132635	PCED1A	protein_coding	NA
ENSG00000132640	BTBD3	protein_coding	NA
ENSG00000132646	PCNA	protein_coding	NA
ENSG00000132661	NXT1	protein_coding	NA
ENSG00000132664	POLR3F	protein_coding	NA
ENSG00000132669	RIN2	protein_coding	NA
ENSG00000132670	PTPRA	protein_coding	NA
ENSG00000132676	DAP3	protein_coding	NA
ENSG00000132680	KHDC4	protein_coding	NA
ENSG00000132681	ATP1A4	protein_coding	NA
ENSG00000132694	ARHGEF11	protein_coding	NA
ENSG00000132698	RAB25	protein_coding	NA
ENSG00000132703	APCS	protein_coding	NA
ENSG00000132716	DCAF8	protein_coding	NA
ENSG00000132718	SYT11	protein_coding	NA
ENSG00000132746	ALDH3B2	protein_coding	NA
ENSG00000132763	MMACHC	protein_coding	NA
ENSG00000132768	DPH2	protein_coding	NA
ENSG00000132773	TOE1	protein_coding	NA
ENSG00000132780	NASP	protein_coding	NA
ENSG00000132781	MUTYH	protein_coding	NA
ENSG00000132792	CTNNBL1	protein_coding	NA
ENSG00000132801	ZSWIM3	protein_coding	NA
ENSG00000132823	OSER1	protein_coding	NA
ENSG00000132824	SERINC3	protein_coding	NA
ENSG00000132842	AP3B1	protein_coding	NA
ENSG00000132849	PATJ	protein_coding	NA
ENSG00000132854	KANK4	protein_coding	NA
ENSG00000132879	FBXO44	protein_coding	NA
ENSG00000132881	CPLANE2	protein_coding	NA
ENSG00000132906	CASP9	protein_coding	NA
ENSG00000132912	DCTN4	protein_coding	NA
ENSG00000132932	ATP8A2	protein_coding	NA
ENSG00000132950	ZMYM5	protein_coding	NA
ENSG00000132952	USPL1	protein_coding	NA
ENSG00000132953	XPO4	protein_coding	NA
ENSG00000132963	POMP	protein_coding	NA
ENSG00000132964	CDK8	protein_coding	NA
ENSG00000132965	ALOX5AP	protein_coding	NA
ENSG00000132972	RNF17	protein_coding	NA
ENSG00000133019	CHRM3	protein_coding	NA
ENSG00000133026	MYH10	protein_coding	NA
ENSG00000133027	PEMT	protein_coding	NA
ENSG00000133028	SCO1	protein_coding	NA
ENSG00000133030	MPRIP	protein_coding	NA
ENSG00000133048	CHI3L1	protein_coding	NA
ENSG00000133055	MYBPH	protein_coding	NA
ENSG00000133063	CHIT1	protein_coding	NA
ENSG00000133065	SLC41A1	protein_coding	NA
ENSG00000133103	COG6	protein_coding	NA
ENSG00000133104	SPART	protein_coding	NA
ENSG00000133106	EPSTI1	protein_coding	NA
ENSG00000133110	POSTN	protein_coding	NA
ENSG00000133112	TPT1	protein_coding	NA
ENSG00000133114	GPALPP1	protein_coding	NA
ENSG00000133115	STOML3	protein_coding	NA
ENSG00000133119	RFC3	protein_coding	NA
ENSG00000133121	STARD13	protein_coding	NA
ENSG00000133131	MORC4	protein_coding	NA
ENSG00000133134	BEX2	protein_coding	NA
ENSG00000133135	RNF128	protein_coding	NA
ENSG00000133138	TBC1D8B	protein_coding	NA
ENSG00000133142	TCEAL4	protein_coding	NA
ENSG00000133169	BEX1	protein_coding	NA
ENSG00000133193	FAM104A	protein_coding	NA
ENSG00000133195	SLC39A11	protein_coding	NA
ENSG00000133216	EPHB2	protein_coding	NA
ENSG00000133226	SRRM1	protein_coding	NA
ENSG00000133246	PRAM1	protein_coding	NA
ENSG00000133250	ZNF414	protein_coding	NA
ENSG00000133265	HSPBP1	protein_coding	NA
ENSG00000133275	CSNK1G2	protein_coding	NA
ENSG00000133302	SLF1	protein_coding	NA
ENSG00000133313	CNDP2	protein_coding	NA
ENSG00000133315	MACROD1	protein_coding	NA
ENSG00000133316	WDR74	protein_coding	NA
ENSG00000133318	RTN3	protein_coding	NA
ENSG00000133321	PLAAT4	protein_coding	NA
ENSG00000133328	PLAAT2	protein_coding	NA
ENSG00000133392	MYH11	protein_coding	NA
ENSG00000133393	CEP20	protein_coding	NA
ENSG00000133398	MED10	protein_coding	NA
ENSG00000133401	PDZD2	protein_coding	NA
ENSG00000133422	MORC2	protein_coding	NA
ENSG00000133424	LARGE1	protein_coding	NA
ENSG00000133433	GSTT2B	protein_coding	NA
ENSG00000133460	SLC2A11	protein_coding	NA
ENSG00000133466	C1QTNF6	protein_coding	NA
ENSG00000133561	GIMAP6	protein_coding	NA
ENSG00000133574	GIMAP4	protein_coding	NA
ENSG00000133597	ADCK2	protein_coding	NA
ENSG00000133606	MKRN1	protein_coding	NA
ENSG00000133612	AGAP3	protein_coding	NA
ENSG00000133627	ACTR3B	protein_coding	NA
ENSG00000133636	NTS	protein_coding	NA
ENSG00000133639	BTG1	protein_coding	NA
ENSG00000133641	RLIG1	protein_coding	NA
ENSG00000133657	ATP13A3	protein_coding	NA
ENSG00000133678	TMEM254	protein_coding	NA
ENSG00000133703	KRAS	protein_coding	NA
ENSG00000133704	IPO8	protein_coding	NA
ENSG00000133706	LARS1	protein_coding	NA
ENSG00000133710	SPINK5	protein_coding	NA
ENSG00000133731	IMPA1	protein_coding	NA
ENSG00000133739	LRRCC1	protein_coding	NA
ENSG00000133742	CA1	protein_coding	NA
ENSG00000133773	CCDC59	protein_coding	NA
ENSG00000133789	SWAP70	protein_coding	NA
ENSG00000133794	BMAL1	protein_coding	NA
ENSG00000133800	LYVE1	protein_coding	NA
ENSG00000133805	AMPD3	protein_coding	NA
ENSG00000133812	SBF2	protein_coding	NA
ENSG00000133816	MICAL2	protein_coding	NA
ENSG00000133818	RRAS2	protein_coding	NA
ENSG00000133835	HSD17B4	protein_coding	NA
ENSG00000133858	ZFC3H1	protein_coding	NA
ENSG00000133872	SARAF	protein_coding	NA
ENSG00000133874	RNF122	protein_coding	NA
ENSG00000133884	DPF2	protein_coding	NA
ENSG00000133895	MEN1	protein_coding	NA
ENSG00000133935	ERG28	protein_coding	NA
ENSG00000133943	DGLUCY	protein_coding	NA
ENSG00000133961	NUMB	protein_coding	NA
ENSG00000133962	CATSPERB	protein_coding	NA
ENSG00000133983	COX16	protein_coding	NA
ENSG00000133985	TTC9	protein_coding	NA
ENSG00000133997	MED6	protein_coding	NA
ENSG00000134001	EIF2S1	protein_coding	NA
ENSG00000134013	LOXL2	protein_coding	NA
ENSG00000134014	ELP3	protein_coding	NA
ENSG00000134028	ADAMDEC1	protein_coding	NA
ENSG00000134046	MBD2	protein_coding	NA
ENSG00000134049	IER3IP1	protein_coding	NA
ENSG00000134056	MRPS36	protein_coding	NA
ENSG00000134057	CCNB1	protein_coding	NA
ENSG00000134058	CDK7	protein_coding	NA
ENSG00000134061	CD180	protein_coding	NA
ENSG00000134072	CAMK1	protein_coding	NA
ENSG00000134077	THUMPD3	protein_coding	NA
ENSG00000134086	VHL	protein_coding	NA
ENSG00000134107	BHLHE40	protein_coding	NA
ENSG00000134108	ARL8B	protein_coding	NA
ENSG00000134109	EDEM1	protein_coding	NA
ENSG00000134115	CNTN6	protein_coding	NA
ENSG00000134146	DPH6	protein_coding	NA
ENSG00000134152	KATNBL1	protein_coding	NA
ENSG00000134153	EMC7	protein_coding	NA
ENSG00000134160	TRPM1	protein_coding	NA
ENSG00000134184	GSTM1	protein_coding	NA
ENSG00000134186	PRPF38B	protein_coding	NA
ENSG00000134202	GSTM3	protein_coding	NA
ENSG00000134215	VAV3	protein_coding	NA
ENSG00000134222	PSRC1	protein_coding	NA
ENSG00000134240	HMGCS2	protein_coding	NA
ENSG00000134243	SORT1	protein_coding	NA
ENSG00000134245	WNT2B	protein_coding	NA
ENSG00000134247	PTGFRN	protein_coding	NA
ENSG00000134248	LAMTOR5	protein_coding	NA
ENSG00000134250	NOTCH2	protein_coding	NA
ENSG00000134255	CEPT1	protein_coding	NA
ENSG00000134258	VTCN1	protein_coding	NA
ENSG00000134259	NGF	protein_coding	NA
ENSG00000134262	AP4B1	protein_coding	NA
ENSG00000134265	NAPG	protein_coding	NA
ENSG00000134283	PPHLN1	protein_coding	NA
ENSG00000134285	FKBP11	protein_coding	NA
ENSG00000134287	ARF3	protein_coding	NA
ENSG00000134291	TMEM106C	protein_coding	NA
ENSG00000134294	SLC38A2	protein_coding	NA
ENSG00000134308	YWHAQ	protein_coding	NA
ENSG00000134313	KIDINS220	protein_coding	NA
ENSG00000134317	GRHL1	protein_coding	NA
ENSG00000134318	ROCK2	protein_coding	NA
ENSG00000134321	RSAD2	protein_coding	NA
ENSG00000134324	LPIN1	protein_coding	NA
ENSG00000134330	IAH1	protein_coding	NA
ENSG00000134333	LDHA	protein_coding	NA
ENSG00000134352	IL6ST	protein_coding	NA
ENSG00000134363	FST	protein_coding	NA
ENSG00000134369	NAV1	protein_coding	NA
ENSG00000134371	CDC73	protein_coding	NA
ENSG00000134375	TIMM17A	protein_coding	NA
ENSG00000134419	RPS15A	protein_coding	NA
ENSG00000134440	NARS1	protein_coding	NA
ENSG00000134444	RELCH	protein_coding	NA
ENSG00000134452	FBH1	protein_coding	NA
ENSG00000134453	RBM17	protein_coding	NA
ENSG00000134460	IL2RA	protein_coding	NA
ENSG00000134461	ANKRD16	protein_coding	NA
ENSG00000134463	ECHDC3	protein_coding	NA
ENSG00000134470	IL15RA	protein_coding	NA
ENSG00000134480	CCNH	protein_coding	NA
ENSG00000134490	TMEM241	protein_coding	NA
ENSG00000134504	KCTD1	protein_coding	NA
ENSG00000134508	CABLES1	protein_coding	NA
ENSG00000134516	DOCK2	protein_coding	NA
ENSG00000134531	EMP1	protein_coding	NA
ENSG00000134532	SOX5	protein_coding	NA
ENSG00000134533	RERG	protein_coding	NA
ENSG00000134539	KLRD1	protein_coding	NA
ENSG00000134545	KLRC1	protein_coding	NA
ENSG00000134548	SPX	protein_coding	NA
ENSG00000134574	DDB2	protein_coding	NA
ENSG00000134575	ACP2	protein_coding	NA
ENSG00000134594	RAB33A	protein_coding	NA
ENSG00000134597	RBMX2	protein_coding	NA
ENSG00000134602	STK26	protein_coding	NA
ENSG00000134627	PIWIL4	protein_coding	NA
ENSG00000134644	PUM1	protein_coding	NA
ENSG00000134684	YARS1	protein_coding	NA
ENSG00000134686	PHC2	protein_coding	NA
ENSG00000134690	CDCA8	protein_coding	NA
ENSG00000134697	GNL2	protein_coding	NA
ENSG00000134698	AGO4	protein_coding	NA
ENSG00000134709	HOOK1	protein_coding	NA
ENSG00000134716	CYP2J2	protein_coding	NA
ENSG00000134717	BTF3L4	protein_coding	NA
ENSG00000134744	TUT4	protein_coding	NA
ENSG00000134748	PRPF38A	protein_coding	NA
ENSG00000134755	DSC2	protein_coding	NA
ENSG00000134758	RNF138	protein_coding	NA
ENSG00000134759	ELP2	protein_coding	NA
ENSG00000134762	DSC3	protein_coding	NA
ENSG00000134779	TPGS2	protein_coding	NA
ENSG00000134802	SLC43A3	protein_coding	NA
ENSG00000134809	TIMM10	protein_coding	NA
ENSG00000134815	DHX34	protein_coding	NA
ENSG00000134817	APLNR	protein_coding	NA
ENSG00000134824	FADS2	protein_coding	NA
ENSG00000134825	TMEM258	protein_coding	NA
ENSG00000134827	TCN1	protein_coding	NA
ENSG00000134851	TMEM165	protein_coding	NA
ENSG00000134852	CLOCK	protein_coding	NA
ENSG00000134853	PDGFRA	protein_coding	NA
ENSG00000134864	GGACT	protein_coding	NA
ENSG00000134871	COL4A2	protein_coding	NA
ENSG00000134873	CLDN10	protein_coding	NA
ENSG00000134874	DZIP1	protein_coding	NA
ENSG00000134882	UBAC2	protein_coding	NA
ENSG00000134884	ARGLU1	protein_coding	NA
ENSG00000134899	ERCC5	protein_coding	NA
ENSG00000134900	TPP2	protein_coding	NA
ENSG00000134901	POGLUT2	protein_coding	NA
ENSG00000134905	CARS2	protein_coding	NA
ENSG00000134909	ARHGAP32	protein_coding	NA
ENSG00000134910	STT3A	protein_coding	NA
ENSG00000134917	ADAMTS8	protein_coding	NA
ENSG00000134954	ETS1	protein_coding	NA
ENSG00000134955	SLC37A2	protein_coding	NA
ENSG00000134970	TMED7	protein_coding	NA
ENSG00000134982	APC	protein_coding	NA
ENSG00000134986	NREP	protein_coding	NA
ENSG00000134987	WDR36	protein_coding	NA
ENSG00000134996	OSTF1	protein_coding	NA
ENSG00000135002	RFK	protein_coding	NA
ENSG00000135018	UBQLN1	protein_coding	NA
ENSG00000135040	NAA35	protein_coding	NA
ENSG00000135045	C9orf40	protein_coding	NA
ENSG00000135046	ANXA1	protein_coding	NA
ENSG00000135047	CTSL	protein_coding	NA
ENSG00000135048	CEMIP2	protein_coding	NA
ENSG00000135049	AGTPBP1	protein_coding	NA
ENSG00000135052	GOLM1	protein_coding	NA
ENSG00000135069	PSAT1	protein_coding	NA
ENSG00000135070	ISCA1	protein_coding	NA
ENSG00000135074	ADAM19	protein_coding	NA
ENSG00000135077	HAVCR2	protein_coding	NA
ENSG00000135090	TAOK3	protein_coding	NA
ENSG00000135093	USP30	protein_coding	NA
ENSG00000135108	FBXO21	protein_coding	NA
ENSG00000135111	TBX3	protein_coding	NA
ENSG00000135114	OASL	protein_coding	NA
ENSG00000135124	P2RX4	protein_coding	NA
ENSG00000135148	TRAFD1	protein_coding	NA
ENSG00000135164	DMTF1	protein_coding	NA
ENSG00000135185	TMEM243	protein_coding	NA
ENSG00000135205	CCDC146	protein_coding	NA
ENSG00000135211	TMEM60	protein_coding	NA
ENSG00000135218	CD36	protein_coding	NA
ENSG00000135241	PNPLA8	protein_coding	NA
ENSG00000135245	HILPDA	protein_coding	NA
ENSG00000135249	RINT1	protein_coding	NA
ENSG00000135250	SRPK2	protein_coding	NA
ENSG00000135253	KCP	protein_coding	NA
ENSG00000135269	TES	protein_coding	NA
ENSG00000135297	MTO1	protein_coding	NA
ENSG00000135314	KHDC1	protein_coding	NA
ENSG00000135315	CEP162	protein_coding	NA
ENSG00000135316	SYNCRIP	protein_coding	NA
ENSG00000135317	SNX14	protein_coding	NA
ENSG00000135318	NT5E	protein_coding	NA
ENSG00000135334	AKIRIN2	protein_coding	NA
ENSG00000135336	ORC3	protein_coding	NA
ENSG00000135338	LCA5	protein_coding	NA
ENSG00000135341	MAP3K7	protein_coding	NA
ENSG00000135346	CGA	protein_coding	NA
ENSG00000135363	LMO2	protein_coding	NA
ENSG00000135365	PHF21A	protein_coding	NA
ENSG00000135372	NAT10	protein_coding	NA
ENSG00000135373	EHF	protein_coding	NA
ENSG00000135374	ELF5	protein_coding	NA
ENSG00000135378	PRRG4	protein_coding	NA
ENSG00000135387	CAPRIN1	protein_coding	NA
ENSG00000135390	ATP5MC2	protein_coding	NA
ENSG00000135392	DNAJC14	protein_coding	NA
ENSG00000135404	CD63	protein_coding	NA
ENSG00000135407	AVIL	protein_coding	NA
ENSG00000135437	RDH5	protein_coding	NA
ENSG00000135441	BLOC1S1	protein_coding	NA
ENSG00000135446	CDK4	protein_coding	NA
ENSG00000135451	TROAP	protein_coding	NA
ENSG00000135452	TSPAN31	protein_coding	NA
ENSG00000135457	TFCP2	protein_coding	NA
ENSG00000135469	COQ10A	protein_coding	NA
ENSG00000135473	PAN2	protein_coding	NA
ENSG00000135480	KRT7	protein_coding	NA
ENSG00000135482	ZC3H10	protein_coding	NA
ENSG00000135486	HNRNPA1	protein_coding	NA
ENSG00000135506	OS9	protein_coding	NA
ENSG00000135521	LTV1	protein_coding	NA
ENSG00000135525	MAP7	protein_coding	NA
ENSG00000135535	CD164	protein_coding	NA
ENSG00000135537	AFG1L	protein_coding	NA
ENSG00000135540	NHSL1	protein_coding	NA
ENSG00000135541	AHI1	protein_coding	NA
ENSG00000135547	HEY2	protein_coding	NA
ENSG00000135549	PKIB	protein_coding	NA
ENSG00000135587	SMPD2	protein_coding	NA
ENSG00000135596	MICAL1	protein_coding	NA
ENSG00000135597	REPS1	protein_coding	NA
ENSG00000135604	STX11	protein_coding	NA
ENSG00000135605	TEC	protein_coding	NA
ENSG00000135617	PRADC1	protein_coding	NA
ENSG00000135624	CCT7	protein_coding	NA
ENSG00000135631	RAB11FIP5	protein_coding	NA
ENSG00000135632	SMYD5	protein_coding	NA
ENSG00000135636	DYSF	protein_coding	NA
ENSG00000135643	KCNMB4	protein_coding	NA
ENSG00000135655	USP15	protein_coding	NA
ENSG00000135677	GNS	protein_coding	NA
ENSG00000135678	CPM	protein_coding	NA
ENSG00000135679	MDM2	protein_coding	NA
ENSG00000135686	KLHL36	protein_coding	NA
ENSG00000135698	MPHOSPH6	protein_coding	NA
ENSG00000135709	KIAA0513	protein_coding	NA
ENSG00000135720	DYNC1LI2	protein_coding	NA
ENSG00000135722	FBXL8	protein_coding	NA
ENSG00000135723	FHOD1	protein_coding	NA
ENSG00000135736	CCDC102A	protein_coding	NA
ENSG00000135750	KCNK1	protein_coding	NA
ENSG00000135763	URB2	protein_coding	NA
ENSG00000135766	EGLN1	protein_coding	NA
ENSG00000135775	COG2	protein_coding	NA
ENSG00000135776	ABCB10	protein_coding	NA
ENSG00000135778	NTPCR	protein_coding	NA
ENSG00000135801	TAF5L	protein_coding	NA
ENSG00000135821	GLUL	protein_coding	NA
ENSG00000135823	STX6	protein_coding	NA
ENSG00000135828	RNASEL	protein_coding	NA
ENSG00000135829	DHX9	protein_coding	NA
ENSG00000135837	CEP350	protein_coding	NA
ENSG00000135838	NPL	protein_coding	NA
ENSG00000135842	NIBAN1	protein_coding	NA
ENSG00000135845	PIGC	protein_coding	NA
ENSG00000135862	LAMC1	protein_coding	NA
ENSG00000135870	RC3H1	protein_coding	NA
ENSG00000135899	SP110	protein_coding	NA
ENSG00000135900	MRPL44	protein_coding	NA
ENSG00000135912	TTLL4	protein_coding	NA
ENSG00000135913	USP37	protein_coding	NA
ENSG00000135914	HTR2B	protein_coding	NA
ENSG00000135916	ITM2C	protein_coding	NA
ENSG00000135917	SLC19A3	protein_coding	NA
ENSG00000135919	SERPINE2	protein_coding	NA
ENSG00000135924	DNAJB2	protein_coding	NA
ENSG00000135926	TMBIM1	protein_coding	NA
ENSG00000135929	CYP27A1	protein_coding	NA
ENSG00000135930	EIF4E2	protein_coding	NA
ENSG00000135931	ARMC9	protein_coding	NA
ENSG00000135932	CAB39	protein_coding	NA
ENSG00000135940	COX5B	protein_coding	NA
ENSG00000135945	REV1	protein_coding	NA
ENSG00000135951	TSGA10	protein_coding	NA
ENSG00000135953	MFSD9	protein_coding	NA
ENSG00000135968	GCC2	protein_coding	NA
ENSG00000135972	MRPS9	protein_coding	NA
ENSG00000135974	C2orf49	protein_coding	NA
ENSG00000135999	EPC2	protein_coding	NA
ENSG00000136003	ISCU	protein_coding	NA
ENSG00000136021	SCYL2	protein_coding	NA
ENSG00000136026	CKAP4	protein_coding	NA
ENSG00000136044	APPL2	protein_coding	NA
ENSG00000136045	PWP1	protein_coding	NA
ENSG00000136048	DRAM1	protein_coding	NA
ENSG00000136051	WASHC4	protein_coding	NA
ENSG00000136052	SLC41A2	protein_coding	NA
ENSG00000136059	VILL	protein_coding	NA
ENSG00000136068	FLNB	protein_coding	NA
ENSG00000136098	NEK3	protein_coding	NA
ENSG00000136100	VPS36	protein_coding	NA
ENSG00000136104	RNASEH2B	protein_coding	NA
ENSG00000136108	CKAP2	protein_coding	NA
ENSG00000136111	TBC1D4	protein_coding	NA
ENSG00000136114	THSD1	protein_coding	NA
ENSG00000136122	BORA	protein_coding	NA
ENSG00000136141	LRCH1	protein_coding	NA
ENSG00000136143	SUCLA2	protein_coding	NA
ENSG00000136146	MED4	protein_coding	NA
ENSG00000136147	PHF11	protein_coding	NA
ENSG00000136152	COG3	protein_coding	NA
ENSG00000136153	LMO7	protein_coding	NA
ENSG00000136156	ITM2B	protein_coding	NA
ENSG00000136159	NUDT15	protein_coding	NA
ENSG00000136160	EDNRB	protein_coding	NA
ENSG00000136161	RCBTB2	protein_coding	NA
ENSG00000136167	LCP1	protein_coding	NA
ENSG00000136169	SETDB2	protein_coding	NA
ENSG00000136193	SCRN1	protein_coding	NA
ENSG00000136197	C7orf25	protein_coding	NA
ENSG00000136205	TNS3	protein_coding	NA
ENSG00000136213	CHST12	protein_coding	NA
ENSG00000136231	IGF2BP3	protein_coding	NA
ENSG00000136235	GPNMB	protein_coding	NA
ENSG00000136238	RAC1	protein_coding	NA
ENSG00000136240	KDELR2	protein_coding	NA
ENSG00000136243	NUP42	protein_coding	NA
ENSG00000136244	IL6	protein_coding	NA
ENSG00000136247	ZDHHC4	protein_coding	NA
ENSG00000136250	AOAH	protein_coding	NA
ENSG00000136261	BZW2	protein_coding	NA
ENSG00000136270	TBRG4	protein_coding	NA
ENSG00000136271	DDX56	protein_coding	NA
ENSG00000136273	HUS1	protein_coding	NA
ENSG00000136274	NACAD	protein_coding	NA
ENSG00000136279	DBNL	protein_coding	NA
ENSG00000136280	CCM2	protein_coding	NA
ENSG00000136305	CIDEB	protein_coding	NA
ENSG00000136319	TTC5	protein_coding	NA
ENSG00000136371	MTHFS	protein_coding	NA
ENSG00000136379	ABHD17C	protein_coding	NA
ENSG00000136381	IREB2	protein_coding	NA
ENSG00000136383	ALPK3	protein_coding	NA
ENSG00000136404	TM6SF1	protein_coding	NA
ENSG00000136425	CIB2	protein_coding	NA
ENSG00000136436	CALCOCO2	protein_coding	NA
ENSG00000136444	RSAD1	protein_coding	NA
ENSG00000136448	NMT1	protein_coding	NA
ENSG00000136450	SRSF1	protein_coding	NA
ENSG00000136451	VEZF1	protein_coding	NA
ENSG00000136463	TACO1	protein_coding	NA
ENSG00000136485	DCAF7	protein_coding	NA
ENSG00000136487	GH2	protein_coding	NA
ENSG00000136488	CSH1	protein_coding	NA
ENSG00000136490	LIMD2	protein_coding	NA
ENSG00000136504	KAT7	protein_coding	NA
ENSG00000136514	RTP4	protein_coding	NA
ENSG00000136518	ACTL6A	protein_coding	NA
ENSG00000136521	NDUFB5	protein_coding	NA
ENSG00000136522	MRPL47	protein_coding	NA
ENSG00000136527	TRA2B	protein_coding	NA
ENSG00000136536	MARCHF7	protein_coding	NA
ENSG00000136560	TANK	protein_coding	NA
ENSG00000136603	SKIL	protein_coding	NA
ENSG00000136628	EPRS1	protein_coding	NA
ENSG00000136630	HLX	protein_coding	NA
ENSG00000136631	VPS45	protein_coding	NA
ENSG00000136634	IL10	protein_coding	NA
ENSG00000136636	KCTD3	protein_coding	NA
ENSG00000136643	RPS6KC1	protein_coding	NA
ENSG00000136682	ZNG1B	protein_coding	NA
ENSG00000136689	IL1RN	protein_coding	NA
ENSG00000136695	IL36RN	protein_coding	NA
ENSG00000136697	IL1F10	protein_coding	NA
ENSG00000136699	SMPD4	protein_coding	NA
ENSG00000136709	WDR33	protein_coding	NA
ENSG00000136710	CCDC115	protein_coding	NA
ENSG00000136715	SAP130	protein_coding	NA
ENSG00000136717	BIN1	protein_coding	NA
ENSG00000136718	IMP4	protein_coding	NA
ENSG00000136731	UGGT1	protein_coding	NA
ENSG00000136732	GYPC	protein_coding	NA
ENSG00000136738	STAM	protein_coding	NA
ENSG00000136754	ABI1	protein_coding	NA
ENSG00000136758	YME1L1	protein_coding	NA
ENSG00000136783	NIPSNAP3A	protein_coding	NA
ENSG00000136807	CDK9	protein_coding	NA
ENSG00000136810	TXN	protein_coding	NA
ENSG00000136811	ODF2	protein_coding	NA
ENSG00000136813	ECPAS	protein_coding	NA
ENSG00000136816	TOR1B	protein_coding	NA
ENSG00000136819	C9orf78	protein_coding	NA
ENSG00000136824	SMC2	protein_coding	NA
ENSG00000136826	KLF4	protein_coding	NA
ENSG00000136827	TOR1A	protein_coding	NA
ENSG00000136830	NIBAN2	protein_coding	NA
ENSG00000136840	ST6GALNAC4	protein_coding	NA
ENSG00000136854	STXBP1	protein_coding	NA
ENSG00000136856	SLC2A8	protein_coding	NA
ENSG00000136859	ANGPTL2	protein_coding	NA
ENSG00000136861	CDK5RAP2	protein_coding	NA
ENSG00000136867	SLC31A2	protein_coding	NA
ENSG00000136868	SLC31A1	protein_coding	NA
ENSG00000136869	TLR4	protein_coding	NA
ENSG00000136870	ZNF189	protein_coding	NA
ENSG00000136874	STX17	protein_coding	NA
ENSG00000136875	PRPF4	protein_coding	NA
ENSG00000136877	FPGS	protein_coding	NA
ENSG00000136878	USP20	protein_coding	NA
ENSG00000136888	ATP6V1G1	protein_coding	NA
ENSG00000136891	TEX10	protein_coding	NA
ENSG00000136897	MRPL50	protein_coding	NA
ENSG00000136908	DPM2	protein_coding	NA
ENSG00000136925	TSTD2	protein_coding	NA
ENSG00000136928	GABBR2	protein_coding	NA
ENSG00000136929	HEMGN	protein_coding	NA
ENSG00000136930	PSMB7	protein_coding	NA
ENSG00000136932	TRMO	protein_coding	NA
ENSG00000136933	RABEPK	protein_coding	NA
ENSG00000136935	GOLGA1	protein_coding	NA
ENSG00000136936	XPA	protein_coding	NA
ENSG00000136937	NCBP1	protein_coding	NA
ENSG00000136938	ANP32B	protein_coding	NA
ENSG00000136940	PDCL	protein_coding	NA
ENSG00000136942	RPL35	protein_coding	NA
ENSG00000136943	CTSV	protein_coding	NA
ENSG00000136950	ARPC5L	protein_coding	NA
ENSG00000136960	ENPP2	protein_coding	NA
ENSG00000136982	DSCC1	protein_coding	NA
ENSG00000136986	DERL1	protein_coding	NA
ENSG00000136997	MYC	protein_coding	NA
ENSG00000137033	IL33	protein_coding	NA
ENSG00000137038	DMAC1	protein_coding	NA
ENSG00000137040	RANBP6	protein_coding	NA
ENSG00000137054	POLR1E	protein_coding	NA
ENSG00000137055	PLAA	protein_coding	NA
ENSG00000137070	IL11RA	protein_coding	NA
ENSG00000137073	UBAP2	protein_coding	NA
ENSG00000137074	APTX	protein_coding	NA
ENSG00000137075	RNF38	protein_coding	NA
ENSG00000137076	TLN1	protein_coding	NA
ENSG00000137077	CCL21	protein_coding	NA
ENSG00000137100	DCTN3	protein_coding	NA
ENSG00000137101	CD72	protein_coding	NA
ENSG00000137103	TMEM8B	protein_coding	NA
ENSG00000137106	GRHPR	protein_coding	NA
ENSG00000137124	ALDH1B1	protein_coding	NA
ENSG00000137133	HINT2	protein_coding	NA
ENSG00000137135	ARHGEF39	protein_coding	NA
ENSG00000137145	DENND4C	protein_coding	NA
ENSG00000137154	RPS6	protein_coding	NA
ENSG00000137161	CNPY3	protein_coding	NA
ENSG00000137168	PPIL1	protein_coding	NA
ENSG00000137171	KLC4	protein_coding	NA
ENSG00000137177	KIF13A	protein_coding	NA
ENSG00000137185	ZSCAN9	protein_coding	NA
ENSG00000137193	PIM1	protein_coding	NA
ENSG00000137198	GMPR	protein_coding	NA
ENSG00000137200	CMTR1	protein_coding	NA
ENSG00000137203	TFAP2A	protein_coding	NA
ENSG00000137207	YIPF3	protein_coding	NA
ENSG00000137210	TMEM14B	protein_coding	NA
ENSG00000137216	TMEM63B	protein_coding	NA
ENSG00000137221	TJAP1	protein_coding	NA
ENSG00000137252	HCRTR2	protein_coding	NA
ENSG00000137261	KIAA0319	protein_coding	NA
ENSG00000137266	SLC22A23	protein_coding	NA
ENSG00000137267	TUBB2A	protein_coding	NA
ENSG00000137269	LRRC1	protein_coding	NA
ENSG00000137270	GCM1	protein_coding	NA
ENSG00000137274	BPHL	protein_coding	NA
ENSG00000137275	RIPK1	protein_coding	NA
ENSG00000137285	TUBB2B	protein_coding	NA
ENSG00000137288	UQCC2	protein_coding	NA
ENSG00000137309	HMGA1	protein_coding	NA
ENSG00000137310	TCF19	protein_coding	NA
ENSG00000137312	FLOT1	protein_coding	NA
ENSG00000137331	IER3	protein_coding	NA
ENSG00000137337	MDC1	protein_coding	NA
ENSG00000137338	PGBD1	protein_coding	NA
ENSG00000137343	ATAT1	protein_coding	NA
ENSG00000137364	TPMT	protein_coding	NA
ENSG00000137393	RNF144B	protein_coding	NA
ENSG00000137404	NRM	protein_coding	NA
ENSG00000137409	MTCH1	protein_coding	NA
ENSG00000137411	VARS2	protein_coding	NA
ENSG00000137413	TAF8	protein_coding	NA
ENSG00000137414	FAM8A1	protein_coding	NA
ENSG00000137434	C6orf52	protein_coding	NA
ENSG00000137441	FGFBP2	protein_coding	NA
ENSG00000137449	CPEB2	protein_coding	NA
ENSG00000137460	FHDC1	protein_coding	NA
ENSG00000137462	TLR2	protein_coding	NA
ENSG00000137463	MGARP	protein_coding	NA
ENSG00000137474	MYO7A	protein_coding	NA
ENSG00000137478	FCHSD2	protein_coding	NA
ENSG00000137486	ARRB1	protein_coding	NA
ENSG00000137491	SLCO2B1	protein_coding	NA
ENSG00000137492	THAP12	protein_coding	NA
ENSG00000137494	ANKRD42	protein_coding	NA
ENSG00000137496	IL18BP	protein_coding	NA
ENSG00000137497	NUMA1	protein_coding	NA
ENSG00000137500	CCDC90B	protein_coding	NA
ENSG00000137501	SYTL2	protein_coding	NA
ENSG00000137502	RAB30	protein_coding	NA
ENSG00000137504	CREBZF	protein_coding	NA
ENSG00000137507	LRRC32	protein_coding	NA
ENSG00000137509	PRCP	protein_coding	NA
ENSG00000137513	NARS2	protein_coding	NA
ENSG00000137522	RNF121	protein_coding	NA
ENSG00000137547	MRPL15	protein_coding	NA
ENSG00000137558	PI15	protein_coding	NA
ENSG00000137561	TTPA	protein_coding	NA
ENSG00000137563	GGH	protein_coding	NA
ENSG00000137573	SULF1	protein_coding	NA
ENSG00000137574	TGS1	protein_coding	NA
ENSG00000137575	SDCBP	protein_coding	NA
ENSG00000137601	NEK1	protein_coding	NA
ENSG00000137628	DDX60	protein_coding	NA
ENSG00000137642	SORL1	protein_coding	NA
ENSG00000137656	BUD13	protein_coding	NA
ENSG00000137672	TRPC6	protein_coding	NA
ENSG00000137673	MMP7	protein_coding	NA
ENSG00000137691	CFAP300	protein_coding	NA
ENSG00000137692	DCUN1D5	protein_coding	NA
ENSG00000137693	YAP1	protein_coding	NA
ENSG00000137699	TRIM29	protein_coding	NA
ENSG00000137700	SLC37A4	protein_coding	NA
ENSG00000137709	POU2F3	protein_coding	NA
ENSG00000137710	RDX	protein_coding	NA
ENSG00000137713	PPP2R1B	protein_coding	NA
ENSG00000137714	FDX1	protein_coding	NA
ENSG00000137720	CFAP68	protein_coding	NA
ENSG00000137726	FXYD6	protein_coding	NA
ENSG00000137731	FXYD2	protein_coding	NA
ENSG00000137747	TMPRSS13	protein_coding	NA
ENSG00000137752	CASP1	protein_coding	NA
ENSG00000137760	ALKBH8	protein_coding	NA
ENSG00000137764	MAP2K5	protein_coding	NA
ENSG00000137767	SQOR	protein_coding	NA
ENSG00000137770	CTDSPL2	protein_coding	NA
ENSG00000137776	SLTM	protein_coding	NA
ENSG00000137801	THBS1	protein_coding	NA
ENSG00000137802	MAPKBP1	protein_coding	NA
ENSG00000137804	NUSAP1	protein_coding	NA
ENSG00000137806	NDUFAF1	protein_coding	NA
ENSG00000137807	KIF23	protein_coding	NA
ENSG00000137812	KNL1	protein_coding	NA
ENSG00000137814	HAUS2	protein_coding	NA
ENSG00000137815	RTF1	protein_coding	NA
ENSG00000137817	PARP6	protein_coding	NA
ENSG00000137818	RPLP1	protein_coding	NA
ENSG00000137821	LRRC49	protein_coding	NA
ENSG00000137822	TUBGCP4	protein_coding	NA
ENSG00000137824	RMDN3	protein_coding	NA
ENSG00000137831	UACA	protein_coding	NA
ENSG00000137834	SMAD6	protein_coding	NA
ENSG00000137841	PLCB2	protein_coding	NA
ENSG00000137842	TMEM62	protein_coding	NA
ENSG00000137843	PAK6	protein_coding	NA
ENSG00000137845	ADAM10	protein_coding	NA
ENSG00000137857	DUOX1	protein_coding	NA
ENSG00000137860	SLC28A2	protein_coding	NA
ENSG00000137868	STRA6	protein_coding	NA
ENSG00000137869	CYP19A1	protein_coding	NA
ENSG00000137871	ZNF280D	protein_coding	NA
ENSG00000137872	SEMA6D	protein_coding	NA
ENSG00000137876	RSL24D1	protein_coding	NA
ENSG00000137880	GCHFR	protein_coding	NA
ENSG00000137936	BCAR3	protein_coding	NA
ENSG00000137942	FNBP1L	protein_coding	NA
ENSG00000137944	KYAT3	protein_coding	NA
ENSG00000137947	GTF2B	protein_coding	NA
ENSG00000137955	RABGGTB	protein_coding	NA
ENSG00000137959	IFI44L	protein_coding	NA
ENSG00000137960	GIPC2	protein_coding	NA
ENSG00000137962	ARHGAP29	protein_coding	NA
ENSG00000137965	IFI44	protein_coding	NA
ENSG00000137992	DBT	protein_coding	NA
ENSG00000137996	RTCA	protein_coding	NA
ENSG00000138002	IFT172	protein_coding	NA
ENSG00000138018	SELENOI	protein_coding	NA
ENSG00000138029	HADHB	protein_coding	NA
ENSG00000138030	KHK	protein_coding	NA
ENSG00000138031	ADCY3	protein_coding	NA
ENSG00000138032	PPM1B	protein_coding	NA
ENSG00000138035	PNPT1	protein_coding	NA
ENSG00000138036	DYNC2LI1	protein_coding	NA
ENSG00000138050	THUMPD2	protein_coding	NA
ENSG00000138069	RAB1A	protein_coding	NA
ENSG00000138071	ACTR2	protein_coding	NA
ENSG00000138073	PREB	protein_coding	NA
ENSG00000138074	SLC5A6	protein_coding	NA
ENSG00000138078	PREPL	protein_coding	NA
ENSG00000138081	FBXO11	protein_coding	NA
ENSG00000138085	ATRAID	protein_coding	NA
ENSG00000138092	CENPO	protein_coding	NA
ENSG00000138095	LRPPRC	protein_coding	NA
ENSG00000138101	DTNB	protein_coding	NA
ENSG00000138107	ACTR1A	protein_coding	NA
ENSG00000138111	MFSD13A	protein_coding	NA
ENSG00000138119	MYOF	protein_coding	NA
ENSG00000138138	ATAD1	protein_coding	NA
ENSG00000138160	KIF11	protein_coding	NA
ENSG00000138162	TACC2	protein_coding	NA
ENSG00000138166	DUSP5	protein_coding	NA
ENSG00000138172	CALHM2	protein_coding	NA
ENSG00000138175	ARL3	protein_coding	NA
ENSG00000138180	CEP55	protein_coding	NA
ENSG00000138182	KIF20B	protein_coding	NA
ENSG00000138185	ENTPD1	protein_coding	NA
ENSG00000138190	EXOC6	protein_coding	NA
ENSG00000138193	PLCE1	protein_coding	NA
ENSG00000138207	RBP4	protein_coding	NA
ENSG00000138231	DBR1	protein_coding	NA
ENSG00000138246	DNAJC13	protein_coding	NA
ENSG00000138271	GPR87	protein_coding	NA
ENSG00000138279	ANXA7	protein_coding	NA
ENSG00000138286	FAM149B1	protein_coding	NA
ENSG00000138303	ASCC1	protein_coding	NA
ENSG00000138326	RPS24	protein_coding	NA
ENSG00000138356	AOX1	protein_coding	NA
ENSG00000138363	ATIC	protein_coding	NA
ENSG00000138375	SMARCAL1	protein_coding	NA
ENSG00000138376	BARD1	protein_coding	NA
ENSG00000138378	STAT4	protein_coding	NA
ENSG00000138380	CARF	protein_coding	NA
ENSG00000138381	ASNSD1	protein_coding	NA
ENSG00000138382	METTL5	protein_coding	NA
ENSG00000138385	SSB	protein_coding	NA
ENSG00000138386	NAB1	protein_coding	NA
ENSG00000138398	PPIG	protein_coding	NA
ENSG00000138399	FASTKD1	protein_coding	NA
ENSG00000138411	HECW2	protein_coding	NA
ENSG00000138413	IDH1	protein_coding	NA
ENSG00000138430	OLA1	protein_coding	NA
ENSG00000138433	CIR1	protein_coding	NA
ENSG00000138434	ITPRID2	protein_coding	NA
ENSG00000138439	FAM117B	protein_coding	NA
ENSG00000138442	WDR12	protein_coding	NA
ENSG00000138443	ABI2	protein_coding	NA
ENSG00000138448	ITGAV	protein_coding	NA
ENSG00000138449	SLC40A1	protein_coding	NA
ENSG00000138459	SLC35A5	protein_coding	NA
ENSG00000138463	SLC49A4	protein_coding	NA
ENSG00000138468	SENP7	protein_coding	NA
ENSG00000138495	COX17	protein_coding	NA
ENSG00000138496	PARP9	protein_coding	NA
ENSG00000138587	MNS1	protein_coding	NA
ENSG00000138592	USP8	protein_coding	NA
ENSG00000138593	SECISBP2L	protein_coding	NA
ENSG00000138594	TMOD3	protein_coding	NA
ENSG00000138600	SPPL2A	protein_coding	NA
ENSG00000138604	GLCE	protein_coding	NA
ENSG00000138613	APH1B	protein_coding	NA
ENSG00000138614	INTS14	protein_coding	NA
ENSG00000138617	PARP16	protein_coding	NA
ENSG00000138621	PPCDC	protein_coding	NA
ENSG00000138623	SEMA7A	protein_coding	NA
ENSG00000138629	UBL7	protein_coding	NA
ENSG00000138639	ARHGAP24	protein_coding	NA
ENSG00000138640	FAM13A	protein_coding	NA
ENSG00000138642	HERC6	protein_coding	NA
ENSG00000138646	HERC5	protein_coding	NA
ENSG00000138650	PCDH10	protein_coding	NA
ENSG00000138658	ZGRF1	protein_coding	NA
ENSG00000138660	AP1AR	protein_coding	NA
ENSG00000138663	COPS4	protein_coding	NA
ENSG00000138668	HNRNPD	protein_coding	NA
ENSG00000138670	RASGEF1B	protein_coding	NA
ENSG00000138674	SEC31A	protein_coding	NA
ENSG00000138678	GPAT3	protein_coding	NA
ENSG00000138686	BBS7	protein_coding	NA
ENSG00000138688	BLTP1	protein_coding	NA
ENSG00000138698	RAP1GDS1	protein_coding	NA
ENSG00000138709	LARP1B	protein_coding	NA
ENSG00000138722	MMRN1	protein_coding	NA
ENSG00000138735	PDE5A	protein_coding	NA
ENSG00000138738	PRDM5	protein_coding	NA
ENSG00000138744	NAAA	protein_coding	NA
ENSG00000138750	NUP54	protein_coding	NA
ENSG00000138757	G3BP2	protein_coding	NA
ENSG00000138758	SEPTIN11	protein_coding	NA
ENSG00000138760	SCARB2	protein_coding	NA
ENSG00000138764	CCNG2	protein_coding	NA
ENSG00000138767	CNOT6L	protein_coding	NA
ENSG00000138768	USO1	protein_coding	NA
ENSG00000138772	ANXA3	protein_coding	NA
ENSG00000138777	PPA2	protein_coding	NA
ENSG00000138778	CENPE	protein_coding	NA
ENSG00000138780	GSTCD	protein_coding	NA
ENSG00000138785	INTS12	protein_coding	NA
ENSG00000138792	ENPEP	protein_coding	NA
ENSG00000138794	CASP6	protein_coding	NA
ENSG00000138795	LEF1	protein_coding	NA
ENSG00000138796	HADH	protein_coding	NA
ENSG00000138801	PAPSS1	protein_coding	NA
ENSG00000138802	SEC24B	protein_coding	NA
ENSG00000138814	PPP3CA	protein_coding	NA
ENSG00000138821	SLC39A8	protein_coding	NA
ENSG00000138829	FBN2	protein_coding	NA
ENSG00000138835	RGS3	protein_coding	NA
ENSG00000138867	GUCD1	protein_coding	NA
ENSG00000138964	PARVG	protein_coding	NA
ENSG00000139053	PDE6H	protein_coding	NA
ENSG00000139055	ERP27	protein_coding	NA
ENSG00000139083	ETV6	protein_coding	NA
ENSG00000139112	GABARAPL1	protein_coding	NA
ENSG00000139116	KIF21A	protein_coding	NA
ENSG00000139117	CPNE8	protein_coding	NA
ENSG00000139131	YARS2	protein_coding	NA
ENSG00000139132	FGD4	protein_coding	NA
ENSG00000139133	ALG10	protein_coding	NA
ENSG00000139146	SINHCAF	protein_coding	NA
ENSG00000139154	AEBP2	protein_coding	NA
ENSG00000139160	ETFBKMT	protein_coding	NA
ENSG00000139163	ETNK1	protein_coding	NA
ENSG00000139168	ZCRB1	protein_coding	NA
ENSG00000139173	TMEM117	protein_coding	NA
ENSG00000139178	C1RL	protein_coding	NA
ENSG00000139180	NDUFA9	protein_coding	NA
ENSG00000139182	CLSTN3	protein_coding	NA
ENSG00000139187	KLRG1	protein_coding	NA
ENSG00000139190	VAMP1	protein_coding	NA
ENSG00000139192	TAPBPL	protein_coding	NA
ENSG00000139197	PEX5	protein_coding	NA
ENSG00000139211	AMIGO2	protein_coding	NA
ENSG00000139218	SCAF11	protein_coding	NA
ENSG00000139233	LLPH	protein_coding	NA
ENSG00000139263	LRIG3	protein_coding	NA
ENSG00000139266	MARCHF9	protein_coding	NA
ENSG00000139278	GLIPR1	protein_coding	NA
ENSG00000139289	PHLDA1	protein_coding	NA
ENSG00000139291	TMEM19	protein_coding	NA
ENSG00000139292	LGR5	protein_coding	NA
ENSG00000139304	PTPRQ	protein_coding	NA
ENSG00000139318	DUSP6	protein_coding	NA
ENSG00000139323	POC1B	protein_coding	NA
ENSG00000139324	TMTC3	protein_coding	NA
ENSG00000139329	LUM	protein_coding	NA
ENSG00000139343	SNRPF	protein_coding	NA
ENSG00000139344	AMDHD1	protein_coding	NA
ENSG00000139350	NEDD1	protein_coding	NA
ENSG00000139351	SYCP3	protein_coding	NA
ENSG00000139354	GAS2L3	protein_coding	NA
ENSG00000139370	SLC15A4	protein_coding	NA
ENSG00000139372	TDG	protein_coding	NA
ENSG00000139405	RITA1	protein_coding	NA
ENSG00000139410	SDSL	protein_coding	NA
ENSG00000139428	MMAB	protein_coding	NA
ENSG00000139433	GLTP	protein_coding	NA
ENSG00000139436	GIT2	protein_coding	NA
ENSG00000139437	TCHP	protein_coding	NA
ENSG00000139496	NUP58	protein_coding	NA
ENSG00000139508	SLC46A3	protein_coding	NA
ENSG00000139531	SUOX	protein_coding	NA
ENSG00000139546	TARBP2	protein_coding	NA
ENSG00000139567	ACVRL1	protein_coding	NA
ENSG00000139572	GPR84	protein_coding	NA
ENSG00000139574	NPFF	protein_coding	NA
ENSG00000139579	NABP2	protein_coding	NA
ENSG00000139597	N4BP2L1	protein_coding	NA
ENSG00000139610	CELA1	protein_coding	NA
ENSG00000139613	SMARCC2	protein_coding	NA
ENSG00000139618	BRCA2	protein_coding	NA
ENSG00000139620	KANSL2	protein_coding	NA
ENSG00000139624	CERS5	protein_coding	NA
ENSG00000139626	ITGB7	protein_coding	NA
ENSG00000139629	GALNT6	protein_coding	NA
ENSG00000139636	LMBR1L	protein_coding	NA
ENSG00000139637	MYG1	protein_coding	NA
ENSG00000139641	ESYT1	protein_coding	NA
ENSG00000139644	TMBIM6	protein_coding	NA
ENSG00000139651	ZNF740	protein_coding	NA
ENSG00000139656	SMIM2	protein_coding	NA
ENSG00000139668	WDFY2	protein_coding	NA
ENSG00000139679	LPAR6	protein_coding	NA
ENSG00000139684	ESD	protein_coding	NA
ENSG00000139687	RB1	protein_coding	NA
ENSG00000139697	SBNO1	protein_coding	NA
ENSG00000139714	MORN3	protein_coding	NA
ENSG00000139719	VPS33A	protein_coding	NA
ENSG00000139722	VPS37B	protein_coding	NA
ENSG00000139725	RHOF	protein_coding	NA
ENSG00000139726	DENR	protein_coding	NA
ENSG00000139734	DIAPH3	protein_coding	NA
ENSG00000139746	RBM26	protein_coding	NA
ENSG00000139780	METTL21C	protein_coding	NA
ENSG00000139793	MBNL2	protein_coding	NA
ENSG00000139826	ABHD13	protein_coding	NA
ENSG00000139832	RAB20	protein_coding	NA
ENSG00000139835	GRTP1	protein_coding	NA
ENSG00000139842	CUL4A	protein_coding	NA
ENSG00000139880	CDH24	protein_coding	NA
ENSG00000139899	CBLN3	protein_coding	NA
ENSG00000139921	TMX1	protein_coding	NA
ENSG00000139926	FRMD6	protein_coding	NA
ENSG00000139970	RTN1	protein_coding	NA
ENSG00000139971	ARMH4	protein_coding	NA
ENSG00000139974	SLC38A6	protein_coding	NA
ENSG00000139977	NAA30	protein_coding	NA
ENSG00000139990	DCAF5	protein_coding	NA
ENSG00000140006	WDR89	protein_coding	NA
ENSG00000140022	STON2	protein_coding	NA
ENSG00000140025	EFCAB11	protein_coding	NA
ENSG00000140030	GPR65	protein_coding	NA
ENSG00000140043	PTGR2	protein_coding	NA
ENSG00000140044	JDP2	protein_coding	NA
ENSG00000140092	FBLN5	protein_coding	NA
ENSG00000140104	CLBA1	protein_coding	NA
ENSG00000140105	WARS1	protein_coding	NA
ENSG00000140153	WDR20	protein_coding	NA
ENSG00000140157	NIPA2	protein_coding	NA
ENSG00000140199	SLC12A6	protein_coding	NA
ENSG00000140259	MFAP1	protein_coding	NA
ENSG00000140262	TCF12	protein_coding	NA
ENSG00000140263	SORD	protein_coding	NA
ENSG00000140264	SERF2	protein_coding	NA
ENSG00000140265	ZSCAN29	protein_coding	NA
ENSG00000140280	LYSMD2	protein_coding	NA
ENSG00000140284	SLC27A2	protein_coding	NA
ENSG00000140285	FGF7	protein_coding	NA
ENSG00000140299	BNIP2	protein_coding	NA
ENSG00000140307	GTF2A2	protein_coding	NA
ENSG00000140319	SRP14	protein_coding	NA
ENSG00000140332	TLE3	protein_coding	NA
ENSG00000140350	ANP32A	protein_coding	NA
ENSG00000140365	COMMD4	protein_coding	NA
ENSG00000140367	UBE2Q2	protein_coding	NA
ENSG00000140368	PSTPIP1	protein_coding	NA
ENSG00000140374	ETFA	protein_coding	NA
ENSG00000140379	BCL2A1	protein_coding	NA
ENSG00000140382	HMG20A	protein_coding	NA
ENSG00000140386	SCAPER	protein_coding	NA
ENSG00000140391	TSPAN3	protein_coding	NA
ENSG00000140395	SKIC8	protein_coding	NA
ENSG00000140396	NCOA2	protein_coding	NA
ENSG00000140398	NEIL1	protein_coding	NA
ENSG00000140400	MAN2C1	protein_coding	NA
ENSG00000140403	DNAJA4	protein_coding	NA
ENSG00000140416	TPM1	protein_coding	NA
ENSG00000140443	IGF1R	protein_coding	NA
ENSG00000140455	USP3	protein_coding	NA
ENSG00000140459	CYP11A1	protein_coding	NA
ENSG00000140463	BBS4	protein_coding	NA
ENSG00000140464	PML	protein_coding	NA
ENSG00000140471	LINS1	protein_coding	NA
ENSG00000140474	ULK3	protein_coding	NA
ENSG00000140479	PCSK6	protein_coding	NA
ENSG00000140481	CCDC33	protein_coding	NA
ENSG00000140488	CELF6	protein_coding	NA
ENSG00000140497	SCAMP2	protein_coding	NA
ENSG00000140521	POLG	protein_coding	NA
ENSG00000140525	FANCI	protein_coding	NA
ENSG00000140526	ABHD2	protein_coding	NA
ENSG00000140543	DET1	protein_coding	NA
ENSG00000140545	MFGE8	protein_coding	NA
ENSG00000140548	ZNF710	protein_coding	NA
ENSG00000140553	UNC45A	protein_coding	NA
ENSG00000140563	MCTP2	protein_coding	NA
ENSG00000140564	FURIN	protein_coding	NA
ENSG00000140575	IQGAP1	protein_coding	NA
ENSG00000140598	EFL1	protein_coding	NA
ENSG00000140612	SEC11A	protein_coding	NA
ENSG00000140632	GLYR1	protein_coding	NA
ENSG00000140650	PMM2	protein_coding	NA
ENSG00000140682	TGFB1I1	protein_coding	NA
ENSG00000140688	RUSF1	protein_coding	NA
ENSG00000140694	PARN	protein_coding	NA
ENSG00000140718	FTO	protein_coding	NA
ENSG00000140740	UQCRC2	protein_coding	NA
ENSG00000140743	CDR2	protein_coding	NA
ENSG00000140749	IGSF6	protein_coding	NA
ENSG00000140750	ARHGAP17	protein_coding	NA
ENSG00000140829	DHX38	protein_coding	NA
ENSG00000140830	TXNL4B	protein_coding	NA
ENSG00000140832	MARVELD3	protein_coding	NA
ENSG00000140836	ZFHX3	protein_coding	NA
ENSG00000140848	CPNE2	protein_coding	NA
ENSG00000140853	NLRC5	protein_coding	NA
ENSG00000140854	KATNB1	protein_coding	NA
ENSG00000140859	KIFC3	protein_coding	NA
ENSG00000140876	NUDT7	protein_coding	NA
ENSG00000140905	GCSH	protein_coding	NA
ENSG00000140931	CMTM3	protein_coding	NA
ENSG00000140932	CMTM2	protein_coding	NA
ENSG00000140937	CDH11	protein_coding	NA
ENSG00000140939	NOL3	protein_coding	NA
ENSG00000140941	MAP1LC3B	protein_coding	NA
ENSG00000140943	MBTPS1	protein_coding	NA
ENSG00000140945	CDH13	protein_coding	NA
ENSG00000140950	MEAK7	protein_coding	NA
ENSG00000140968	IRF8	protein_coding	NA
ENSG00000140983	RHOT2	protein_coding	NA
ENSG00000140987	ZSCAN32	protein_coding	NA
ENSG00000140988	RPS2	protein_coding	NA
ENSG00000140990	NDUFB10	protein_coding	NA
ENSG00000140992	PDPK1	protein_coding	NA
ENSG00000140995	DEF8	protein_coding	NA
ENSG00000141002	TCF25	protein_coding	NA
ENSG00000141012	GALNS	protein_coding	NA
ENSG00000141013	GAS8	protein_coding	NA
ENSG00000141026	MED9	protein_coding	NA
ENSG00000141027	NCOR1	protein_coding	NA
ENSG00000141030	COPS3	protein_coding	NA
ENSG00000141034	GID4	protein_coding	NA
ENSG00000141040	ZNF287	protein_coding	NA
ENSG00000141076	UTP4	protein_coding	NA
ENSG00000141086	CTRL	protein_coding	NA
ENSG00000141098	GFOD2	protein_coding	NA
ENSG00000141101	NOB1	protein_coding	NA
ENSG00000141127	PRPSAP2	protein_coding	NA
ENSG00000141179	PCTP	protein_coding	NA
ENSG00000141198	TOM1L1	protein_coding	NA
ENSG00000141219	C17orf80	protein_coding	NA
ENSG00000141232	TOB1	protein_coding	NA
ENSG00000141252	VPS53	protein_coding	NA
ENSG00000141255		protein_coding	NA
ENSG00000141279	NPEPPS	protein_coding	NA
ENSG00000141293	SKAP1	protein_coding	NA
ENSG00000141294	LRRC46	protein_coding	NA
ENSG00000141295	SCRN2	protein_coding	NA
ENSG00000141298	SSH2	protein_coding	NA
ENSG00000141338	ABCA8	protein_coding	NA
ENSG00000141349	G6PC3	protein_coding	NA
ENSG00000141367	CLTC	protein_coding	NA
ENSG00000141376	BCAS3	protein_coding	NA
ENSG00000141378	PTRH2	protein_coding	NA
ENSG00000141380	SS18	protein_coding	NA
ENSG00000141384	TAF4B	protein_coding	NA
ENSG00000141385	AFG3L2	protein_coding	NA
ENSG00000141401	IMPA2	protein_coding	NA
ENSG00000141424	SLC39A6	protein_coding	NA
ENSG00000141425	RPRD1A	protein_coding	NA
ENSG00000141428	C18orf21	protein_coding	NA
ENSG00000141429	GALNT1	protein_coding	NA
ENSG00000141431	ASXL3	protein_coding	NA
ENSG00000141446	ESCO1	protein_coding	NA
ENSG00000141447	OSBPL1A	protein_coding	NA
ENSG00000141452	RMC1	protein_coding	NA
ENSG00000141456	PELP1	protein_coding	NA
ENSG00000141458	NPC1	protein_coding	NA
ENSG00000141469	SLC14A1	protein_coding	NA
ENSG00000141480	ARRB2	protein_coding	NA
ENSG00000141499	WRAP53	protein_coding	NA
ENSG00000141503	MINK1	protein_coding	NA
ENSG00000141504	SAT2	protein_coding	NA
ENSG00000141510	TP53	protein_coding	NA
ENSG00000141522	ARHGDIA	protein_coding	NA
ENSG00000141524	TMC6	protein_coding	NA
ENSG00000141526	SLC16A3	protein_coding	NA
ENSG00000141542	RAB40B	protein_coding	NA
ENSG00000141543	EIF4A3	protein_coding	NA
ENSG00000141551	CSNK1D	protein_coding	NA
ENSG00000141552	ANAPC11	protein_coding	NA
ENSG00000141556	TBCD	protein_coding	NA
ENSG00000141560	FN3KRP	protein_coding	NA
ENSG00000141562	NARF	protein_coding	NA
ENSG00000141568	FOXK2	protein_coding	NA
ENSG00000141570	CBX8	protein_coding	NA
ENSG00000141574	SECTM1	protein_coding	NA
ENSG00000141579	ZNF750	protein_coding	NA
ENSG00000141580	WDR45B	protein_coding	NA
ENSG00000141627	DYM	protein_coding	NA
ENSG00000141642	ELAC1	protein_coding	NA
ENSG00000141644	MBD1	protein_coding	NA
ENSG00000141646	SMAD4	protein_coding	NA
ENSG00000141664	ZCCHC2	protein_coding	NA
ENSG00000141682	PMAIP1	protein_coding	NA
ENSG00000141696	P3H4	protein_coding	NA
ENSG00000141698	NT5C3B	protein_coding	NA
ENSG00000141699	RETREG3	protein_coding	NA
ENSG00000141736	ERBB2	protein_coding	NA
ENSG00000141738	GRB7	protein_coding	NA
ENSG00000141741	MIEN1	protein_coding	NA
ENSG00000141744	PNMT	protein_coding	NA
ENSG00000141753	IGFBP4	protein_coding	NA
ENSG00000141756	FKBP10	protein_coding	NA
ENSG00000141759	TXNL4A	protein_coding	NA
ENSG00000141854	MISP3	protein_coding	NA
ENSG00000141858	SAMD1	protein_coding	NA
ENSG00000141867	BRD4	protein_coding	NA
ENSG00000141873	SLC39A3	protein_coding	NA
ENSG00000141905	NFIC	protein_coding	NA
ENSG00000141934	PLPP2	protein_coding	NA
ENSG00000141959	PFKL	protein_coding	NA
ENSG00000141968	VAV1	protein_coding	NA
ENSG00000141971	MVB12A	protein_coding	NA
ENSG00000141985	SH3GL1	protein_coding	NA
ENSG00000141994	DUS3L	protein_coding	NA
ENSG00000142039	CCDC97	protein_coding	NA
ENSG00000142046	TMEM91	protein_coding	NA
ENSG00000142065	ZFP14	protein_coding	NA
ENSG00000142082	SIRT3	protein_coding	NA
ENSG00000142089	IFITM3	protein_coding	NA
ENSG00000142102	PGGHG	protein_coding	NA
ENSG00000142156	COL6A1	protein_coding	NA
ENSG00000142166	IFNAR1	protein_coding	NA
ENSG00000142168	SOD1	protein_coding	NA
ENSG00000142173	COL6A2	protein_coding	NA
ENSG00000142185	TRPM2	protein_coding	NA
ENSG00000142186	SCYL1	protein_coding	NA
ENSG00000142188	TMEM50B	protein_coding	NA
ENSG00000142192	APP	protein_coding	NA
ENSG00000142197	DOP1B	protein_coding	NA
ENSG00000142208	AKT1	protein_coding	NA
ENSG00000142227	EMP3	protein_coding	NA
ENSG00000142230	SAE1	protein_coding	NA
ENSG00000142252	GEMIN7	protein_coding	NA
ENSG00000142273	CBLC	protein_coding	NA
ENSG00000142327	RNPEPL1	protein_coding	NA
ENSG00000142347	MYO1F	protein_coding	NA
ENSG00000142396	ERVK3-1	protein_coding	NA
ENSG00000142409	ZNF787	protein_coding	NA
ENSG00000142444	TIMM29	protein_coding	NA
ENSG00000142459	EVI5L	protein_coding	NA
ENSG00000142484	TM4SF5	protein_coding	NA
ENSG00000142507	PSMB6	protein_coding	NA
ENSG00000142528	ZNF473	protein_coding	NA
ENSG00000142530	GARIN5A	protein_coding	NA
ENSG00000142534	RPS11	protein_coding	NA
ENSG00000142541	RPL13A	protein_coding	NA
ENSG00000142546	NOSIP	protein_coding	NA
ENSG00000142552	RCN3	protein_coding	NA
ENSG00000142556	ZNF614	protein_coding	NA
ENSG00000142583	SLC2A5	protein_coding	NA
ENSG00000142599	RERE	protein_coding	NA
ENSG00000142627	EPHA2	protein_coding	NA
ENSG00000142634	EFHD2	protein_coding	NA
ENSG00000142655	PEX14	protein_coding	NA
ENSG00000142657	PGD	protein_coding	NA
ENSG00000142669	SH3BGRL3	protein_coding	NA
ENSG00000142675	CNKSR1	protein_coding	NA
ENSG00000142676	RPL11	protein_coding	NA
ENSG00000142684	ZNF593	protein_coding	NA
ENSG00000142687	KIAA0319L	protein_coding	NA
ENSG00000142694	EVA1B	protein_coding	NA
ENSG00000142731	PLK4	protein_coding	NA
ENSG00000142733	MAP3K6	protein_coding	NA
ENSG00000142748	FCN3	protein_coding	NA
ENSG00000142751	GPN2	protein_coding	NA
ENSG00000142765	SYTL1	protein_coding	NA
ENSG00000142794	NBPF3	protein_coding	NA
ENSG00000142798	HSPG2	protein_coding	NA
ENSG00000142856	ITGB3BP	protein_coding	NA
ENSG00000142864	SERBP1	protein_coding	NA
ENSG00000142867	BCL10	protein_coding	NA
ENSG00000142871	CCN1	protein_coding	NA
ENSG00000142875	PRKACB	protein_coding	NA
ENSG00000142892	PIGK	protein_coding	NA
ENSG00000142910	TINAGL1	protein_coding	NA
ENSG00000142937	RPS8	protein_coding	NA
ENSG00000142945	KIF2C	protein_coding	NA
ENSG00000142949	PTPRF	protein_coding	NA
ENSG00000142959	BEST4	protein_coding	NA
ENSG00000142961	MOB3C	protein_coding	NA
ENSG00000142973	CYP4B1	protein_coding	NA
ENSG00000143013	LMO4	protein_coding	NA
ENSG00000143033	MTF2	protein_coding	NA
ENSG00000143036	SLC44A3	protein_coding	NA
ENSG00000143061	IGSF3	protein_coding	NA
ENSG00000143079	CTTNBP2NL	protein_coding	NA
ENSG00000143093	STRIP1	protein_coding	NA
ENSG00000143106	PSMA5	protein_coding	NA
ENSG00000143110	C1orf162	protein_coding	NA
ENSG00000143119	CD53	protein_coding	NA
ENSG00000143125	PROK1	protein_coding	NA
ENSG00000143149	ALDH9A1	protein_coding	NA
ENSG00000143153	ATP1B1	protein_coding	NA
ENSG00000143155	TIPRL	protein_coding	NA
ENSG00000143156	NME7	protein_coding	NA
ENSG00000143157	POGK	protein_coding	NA
ENSG00000143158	MPC2	protein_coding	NA
ENSG00000143162	CREG1	protein_coding	NA
ENSG00000143164	DCAF6	protein_coding	NA
ENSG00000143171	RXRG	protein_coding	NA
ENSG00000143179	UCK2	protein_coding	NA
ENSG00000143183	TMCO1	protein_coding	NA
ENSG00000143184	XCL1	protein_coding	NA
ENSG00000143185	XCL2	protein_coding	NA
ENSG00000143190	POU2F1	protein_coding	NA
ENSG00000143194	MAEL	protein_coding	NA
ENSG00000143195	ILDR2	protein_coding	NA
ENSG00000143196	DPT	protein_coding	NA
ENSG00000143198	MGST3	protein_coding	NA
ENSG00000143207	COP1	protein_coding	NA
ENSG00000143217	NECTIN4	protein_coding	NA
ENSG00000143222	UFC1	protein_coding	NA
ENSG00000143224	PPOX	protein_coding	NA
ENSG00000143226	FCGR2A	protein_coding	NA
ENSG00000143228	NUF2	protein_coding	NA
ENSG00000143248	RGS5	protein_coding	NA
ENSG00000143252	SDHC	protein_coding	NA
ENSG00000143256	PFDN2	protein_coding	NA
ENSG00000143258	USP21	protein_coding	NA
ENSG00000143294	PRCC	protein_coding	NA
ENSG00000143303	METTL25B	protein_coding	NA
ENSG00000143314	MRPL24	protein_coding	NA
ENSG00000143318	CASQ1	protein_coding	NA
ENSG00000143319	ISG20L2	protein_coding	NA
ENSG00000143320	CRABP2	protein_coding	NA
ENSG00000143321	HDGF	protein_coding	NA
ENSG00000143324	XPR1	protein_coding	NA
ENSG00000143333	RGS16	protein_coding	NA
ENSG00000143337	TOR1AIP1	protein_coding	NA
ENSG00000143344	RGL1	protein_coding	NA
ENSG00000143353	LYPLAL1	protein_coding	NA
ENSG00000143363	PRUNE1	protein_coding	NA
ENSG00000143367	TUFT1	protein_coding	NA
ENSG00000143368	SF3B4	protein_coding	NA
ENSG00000143369	ECM1	protein_coding	NA
ENSG00000143374	TARS2	protein_coding	NA
ENSG00000143375	CGN	protein_coding	NA
ENSG00000143376	SNX27	protein_coding	NA
ENSG00000143379	SETDB1	protein_coding	NA
ENSG00000143382	ADAMTSL4	protein_coding	NA
ENSG00000143384	MCL1	protein_coding	NA
ENSG00000143387	CTSK	protein_coding	NA
ENSG00000143393	PI4KB	protein_coding	NA
ENSG00000143398	PIP5K1A	protein_coding	NA
ENSG00000143401	ANP32E	protein_coding	NA
ENSG00000143409	MINDY1	protein_coding	NA
ENSG00000143418	CERS2	protein_coding	NA
ENSG00000143420	ENSA	protein_coding	NA
ENSG00000143429	LSP1P4	lncRNA	NA
ENSG00000143436	MRPL9	protein_coding	NA
ENSG00000143437	ARNT	protein_coding	NA
ENSG00000143442	POGZ	protein_coding	NA
ENSG00000143443	C1orf56	protein_coding	NA
ENSG00000143450	OAZ3	protein_coding	NA
ENSG00000143452	HORMAD1	protein_coding	NA
ENSG00000143457	GOLPH3L	protein_coding	NA
ENSG00000143458	GABPB2	protein_coding	NA
ENSG00000143476	DTL	protein_coding	NA
ENSG00000143486	EIF2D	protein_coding	NA
ENSG00000143498	TAF1A	protein_coding	NA
ENSG00000143499	SMYD2	protein_coding	NA
ENSG00000143502	SUSD4	protein_coding	NA
ENSG00000143507	DUSP10	protein_coding	NA
ENSG00000143514	TP53BP2	protein_coding	NA
ENSG00000143537	ADAM15	protein_coding	NA
ENSG00000143543	JTB	protein_coding	NA
ENSG00000143545	RAB13	protein_coding	NA
ENSG00000143546	S100A8	protein_coding	NA
ENSG00000143549	TPM3	protein_coding	NA
ENSG00000143553	SNAPIN	protein_coding	NA
ENSG00000143554	SLC27A3	protein_coding	NA
ENSG00000143556	S100A7	protein_coding	NA
ENSG00000143569	UBAP2L	protein_coding	NA
ENSG00000143570	SLC39A1	protein_coding	NA
ENSG00000143575	HAX1	protein_coding	NA
ENSG00000143578	CREB3L4	protein_coding	NA
ENSG00000143590	EFNA3	protein_coding	NA
ENSG00000143612	C1orf43	protein_coding	NA
ENSG00000143614	GATAD2B	protein_coding	NA
ENSG00000143621	ILF2	protein_coding	NA
ENSG00000143622	RIT1	protein_coding	NA
ENSG00000143624	INTS3	protein_coding	NA
ENSG00000143632	ACTA1	protein_coding	NA
ENSG00000143633	C1orf131	protein_coding	NA
ENSG00000143641	GALNT2	protein_coding	NA
ENSG00000143643	TTC13	protein_coding	NA
ENSG00000143653	SCCPDH	protein_coding	NA
ENSG00000143669	LYST	protein_coding	NA
ENSG00000143702	CEP170	protein_coding	NA
ENSG00000143727	ACP1	protein_coding	NA
ENSG00000143740	SNAP47	protein_coding	NA
ENSG00000143742	SRP9	protein_coding	NA
ENSG00000143748	NVL	protein_coding	NA
ENSG00000143751	SDE2	protein_coding	NA
ENSG00000143753	DEGS1	protein_coding	NA
ENSG00000143756	FBXO28	protein_coding	NA
ENSG00000143761	ARF1	protein_coding	NA
ENSG00000143771	CNIH4	protein_coding	NA
ENSG00000143774	GUK1	protein_coding	NA
ENSG00000143776	CDC42BPA	protein_coding	NA
ENSG00000143786	CNIH3	protein_coding	NA
ENSG00000143793	C1orf35	protein_coding	NA
ENSG00000143797	MBOAT2	protein_coding	NA
ENSG00000143799	PARP1	protein_coding	NA
ENSG00000143801	PSEN2	protein_coding	NA
ENSG00000143811	PYCR2	protein_coding	NA
ENSG00000143815	LBR	protein_coding	NA
ENSG00000143819	EPHX1	protein_coding	NA
ENSG00000143842	SOX13	protein_coding	NA
ENSG00000143850	PLEKHA6	protein_coding	NA
ENSG00000143862	ARL8A	protein_coding	NA
ENSG00000143867	OSR1	protein_coding	NA
ENSG00000143870		protein_coding	NA
ENSG00000143882	ATP6V1C2	protein_coding	NA
ENSG00000143889	HNRNPLL	protein_coding	NA
ENSG00000143891	GALM	protein_coding	NA
ENSG00000143924	EML4	protein_coding	NA
ENSG00000143933	CALM2	protein_coding	NA
ENSG00000143942	CHAC2	protein_coding	NA
ENSG00000143947	RPS27A	protein_coding	NA
ENSG00000143951	WDPCP	protein_coding	NA
ENSG00000143952	VPS54	protein_coding	NA
ENSG00000143954	REG3G	protein_coding	NA
ENSG00000143970	ASXL2	protein_coding	NA
ENSG00000143971	ETAA1	protein_coding	NA
ENSG00000143977	SNRPG	protein_coding	NA
ENSG00000143995	MEIS1	protein_coding	NA
ENSG00000144021	CIAO1	protein_coding	NA
ENSG00000144026	ZNF514	protein_coding	NA
ENSG00000144028	SNRNP200	protein_coding	NA
ENSG00000144029	MRPS5	protein_coding	NA
ENSG00000144031	ANKRD53	protein_coding	NA
ENSG00000144034	TPRKB	protein_coding	NA
ENSG00000144036	EXOC6B	protein_coding	NA
ENSG00000144040	SFXN5	protein_coding	NA
ENSG00000144043	TEX261	protein_coding	NA
ENSG00000144045	DQX1	protein_coding	NA
ENSG00000144048	DUSP11	protein_coding	NA
ENSG00000144061	NPHP1	protein_coding	NA
ENSG00000144063	MALL	protein_coding	NA
ENSG00000144115	THNSL2	protein_coding	NA
ENSG00000144118	RALB	protein_coding	NA
ENSG00000144120	TMEM177	protein_coding	NA
ENSG00000144130	NT5DC4	protein_coding	NA
ENSG00000144136	SLC20A1	protein_coding	NA
ENSG00000144152	FBLN7	protein_coding	NA
ENSG00000144161	ZC3H8	protein_coding	NA
ENSG00000144182	LIPT1	protein_coding	NA
ENSG00000144199	FAHD2B	protein_coding	NA
ENSG00000144218	AFF3	protein_coding	NA
ENSG00000144224	UBXN4	protein_coding	NA
ENSG00000144228	SPOPL	protein_coding	NA
ENSG00000144231	POLR2D	protein_coding	NA
ENSG00000144283	PKP4	protein_coding	NA
ENSG00000144306	SCRN3	protein_coding	NA
ENSG00000144320	LNPK	protein_coding	NA
ENSG00000144354	CDCA7	protein_coding	NA
ENSG00000144357	UBR3	protein_coding	NA
ENSG00000144362	PHOSPHO2	protein_coding	NA
ENSG00000144366	GULP1	protein_coding	NA
ENSG00000144369	FAM171B	protein_coding	NA
ENSG00000144381	HSPD1	protein_coding	NA
ENSG00000144401	METTL21A	protein_coding	NA
ENSG00000144426	NBEAL1	protein_coding	NA
ENSG00000144445	KANSL1L	protein_coding	NA
ENSG00000144451	SPAG16	protein_coding	NA
ENSG00000144452	ABCA12	protein_coding	NA
ENSG00000144455	SUMF1	protein_coding	NA
ENSG00000144468	RHBDD1	protein_coding	NA
ENSG00000144476	ACKR3	protein_coding	NA
ENSG00000144524	COPS7B	protein_coding	NA
ENSG00000144535	DIS3L2	protein_coding	NA
ENSG00000144554	FANCD2	protein_coding	NA
ENSG00000144559	TAMM41	protein_coding	NA
ENSG00000144560	VGLL4	protein_coding	NA
ENSG00000144566	RAB5A	protein_coding	NA
ENSG00000144567	RETREG2	protein_coding	NA
ENSG00000144579	CTDSP1	protein_coding	NA
ENSG00000144580	CNOT9	protein_coding	NA
ENSG00000144583	MARCHF4	protein_coding	NA
ENSG00000144589	STK11IP	protein_coding	NA
ENSG00000144591	GMPPA	protein_coding	NA
ENSG00000144596	GRIP2	protein_coding	NA
ENSG00000144597	EAF1	protein_coding	NA
ENSG00000144619	CNTN4	protein_coding	NA
ENSG00000144635	DYNC1LI1	protein_coding	NA
ENSG00000144642	RBMS3	protein_coding	NA
ENSG00000144645	OSBPL10	protein_coding	NA
ENSG00000144647	POMGNT2	protein_coding	NA
ENSG00000144648	ACKR2	protein_coding	NA
ENSG00000144649	GASK1A	protein_coding	NA
ENSG00000144655	CSRNP1	protein_coding	NA
ENSG00000144659	SLC25A38	protein_coding	NA
ENSG00000144674	GOLGA4	protein_coding	NA
ENSG00000144677	CTDSPL	protein_coding	NA
ENSG00000144711	IQSEC1	protein_coding	NA
ENSG00000144713	RPL32	protein_coding	NA
ENSG00000144724	PTPRG	protein_coding	NA
ENSG00000144736	SHQ1	protein_coding	NA
ENSG00000144741	SLC25A26	protein_coding	NA
ENSG00000144744	UBA3	protein_coding	NA
ENSG00000144746	ARL6IP5	protein_coding	NA
ENSG00000144747	TMF1	protein_coding	NA
ENSG00000144791	LIMD1	protein_coding	NA
ENSG00000144792	ZNF660	protein_coding	NA
ENSG00000144802	NFKBIZ	protein_coding	NA
ENSG00000144824	PHLDB2	protein_coding	NA
ENSG00000144827	ABHD10	protein_coding	NA
ENSG00000144837	PLA1A	protein_coding	NA
ENSG00000144840	RABL3	protein_coding	NA
ENSG00000144843	ADPRH	protein_coding	NA
ENSG00000144848	ATG3	protein_coding	NA
ENSG00000144867	SRPRB	protein_coding	NA
ENSG00000144868	TMEM108	protein_coding	NA
ENSG00000144891	AGTR1	protein_coding	NA
ENSG00000144893	MED12L	protein_coding	NA
ENSG00000144895	EIF2A	protein_coding	NA
ENSG00000144909	OSBPL11	protein_coding	NA
ENSG00000144959	NCEH1	protein_coding	NA
ENSG00000145012	LPP	protein_coding	NA
ENSG00000145014	TMEM44	protein_coding	NA
ENSG00000145020	AMT	protein_coding	NA
ENSG00000145022	TCTA	protein_coding	NA
ENSG00000145029	NICN1	protein_coding	NA
ENSG00000145041	DCAF1	protein_coding	NA
ENSG00000145050	MANF	protein_coding	NA
ENSG00000145088	EAF2	protein_coding	NA
ENSG00000145103	ILDR1	protein_coding	NA
ENSG00000145107	TM4SF19	protein_coding	NA
ENSG00000145147	SLIT2	protein_coding	NA
ENSG00000145191	EIF2B5	protein_coding	NA
ENSG00000145216	FIP1L1	protein_coding	NA
ENSG00000145220	LYAR	protein_coding	NA
ENSG00000145241	CENPC	protein_coding	NA
ENSG00000145246	ATP10D	protein_coding	NA
ENSG00000145247	OCIAD2	protein_coding	NA
ENSG00000145284	SCD5	protein_coding	NA
ENSG00000145287	PLAC8	protein_coding	NA
ENSG00000145293	ENOPH1	protein_coding	NA
ENSG00000145331	TRMT10A	protein_coding	NA
ENSG00000145332	KLHL8	protein_coding	NA
ENSG00000145335	SNCA	protein_coding	NA
ENSG00000145337	PYURF	protein_coding	NA
ENSG00000145348	TBCK	protein_coding	NA
ENSG00000145349	CAMK2D	protein_coding	NA
ENSG00000145354	CISD2	protein_coding	NA
ENSG00000145358	DDIT4L	protein_coding	NA
ENSG00000145365	TIFA	protein_coding	NA
ENSG00000145375	AFG2A	protein_coding	NA
ENSG00000145386	CCNA2	protein_coding	NA
ENSG00000145388	METTL14	protein_coding	NA
ENSG00000145390	USP53	protein_coding	NA
ENSG00000145391	SETD7	protein_coding	NA
ENSG00000145414	NAF1	protein_coding	NA
ENSG00000145416	MARCHF1	protein_coding	NA
ENSG00000145425	RPS3A	protein_coding	NA
ENSG00000145431	PDGFC	protein_coding	NA
ENSG00000145439	CBR4	protein_coding	NA
ENSG00000145491	ROPN1L	protein_coding	NA
ENSG00000145494	NDUFS6	protein_coding	NA
ENSG00000145495	MARCHF6	protein_coding	NA
ENSG00000145545	SRD5A1	protein_coding	NA
ENSG00000145555	MYO10	protein_coding	NA
ENSG00000145569	OTULINL	protein_coding	NA
ENSG00000145592	RPL37	protein_coding	NA
ENSG00000145604	SKP2	protein_coding	NA
ENSG00000145623	OSMR	protein_coding	NA
ENSG00000145632	PLK2	protein_coding	NA
ENSG00000145649	GZMA	protein_coding	NA
ENSG00000145675	PIK3R1	protein_coding	NA
ENSG00000145681	HAPLN1	protein_coding	NA
ENSG00000145687	SSBP2	protein_coding	NA
ENSG00000145703	IQGAP2	protein_coding	NA
ENSG00000145708	CRHBP	protein_coding	NA
ENSG00000145715	RASA1	protein_coding	NA
ENSG00000145723	GIN1	protein_coding	NA
ENSG00000145725	PPIP5K2	protein_coding	NA
ENSG00000145730	PAM	protein_coding	NA
ENSG00000145734	BDP1	protein_coding	NA
ENSG00000145736	GTF2H2	protein_coding	NA
ENSG00000145740	SLC30A5	protein_coding	NA
ENSG00000145741	BTF3	protein_coding	NA
ENSG00000145743	FBXL17	protein_coding	NA
ENSG00000145779	TNFAIP8	protein_coding	NA
ENSG00000145780	FEM1C	protein_coding	NA
ENSG00000145781	COMMD10	protein_coding	NA
ENSG00000145782	ATG12	protein_coding	NA
ENSG00000145808	ADAMTS19	protein_coding	NA
ENSG00000145817	YIPF5	protein_coding	NA
ENSG00000145819	ARHGAP26	protein_coding	NA
ENSG00000145824	CXCL14	protein_coding	NA
ENSG00000145833	DDX46	protein_coding	NA
ENSG00000145850	TIMD4	protein_coding	NA
ENSG00000145860	RNF145	protein_coding	NA
ENSG00000145868	FBXO38	protein_coding	NA
ENSG00000145882	PCYOX1L	protein_coding	NA
ENSG00000145901	TNIP1	protein_coding	NA
ENSG00000145907	G3BP1	protein_coding	NA
ENSG00000145911	N4BP3	protein_coding	NA
ENSG00000145912	NHP2	protein_coding	NA
ENSG00000145916	RMND5B	protein_coding	NA
ENSG00000145919	BOD1	protein_coding	NA
ENSG00000145936	KCNMB1	protein_coding	NA
ENSG00000145945	FAM50B	protein_coding	NA
ENSG00000145979	TBC1D7	protein_coding	NA
ENSG00000145982	FARS2	protein_coding	NA
ENSG00000145990	GFOD1	protein_coding	NA
ENSG00000145996	CDKAL1	protein_coding	NA
ENSG00000146007	ZMAT2	protein_coding	NA
ENSG00000146021	KLHL3	protein_coding	NA
ENSG00000146063	TRIM41	protein_coding	NA
ENSG00000146066	HIGD2A	protein_coding	NA
ENSG00000146067	FAM193B	protein_coding	NA
ENSG00000146070	PLA2G7	protein_coding	NA
ENSG00000146072	TNFRSF21	protein_coding	NA
ENSG00000146083	RNF44	protein_coding	NA
ENSG00000146085	MMUT	protein_coding	NA
ENSG00000146109	ABT1	protein_coding	NA
ENSG00000146112	PPP1R18	protein_coding	NA
ENSG00000146122	DAAM2	protein_coding	NA
ENSG00000146143	PRIM2	protein_coding	NA
ENSG00000146151	HMGCLL1	protein_coding	NA
ENSG00000146192	FGD2	protein_coding	NA
ENSG00000146205	ANO7	protein_coding	NA
ENSG00000146223	RPL7L1	protein_coding	NA
ENSG00000146232	NFKBIE	protein_coding	NA
ENSG00000146233	CYP39A1	protein_coding	NA
ENSG00000146242	TPBG	protein_coding	NA
ENSG00000146243	IRAK1BP1	protein_coding	NA
ENSG00000146247	PHIP	protein_coding	NA
ENSG00000146250	PRSS35	protein_coding	NA
ENSG00000146278	PNRC1	protein_coding	NA
ENSG00000146281	PM20D2	protein_coding	NA
ENSG00000146282	RARS2	protein_coding	NA
ENSG00000146350	TBC1D32	protein_coding	NA
ENSG00000146373	RNF217	protein_coding	NA
ENSG00000146374	RSPO3	protein_coding	NA
ENSG00000146376	ARHGAP18	protein_coding	NA
ENSG00000146386	ABRACL	protein_coding	NA
ENSG00000146409	SLC18B1	protein_coding	NA
ENSG00000146410	MTFR2	protein_coding	NA
ENSG00000146411	SLC2A12	protein_coding	NA
ENSG00000146414	SHPRH	protein_coding	NA
ENSG00000146416	AIG1	protein_coding	NA
ENSG00000146425	DYNLT1	protein_coding	NA
ENSG00000146426	TIAM2	protein_coding	NA
ENSG00000146457	WTAP	protein_coding	NA
ENSG00000146463	ZMYM4	protein_coding	NA
ENSG00000146476	ARMT1	protein_coding	NA
ENSG00000146477	SLC22A3	protein_coding	NA
ENSG00000146535	GNA12	protein_coding	NA
ENSG00000146540	C7orf50	protein_coding	NA
ENSG00000146574	CCZ1B	protein_coding	NA
ENSG00000146576	INTS15	protein_coding	NA
ENSG00000146587	RBAK	protein_coding	NA
ENSG00000146592	CREB5	protein_coding	NA
ENSG00000146648	EGFR	protein_coding	NA
ENSG00000146670	CDCA5	protein_coding	NA
ENSG00000146674	IGFBP3	protein_coding	NA
ENSG00000146678	IGFBP1	protein_coding	NA
ENSG00000146701	MDH2	protein_coding	NA
ENSG00000146707	POMZP3	protein_coding	NA
ENSG00000146729	NIPSNAP2	protein_coding	NA
ENSG00000146731	CCT6A	protein_coding	NA
ENSG00000146757	ZNF92	protein_coding	NA
ENSG00000146776	ATXN7L1	protein_coding	NA
ENSG00000146802	TMEM168	protein_coding	NA
ENSG00000146826	TRAPPC14	protein_coding	NA
ENSG00000146828	SLC12A9	protein_coding	NA
ENSG00000146833	TRIM4	protein_coding	NA
ENSG00000146834	MEPCE	protein_coding	NA
ENSG00000146842	TMEM209	protein_coding	NA
ENSG00000146857	STRA8	protein_coding	NA
ENSG00000146859	TMEM140	protein_coding	NA
ENSG00000146872	TLK2	protein_coding	NA
ENSG00000146904	EPHA1	protein_coding	NA
ENSG00000146909	NOM1	protein_coding	NA
ENSG00000146918	NCAPG2	protein_coding	NA
ENSG00000146963	LUC7L2	protein_coding	NA
ENSG00000147003	CLTRN	protein_coding	NA
ENSG00000147010	SH3KBP1	protein_coding	NA
ENSG00000147044	CASK	protein_coding	NA
ENSG00000147050	KDM6A	protein_coding	NA
ENSG00000147065	MSN	protein_coding	NA
ENSG00000147099	HDAC8	protein_coding	NA
ENSG00000147100	SLC16A2	protein_coding	NA
ENSG00000147113	DIPK2B	protein_coding	NA
ENSG00000147119	CHST7	protein_coding	NA
ENSG00000147121	KRBOX4	protein_coding	NA
ENSG00000147123	NDUFB11	protein_coding	NA
ENSG00000147133	TAF1	protein_coding	NA
ENSG00000147140	NONO	protein_coding	NA
ENSG00000147155	EBP	protein_coding	NA
ENSG00000147162	OGT	protein_coding	NA
ENSG00000147164	SNX12	protein_coding	NA
ENSG00000147166	ITGB1BP2	protein_coding	NA
ENSG00000147168	IL2RG	protein_coding	NA
ENSG00000147202	DIAPH2	protein_coding	NA
ENSG00000147224	PRPS1	protein_coding	NA
ENSG00000147231	RADX	protein_coding	NA
ENSG00000147251	DOCK11	protein_coding	NA
ENSG00000147255	IGSF1	protein_coding	NA
ENSG00000147257	GPC3	protein_coding	NA
ENSG00000147274	RBMX	protein_coding	NA
ENSG00000147316	MCPH1	protein_coding	NA
ENSG00000147324	MFHAS1	protein_coding	NA
ENSG00000147364	FBXO25	protein_coding	NA
ENSG00000147381	MAGEA4	protein_coding	NA
ENSG00000147383	NSDHL	protein_coding	NA
ENSG00000147394	ZNF185	protein_coding	NA
ENSG00000147400	CETN2	protein_coding	NA
ENSG00000147403	RPL10	protein_coding	NA
ENSG00000147408	CSGALNACT1	protein_coding	NA
ENSG00000147416	ATP6V1B2	protein_coding	NA
ENSG00000147419	CCDC25	protein_coding	NA
ENSG00000147421	HMBOX1	protein_coding	NA
ENSG00000147437	GNRH1	protein_coding	NA
ENSG00000147439	BIN3	protein_coding	NA
ENSG00000147454	SLC25A37	protein_coding	NA
ENSG00000147457	CHMP7	protein_coding	NA
ENSG00000147459	DOCK5	protein_coding	NA
ENSG00000147471	PLPBP	protein_coding	NA
ENSG00000147475	ERLIN2	protein_coding	NA
ENSG00000147488	ST18	protein_coding	NA
ENSG00000147509	RGS20	protein_coding	NA
ENSG00000147526	TACC1	protein_coding	NA
ENSG00000147533	GOLGA7	protein_coding	NA
ENSG00000147535	PLPP5	protein_coding	NA
ENSG00000147536	GINS4	protein_coding	NA
ENSG00000147548	NSD3	protein_coding	NA
ENSG00000147571	CRH	protein_coding	NA
ENSG00000147573	TRIM55	protein_coding	NA
ENSG00000147576	ADHFE1	protein_coding	NA
ENSG00000147586	MRPS28	protein_coding	NA
ENSG00000147592	LACTB2	protein_coding	NA
ENSG00000147601	TERF1	protein_coding	NA
ENSG00000147604	RPL7	protein_coding	NA
ENSG00000147606	SLC26A7	protein_coding	NA
ENSG00000147642	SYBU	protein_coding	NA
ENSG00000147649	MTDH	protein_coding	NA
ENSG00000147654	EBAG9	protein_coding	NA
ENSG00000147655	RSPO2	protein_coding	NA
ENSG00000147669	POLR2K	protein_coding	NA
ENSG00000147676	MAL2	protein_coding	NA
ENSG00000147677	EIF3H	protein_coding	NA
ENSG00000147679	UTP23	protein_coding	NA
ENSG00000147684	NDUFB9	protein_coding	NA
ENSG00000147687	TATDN1	protein_coding	NA
ENSG00000147789	ZNF7	protein_coding	NA
ENSG00000147804	SLC39A4	protein_coding	NA
ENSG00000147813	NAPRT	protein_coding	NA
ENSG00000147852	VLDLR	protein_coding	NA
ENSG00000147853	AK3	protein_coding	NA
ENSG00000147854	UHRF2	protein_coding	NA
ENSG00000147862	NFIB	protein_coding	NA
ENSG00000147872	PLIN2	protein_coding	NA
ENSG00000147874	HAUS6	protein_coding	NA
ENSG00000147889	CDKN2A	protein_coding	NA
ENSG00000147894	C9orf72	protein_coding	NA
ENSG00000147905	ZCCHC7	protein_coding	NA
ENSG00000147955	SIGMAR1	protein_coding	NA
ENSG00000147996	ZNG1E	protein_coding	NA
ENSG00000148019	CEP78	protein_coding	NA
ENSG00000148053	NTRK2	protein_coding	NA
ENSG00000148057	IDNK	protein_coding	NA
ENSG00000148090	AUH	protein_coding	NA
ENSG00000148110	MFSD14B	protein_coding	NA
ENSG00000148120	AOPEP	protein_coding	NA
ENSG00000148143	ZNF462	protein_coding	NA
ENSG00000148153	INIP	protein_coding	NA
ENSG00000148154	UGCG	protein_coding	NA
ENSG00000148175	STOM	protein_coding	NA
ENSG00000148180	GSN	protein_coding	NA
ENSG00000148187	MRRF	protein_coding	NA
ENSG00000148218	ALAD	protein_coding	NA
ENSG00000148229	POLE3	protein_coding	NA
ENSG00000148248	SURF4	protein_coding	NA
ENSG00000148288	GBGT1	protein_coding	NA
ENSG00000148290	SURF1	protein_coding	NA
ENSG00000148291	SURF2	protein_coding	NA
ENSG00000148296	SURF6	protein_coding	NA
ENSG00000148297	MED22	protein_coding	NA
ENSG00000148300	REXO4	protein_coding	NA
ENSG00000148303	RPL7A	protein_coding	NA
ENSG00000148308	GTF3C5	protein_coding	NA
ENSG00000148331	ASB6	protein_coding	NA
ENSG00000148334	PTGES2	protein_coding	NA
ENSG00000148335	NTMT1	protein_coding	NA
ENSG00000148337	CIZ1	protein_coding	NA
ENSG00000148339	SLC25A25	protein_coding	NA
ENSG00000148341	SH3GLB2	protein_coding	NA
ENSG00000148344	PTGES	protein_coding	NA
ENSG00000148346	LCN2	protein_coding	NA
ENSG00000148356	LRSAM1	protein_coding	NA
ENSG00000148358	GPR107	protein_coding	NA
ENSG00000148362	PAXX	protein_coding	NA
ENSG00000148396	SEC16A	protein_coding	NA
ENSG00000148399	DPH7	protein_coding	NA
ENSG00000148429	USP6NL	protein_coding	NA
ENSG00000148444	COMMD3	protein_coding	NA
ENSG00000148450	MSRB2	protein_coding	NA
ENSG00000148459	PDSS1	protein_coding	NA
ENSG00000148481	MINDY3	protein_coding	NA
ENSG00000148483	TMEM236	protein_coding	NA
ENSG00000148484	RSU1	protein_coding	NA
ENSG00000148498	PARD3	protein_coding	NA
ENSG00000148516	ZEB1	protein_coding	NA
ENSG00000148541	FAM13C	protein_coding	NA
ENSG00000148572	NRBF2	protein_coding	NA
ENSG00000148606	POLR3A	protein_coding	NA
ENSG00000148634	HERC4	protein_coding	NA
ENSG00000148655	LRMDA	protein_coding	NA
ENSG00000148660	CAMK2G	protein_coding	NA
ENSG00000148671	ADIRF	protein_coding	NA
ENSG00000148672	GLUD1	protein_coding	NA
ENSG00000148677	ANKRD1	protein_coding	NA
ENSG00000148688	RPP30	protein_coding	NA
ENSG00000148690	FRA10AC1	protein_coding	NA
ENSG00000148700	ADD3	protein_coding	NA
ENSG00000148719	DNAJB12	protein_coding	NA
ENSG00000148730	EIF4EBP2	protein_coding	NA
ENSG00000148737	TCF7L2	protein_coding	NA
ENSG00000148773	MKI67	protein_coding	NA
ENSG00000148803	FUOM	protein_coding	NA
ENSG00000148814	LRRC27	protein_coding	NA
ENSG00000148824	MTG1	protein_coding	NA
ENSG00000148834	GSTO1	protein_coding	NA
ENSG00000148835	TAF5	protein_coding	NA
ENSG00000148840	PPRC1	protein_coding	NA
ENSG00000148841	ITPRIP	protein_coding	NA
ENSG00000148842	CNNM2	protein_coding	NA
ENSG00000148843	PDCD11	protein_coding	NA
ENSG00000148848	ADAM12	protein_coding	NA
ENSG00000148908	RGS10	protein_coding	NA
ENSG00000148925	BTBD10	protein_coding	NA
ENSG00000148926	ADM	protein_coding	NA
ENSG00000148943	LIN7C	protein_coding	NA
ENSG00000148950	IMMP1L	protein_coding	NA
ENSG00000148985	PGAP2	protein_coding	NA
ENSG00000149016	TUT1	protein_coding	NA
ENSG00000149043	SYT8	protein_coding	NA
ENSG00000149084	HSD17B12	protein_coding	NA
ENSG00000149089	APIP	protein_coding	NA
ENSG00000149090	PAMR1	protein_coding	NA
ENSG00000149091	DGKZ	protein_coding	NA
ENSG00000149100	EIF3M	protein_coding	NA
ENSG00000149115	TNKS1BP1	protein_coding	NA
ENSG00000149131	SERPING1	protein_coding	NA
ENSG00000149136	SSRP1	protein_coding	NA
ENSG00000149177	PTPRJ	protein_coding	NA
ENSG00000149179	CSTPP1	protein_coding	NA
ENSG00000149182	ARFGAP2	protein_coding	NA
ENSG00000149187	CELF1	protein_coding	NA
ENSG00000149196	HIKESHI	protein_coding	NA
ENSG00000149212	SESN3	protein_coding	NA
ENSG00000149231	CCDC82	protein_coding	NA
ENSG00000149243	KLHL35	protein_coding	NA
ENSG00000149257	SERPINH1	protein_coding	NA
ENSG00000149262	INTS4	protein_coding	NA
ENSG00000149269	PAK1	protein_coding	NA
ENSG00000149273	RPS3	protein_coding	NA
ENSG00000149289	ZC3H12C	protein_coding	NA
ENSG00000149292	TTC12	protein_coding	NA
ENSG00000149300	C11orf52	protein_coding	NA
ENSG00000149308	NPAT	protein_coding	NA
ENSG00000149311	ATM	protein_coding	NA
ENSG00000149313	AASDHPPT	protein_coding	NA
ENSG00000149346	SLX4IP	protein_coding	NA
ENSG00000149357	LAMTOR1	protein_coding	NA
ENSG00000149403	GRIK4	protein_coding	NA
ENSG00000149418	ST14	protein_coding	NA
ENSG00000149428	HYOU1	protein_coding	NA
ENSG00000149435	GGTLC1	protein_coding	NA
ENSG00000149474	KAT14	protein_coding	NA
ENSG00000149476	TKFC	protein_coding	NA
ENSG00000149480	MTA2	protein_coding	NA
ENSG00000149483	TMEM138	protein_coding	NA
ENSG00000149485	FADS1	protein_coding	NA
ENSG00000149489	ROM1	protein_coding	NA
ENSG00000149499	EML3	protein_coding	NA
ENSG00000149503	INCENP	protein_coding	NA
ENSG00000149516	MS4A3	protein_coding	NA
ENSG00000149531	FRG1BP	lncRNA	NA
ENSG00000149532	CPSF7	protein_coding	NA
ENSG00000149541	B3GAT3	protein_coding	NA
ENSG00000149547	EI24	protein_coding	NA
ENSG00000149548	CCDC15	protein_coding	NA
ENSG00000149554	CHEK1	protein_coding	NA
ENSG00000149557	FEZ1	protein_coding	NA
ENSG00000149564	ESAM	protein_coding	NA
ENSG00000149573	MPZL2	protein_coding	NA
ENSG00000149577	SIDT2	protein_coding	NA
ENSG00000149582	TMEM25	protein_coding	NA
ENSG00000149591	TAGLN	protein_coding	NA
ENSG00000149600	COMMD7	protein_coding	NA
ENSG00000149636	DSN1	protein_coding	NA
ENSG00000149657	LSM14B	protein_coding	NA
ENSG00000149658	YTHDF1	protein_coding	NA
ENSG00000149716	LTO1	protein_coding	NA
ENSG00000149743	TRPT1	protein_coding	NA
ENSG00000149761	NUDT22	protein_coding	NA
ENSG00000149781	FERMT3	protein_coding	NA
ENSG00000149792	MRPL49	protein_coding	NA
ENSG00000149798	CDC42EP2	protein_coding	NA
ENSG00000149806	FAU	protein_coding	NA
ENSG00000149809	TM7SF2	protein_coding	NA
ENSG00000149823	VPS51	protein_coding	NA
ENSG00000149923	PPP4C	protein_coding	NA
ENSG00000149925	ALDOA	protein_coding	NA
ENSG00000149929	HIRIP3	protein_coding	NA
ENSG00000149930	TAOK2	protein_coding	NA
ENSG00000149932	TMEM219	protein_coding	NA
ENSG00000150045	KLRF1	protein_coding	NA
ENSG00000150048	CLEC1A	protein_coding	NA
ENSG00000150054	MPP7	protein_coding	NA
ENSG00000150093	ITGB1	protein_coding	NA
ENSG00000150316	CWC15	protein_coding	NA
ENSG00000150337	FCGR1A	protein_coding	NA
ENSG00000150347	ARID5B	protein_coding	NA
ENSG00000150401	DCUN1D2	protein_coding	NA
ENSG00000150403	TMCO3	protein_coding	NA
ENSG00000150433	TMEM218	protein_coding	NA
ENSG00000150455	TIRAP	protein_coding	NA
ENSG00000150456	EEF1AKMT1	protein_coding	NA
ENSG00000150457	LATS2	protein_coding	NA
ENSG00000150459	SAP18	protein_coding	NA
ENSG00000150471	ADGRL3	protein_coding	NA
ENSG00000150477	KIAA1328	protein_coding	NA
ENSG00000150527	MIA2	protein_coding	NA
ENSG00000150540	HNMT	protein_coding	NA
ENSG00000150593	PDCD4	protein_coding	NA
ENSG00000150630	VEGFC	protein_coding	NA
ENSG00000150636	CCDC102B	protein_coding	NA
ENSG00000150672	DLG2	protein_coding	NA
ENSG00000150681	RGS18	protein_coding	NA
ENSG00000150687	PRSS23	protein_coding	NA
ENSG00000150712	MTMR12	protein_coding	NA
ENSG00000150722	PPP1R1C	protein_coding	NA
ENSG00000150750	POU2AF2	protein_coding	NA
ENSG00000150753	CCT5	protein_coding	NA
ENSG00000150756	ATPSCKMT	protein_coding	NA
ENSG00000150760	DOCK1	protein_coding	NA
ENSG00000150764	DIXDC1	protein_coding	NA
ENSG00000150768	DLAT	protein_coding	NA
ENSG00000150776	NKAPD1	protein_coding	NA
ENSG00000150779	TIMM8B	protein_coding	NA
ENSG00000150782	IL18	protein_coding	NA
ENSG00000150787	PTS	protein_coding	NA
ENSG00000150867	PIP4K2A	protein_coding	NA
ENSG00000150907	FOXO1	protein_coding	NA
ENSG00000150938	CRIM1	protein_coding	NA
ENSG00000150961	SEC24D	protein_coding	NA
ENSG00000150977	RILPL2	protein_coding	NA
ENSG00000150990	DHX37	protein_coding	NA
ENSG00000150991	UBC	protein_coding	NA
ENSG00000150995	ITPR1	protein_coding	NA
ENSG00000151025	GPR158	protein_coding	NA
ENSG00000151065	DCP1B	protein_coding	NA
ENSG00000151090	THRB	protein_coding	NA
ENSG00000151092	NGLY1	protein_coding	NA
ENSG00000151093	OXSM	protein_coding	NA
ENSG00000151116	UEVLD	protein_coding	NA
ENSG00000151117	TMEM86A	protein_coding	NA
ENSG00000151131	NOPCHAP1	protein_coding	NA
ENSG00000151135	TMEM263	protein_coding	NA
ENSG00000151148	UBE3B	protein_coding	NA
ENSG00000151150	ANK3	protein_coding	NA
ENSG00000151176	PLBD2	protein_coding	NA
ENSG00000151208	DLG5	protein_coding	NA
ENSG00000151233	GXYLT1	protein_coding	NA
ENSG00000151239	TWF1	protein_coding	NA
ENSG00000151247	EIF4E	protein_coding	NA
ENSG00000151276	MAGI1	protein_coding	NA
ENSG00000151287	TEX30	protein_coding	NA
ENSG00000151292	CSNK1G3	protein_coding	NA
ENSG00000151304	SRFBP1	protein_coding	NA
ENSG00000151327	FAM177A1	protein_coding	NA
ENSG00000151332	MBIP	protein_coding	NA
ENSG00000151348	EXT2	protein_coding	NA
ENSG00000151353	TMEM18	protein_coding	NA
ENSG00000151364	KCTD14	protein_coding	NA
ENSG00000151366	NDUFC2	protein_coding	NA
ENSG00000151376	ME3	protein_coding	NA
ENSG00000151388	ADAMTS12	protein_coding	NA
ENSG00000151413	NUBPL	protein_coding	NA
ENSG00000151414	NEK7	protein_coding	NA
ENSG00000151422	FER	protein_coding	NA
ENSG00000151445	VIPAS39	protein_coding	NA
ENSG00000151458	ANKRD50	protein_coding	NA
ENSG00000151461	UPF2	protein_coding	NA
ENSG00000151465	CDC123	protein_coding	NA
ENSG00000151466	SCLT1	protein_coding	NA
ENSG00000151468	CCDC3	protein_coding	NA
ENSG00000151470	C4orf33	protein_coding	NA
ENSG00000151474	FRMD4A	protein_coding	NA
ENSG00000151491	EPS8	protein_coding	NA
ENSG00000151498	ACAD8	protein_coding	NA
ENSG00000151500	THYN1	protein_coding	NA
ENSG00000151502	VPS26B	protein_coding	NA
ENSG00000151503	NCAPD3	protein_coding	NA
ENSG00000151532	VTI1A	protein_coding	NA
ENSG00000151552	QDPR	protein_coding	NA
ENSG00000151553	FHIP2A	protein_coding	NA
ENSG00000151575	TEX9	protein_coding	NA
ENSG00000151576	QTRT2	protein_coding	NA
ENSG00000151611	MMAA	protein_coding	NA
ENSG00000151612	ZNF827	protein_coding	NA
ENSG00000151632	AKR1C2	protein_coding	NA
ENSG00000151651	ADAM8	protein_coding	NA
ENSG00000151657	KIN	protein_coding	NA
ENSG00000151665	PIGF	protein_coding	NA
ENSG00000151687	ANKAR	protein_coding	NA
ENSG00000151689	INPP1	protein_coding	NA
ENSG00000151690	MFSD6	protein_coding	NA
ENSG00000151692	RNF144A	protein_coding	NA
ENSG00000151694	ADAM17	protein_coding	NA
ENSG00000151702	FLI1	protein_coding	NA
ENSG00000151715	TMEM45B	protein_coding	NA
ENSG00000151718	WWC2	protein_coding	NA
ENSG00000151725	CENPU	protein_coding	NA
ENSG00000151726	ACSL1	protein_coding	NA
ENSG00000151729	SLC25A4	protein_coding	NA
ENSG00000151743	AMN1	protein_coding	NA
ENSG00000151746	BICD1	protein_coding	NA
ENSG00000151748	SAV1	protein_coding	NA
ENSG00000151773	CCDC122	protein_coding	NA
ENSG00000151779	NBAS	protein_coding	NA
ENSG00000151790	TDO2	protein_coding	NA
ENSG00000151806	GUF1	protein_coding	NA
ENSG00000151835	SACS	protein_coding	NA
ENSG00000151849	CENPJ	protein_coding	NA
ENSG00000151876	FBXO4	protein_coding	NA
ENSG00000151881	TMEM267	protein_coding	NA
ENSG00000151882	CCL28	protein_coding	NA
ENSG00000151883	PARP8	protein_coding	NA
ENSG00000151893	CACUL1	protein_coding	NA
ENSG00000151914	DST	protein_coding	NA
ENSG00000151923	TIAL1	protein_coding	NA
ENSG00000151929	BAG3	protein_coding	NA
ENSG00000151967	SCHIP1	protein_coding	NA
ENSG00000152056	AP1S3	protein_coding	NA
ENSG00000152061	RABGAP1L	protein_coding	NA
ENSG00000152082	MZT2B	protein_coding	NA
ENSG00000152102	FAM168B	protein_coding	NA
ENSG00000152104	PTPN14	protein_coding	NA
ENSG00000152127	MGAT5	protein_coding	NA
ENSG00000152128	TMEM163	protein_coding	NA
ENSG00000152133	GPATCH11	protein_coding	NA
ENSG00000152137	HSPB8	protein_coding	NA
ENSG00000152147	GEMIN6	protein_coding	NA
ENSG00000152154	TMEM178A	protein_coding	NA
ENSG00000152193	OBI1	protein_coding	NA
ENSG00000152213	ARL11	protein_coding	NA
ENSG00000152219	ARL14EP	protein_coding	NA
ENSG00000152223	EPG5	protein_coding	NA
ENSG00000152229	PSTPIP2	protein_coding	NA
ENSG00000152234	ATP5F1A	protein_coding	NA
ENSG00000152240	HAUS1	protein_coding	NA
ENSG00000152242	ARK2N	protein_coding	NA
ENSG00000152253	SPC25	protein_coding	NA
ENSG00000152270	PDE3B	protein_coding	NA
ENSG00000152284	TCF7L1	protein_coding	NA
ENSG00000152291	TGOLN2	protein_coding	NA
ENSG00000152332	UHMK1	protein_coding	NA
ENSG00000152348	ATG10	protein_coding	NA
ENSG00000152359	POC5	protein_coding	NA
ENSG00000152377	SPOCK1	protein_coding	NA
ENSG00000152380	FAM151B	protein_coding	NA
ENSG00000152382	TADA1	protein_coding	NA
ENSG00000152402	GUCY1A2	protein_coding	NA
ENSG00000152404	CWF19L2	protein_coding	NA
ENSG00000152409	JMY	protein_coding	NA
ENSG00000152413	HOMER1	protein_coding	NA
ENSG00000152422	XRCC4	protein_coding	NA
ENSG00000152433	ZNF547	protein_coding	NA
ENSG00000152439	ZNF773	protein_coding	NA
ENSG00000152443	ZNF776	protein_coding	NA
ENSG00000152454	ZNF256	protein_coding	NA
ENSG00000152455	SUV39H2	protein_coding	NA
ENSG00000152457	DCLRE1C	protein_coding	NA
ENSG00000152463	OLAH	protein_coding	NA
ENSG00000152464	RPP38	protein_coding	NA
ENSG00000152465	NMT2	protein_coding	NA
ENSG00000152484	USP12	protein_coding	NA
ENSG00000152492	CCDC50	protein_coding	NA
ENSG00000152503	TRIM36	protein_coding	NA
ENSG00000152520	PAN3	protein_coding	NA
ENSG00000152556	PFKM	protein_coding	NA
ENSG00000152558	TMEM123	protein_coding	NA
ENSG00000152582	SPEF2	protein_coding	NA
ENSG00000152583	SPARCL1	protein_coding	NA
ENSG00000152601	MBNL1	protein_coding	NA
ENSG00000152620	NADK2	protein_coding	NA
ENSG00000152642	GPD1L	protein_coding	NA
ENSG00000152661	GJA1	protein_coding	NA
ENSG00000152683	SLC30A6	protein_coding	NA
ENSG00000152684	PELO	protein_coding	NA
ENSG00000152689	RASGRP3	protein_coding	NA
ENSG00000152700	SAR1B	protein_coding	NA
ENSG00000152760	DYNLT5	protein_coding	NA
ENSG00000152763	DNAI4	protein_coding	NA
ENSG00000152766	ANKRD22	protein_coding	NA
ENSG00000152767	FARP1	protein_coding	NA
ENSG00000152778	IFIT5	protein_coding	NA
ENSG00000152779	SLC16A12	protein_coding	NA
ENSG00000152782	PANK1	protein_coding	NA
ENSG00000152795	HNRNPDL	protein_coding	NA
ENSG00000152804	HHEX	protein_coding	NA
ENSG00000152818	UTRN	protein_coding	NA
ENSG00000152894	PTPRK	protein_coding	NA
ENSG00000152904	GGPS1	protein_coding	NA
ENSG00000152926	ZNF117	protein_coding	NA
ENSG00000152931	PART1	lncRNA	NA
ENSG00000152932	RAB3C	protein_coding	NA
ENSG00000152939	MARVELD2	protein_coding	NA
ENSG00000152942	RAD17	protein_coding	NA
ENSG00000152944	MED21	protein_coding	NA
ENSG00000152952	PLOD2	protein_coding	NA
ENSG00000152990	ADGRA3	protein_coding	NA
ENSG00000153002	CPB1	protein_coding	NA
ENSG00000153006	SREK1IP1	protein_coding	NA
ENSG00000153015	CWC27	protein_coding	NA
ENSG00000153029	MR1	protein_coding	NA
ENSG00000153037	SRP19	protein_coding	NA
ENSG00000153044	CENPH	protein_coding	NA
ENSG00000153046	CDYL	protein_coding	NA
ENSG00000153048	CARHSP1	protein_coding	NA
ENSG00000153064	BANK1	protein_coding	NA
ENSG00000153066	TXNDC11	protein_coding	NA
ENSG00000153071	DAB2	protein_coding	NA
ENSG00000153093	ACOXL	protein_coding	NA
ENSG00000153094	BCL2L11	protein_coding	NA
ENSG00000153107	ANAPC1	protein_coding	NA
ENSG00000153113	CAST	protein_coding	NA
ENSG00000153130	SCOC	protein_coding	NA
ENSG00000153140	CETN3	protein_coding	NA
ENSG00000153147	SMARCA5	protein_coding	NA
ENSG00000153157	SYCP2L	protein_coding	NA
ENSG00000153162	BMP6	protein_coding	NA
ENSG00000153187	HNRNPU	protein_coding	NA
ENSG00000153201	RANBP2	protein_coding	NA
ENSG00000153207	AHCTF1	protein_coding	NA
ENSG00000153208	MERTK	protein_coding	NA
ENSG00000153214	TMEM87B	protein_coding	NA
ENSG00000153233	PTPRR	protein_coding	NA
ENSG00000153246	PLA2R1	protein_coding	NA
ENSG00000153250	RBMS1	protein_coding	NA
ENSG00000153291	SLC25A27	protein_coding	NA
ENSG00000153294	ADGRF4	protein_coding	NA
ENSG00000153310	CYRIB	protein_coding	NA
ENSG00000153317	ASAP1	protein_coding	NA
ENSG00000153339	TRAPPC8	protein_coding	NA
ENSG00000153363	LINC00467	lncRNA	NA
ENSG00000153391		protein_coding	NA
ENSG00000153395	LPCAT1	protein_coding	NA
ENSG00000153406	NMRAL1	protein_coding	NA
ENSG00000153443	UBALD1	protein_coding	NA
ENSG00000153446	C16orf89	protein_coding	NA
ENSG00000153485	LYSET	protein_coding	NA
ENSG00000153487	ING1	protein_coding	NA
ENSG00000153531	ADPRHL1	protein_coding	NA
ENSG00000153551	CMTM7	protein_coding	NA
ENSG00000153558	FBXL2	protein_coding	NA
ENSG00000153560	UBP1	protein_coding	NA
ENSG00000153561	RMND5A	protein_coding	NA
ENSG00000153574	RPIA	protein_coding	NA
ENSG00000153707	PTPRD	protein_coding	NA
ENSG00000153714	LURAP1L	protein_coding	NA
ENSG00000153767	GTF2E1	protein_coding	NA
ENSG00000153774	CFDP1	protein_coding	NA
ENSG00000153814	JAZF1	protein_coding	NA
ENSG00000153815	CMIP	protein_coding	NA
ENSG00000153823	PID1	protein_coding	NA
ENSG00000153827	TRIP12	protein_coding	NA
ENSG00000153832	FBXO36	protein_coding	NA
ENSG00000153879	CEBPG	protein_coding	NA
ENSG00000153896	ZNF599	protein_coding	NA
ENSG00000153904	DDAH1	protein_coding	NA
ENSG00000153914	SREK1	protein_coding	NA
ENSG00000153922	CHD1	protein_coding	NA
ENSG00000153930	ANKFN1	protein_coding	NA
ENSG00000153936	HS2ST1	protein_coding	NA
ENSG00000153944	MSI2	protein_coding	NA
ENSG00000153975	ZUP1	protein_coding	NA
ENSG00000153976	HS3ST3A1	protein_coding	NA
ENSG00000153982	GDPD1	protein_coding	NA
ENSG00000153989	NUS1	protein_coding	NA
ENSG00000154001	PPP2R5E	protein_coding	NA
ENSG00000154016	GRAP	protein_coding	NA
ENSG00000154027	AK5	protein_coding	NA
ENSG00000154040	CABYR	protein_coding	NA
ENSG00000154059	IMPACT	protein_coding	NA
ENSG00000154079	SDHAF4	protein_coding	NA
ENSG00000154080	CHST9	protein_coding	NA
ENSG00000154096	THY1	protein_coding	NA
ENSG00000154099	DNAAF1	protein_coding	NA
ENSG00000154102	C16orf74	protein_coding	NA
ENSG00000154114	TBCEL	protein_coding	NA
ENSG00000154122	ANKH	protein_coding	NA
ENSG00000154124	OTULIN	protein_coding	NA
ENSG00000154127	UBASH3B	protein_coding	NA
ENSG00000154133	ROBO4	protein_coding	NA
ENSG00000154144	TBRG1	protein_coding	NA
ENSG00000154153	RETREG1	protein_coding	NA
ENSG00000154174	TOMM70	protein_coding	NA
ENSG00000154188	ANGPT1	protein_coding	NA
ENSG00000154217	PITPNC1	protein_coding	NA
ENSG00000154222	CC2D1B	protein_coding	NA
ENSG00000154237	LRRK1	protein_coding	NA
ENSG00000154240	CEP112	protein_coding	NA
ENSG00000154262	ABCA6	protein_coding	NA
ENSG00000154265	ABCA5	protein_coding	NA
ENSG00000154274	C4orf19	protein_coding	NA
ENSG00000154277	UCHL1	protein_coding	NA
ENSG00000154305	MIA3	protein_coding	NA
ENSG00000154309	DISP1	protein_coding	NA
ENSG00000154310	TNIK	protein_coding	NA
ENSG00000154328	NEIL2	protein_coding	NA
ENSG00000154358	OBSCN	protein_coding	NA
ENSG00000154359	LONRF1	protein_coding	NA
ENSG00000154370	TRIM11	protein_coding	NA
ENSG00000154380	ENAH	protein_coding	NA
ENSG00000154429	CCSAP	protein_coding	NA
ENSG00000154451	GBP5	protein_coding	NA
ENSG00000154473	BUB3	protein_coding	NA
ENSG00000154493	C10orf90	protein_coding	NA
ENSG00000154511	DIPK1A	protein_coding	NA
ENSG00000154518	ATP5MC3	protein_coding	NA
ENSG00000154553	PDLIM3	protein_coding	NA
ENSG00000154556	SORBS2	protein_coding	NA
ENSG00000154582	ELOC	protein_coding	NA
ENSG00000154589	LY96	protein_coding	NA
ENSG00000154611	PSMA8	protein_coding	NA
ENSG00000154620	TMSB4Y	protein_coding	NA
ENSG00000154640	BTG3	protein_coding	NA
ENSG00000154642	C21orf91	protein_coding	NA
ENSG00000154645	CHODL	protein_coding	NA
ENSG00000154710	RABGEF1	protein_coding	NA
ENSG00000154719	MRPL39	protein_coding	NA
ENSG00000154721	JAM2	protein_coding	NA
ENSG00000154723	ATP5PF	protein_coding	NA
ENSG00000154727	GABPA	protein_coding	NA
ENSG00000154734	ADAMTS1	protein_coding	NA
ENSG00000154743	TSEN2	protein_coding	NA
ENSG00000154764	WNT7A	protein_coding	NA
ENSG00000154767	XPC	protein_coding	NA
ENSG00000154781	CCDC174	protein_coding	NA
ENSG00000154783	FGD5	protein_coding	NA
ENSG00000154803	FLCN	protein_coding	NA
ENSG00000154813	DPH3	protein_coding	NA
ENSG00000154814	OXNAD1	protein_coding	NA
ENSG00000154822	PLCL2	protein_coding	NA
ENSG00000154832	CXXC1	protein_coding	NA
ENSG00000154839	SKA1	protein_coding	NA
ENSG00000154845	PPP4R1	protein_coding	NA
ENSG00000154856	APCDD1	protein_coding	NA
ENSG00000154889	MPPE1	protein_coding	NA
ENSG00000154917	RAB6B	protein_coding	NA
ENSG00000154920	EME1	protein_coding	NA
ENSG00000154930	ACSS1	protein_coding	NA
ENSG00000154945	ANKRD40	protein_coding	NA
ENSG00000154957	ZNF18	protein_coding	NA
ENSG00000154975	CA10	protein_coding	NA
ENSG00000154978	VOPP1	protein_coding	NA
ENSG00000155008	APOOL	protein_coding	NA
ENSG00000155011	DKK2	protein_coding	NA
ENSG00000155034	FBXL18	protein_coding	NA
ENSG00000155085	AK9	protein_coding	NA
ENSG00000155090	KLF10	protein_coding	NA
ENSG00000155096	AZIN1	protein_coding	NA
ENSG00000155097	ATP6V1C1	protein_coding	NA
ENSG00000155099	PIP4P2	protein_coding	NA
ENSG00000155100	OTUD6B	protein_coding	NA
ENSG00000155111	CDK19	protein_coding	NA
ENSG00000155115	GTF3C6	protein_coding	NA
ENSG00000155158	TTC39B	protein_coding	NA
ENSG00000155189	AGPAT5	protein_coding	NA
ENSG00000155229	MMS19	protein_coding	NA
ENSG00000155254	MARVELD1	protein_coding	NA
ENSG00000155256	ZFYVE27	protein_coding	NA
ENSG00000155269	GPR78	protein_coding	NA
ENSG00000155275	TRMT44	protein_coding	NA
ENSG00000155287	SLC25A28	protein_coding	NA
ENSG00000155304	HSPA13	protein_coding	NA
ENSG00000155307	SAMSN1	protein_coding	NA
ENSG00000155313	USP25	protein_coding	NA
ENSG00000155324	GRAMD2B	protein_coding	NA
ENSG00000155329	ZCCHC10	protein_coding	NA
ENSG00000155330	C16orf87	protein_coding	NA
ENSG00000155363	MOV10	protein_coding	NA
ENSG00000155366	RHOC	protein_coding	NA
ENSG00000155367	PPM1J	protein_coding	NA
ENSG00000155368	DBI	protein_coding	NA
ENSG00000155380	SLC16A1	protein_coding	NA
ENSG00000155438	NIFK	protein_coding	NA
ENSG00000155463	OXA1L	protein_coding	NA
ENSG00000155465	SLC7A7	protein_coding	NA
ENSG00000155506	LARP1	protein_coding	NA
ENSG00000155508	CNOT8	protein_coding	NA
ENSG00000155542	SETD9	protein_coding	NA
ENSG00000155545	MIER3	protein_coding	NA
ENSG00000155561	NUP205	protein_coding	NA
ENSG00000155592	ZKSCAN2	protein_coding	NA
ENSG00000155621	C9orf85	protein_coding	NA
ENSG00000155622	XAGE2	protein_coding	NA
ENSG00000155629	PIK3AP1	protein_coding	NA
ENSG00000155636	RBM45	protein_coding	NA
ENSG00000155659	VSIG4	protein_coding	NA
ENSG00000155660	PDIA4	protein_coding	NA
ENSG00000155666	KDM8	protein_coding	NA
ENSG00000155719	OTOA	protein_coding	NA
ENSG00000155744	HYCC2	protein_coding	NA
ENSG00000155755	TMEM237	protein_coding	NA
ENSG00000155792	DEPTOR	protein_coding	NA
ENSG00000155827	RNF20	protein_coding	NA
ENSG00000155846	PPARGC1B	protein_coding	NA
ENSG00000155849	ELMO1	protein_coding	NA
ENSG00000155850	SLC26A2	protein_coding	NA
ENSG00000155868	MED7	protein_coding	NA
ENSG00000155893	PXYLP1	protein_coding	NA
ENSG00000155903	RASA2	protein_coding	NA
ENSG00000155906	RMND1	protein_coding	NA
ENSG00000155926	SLA	protein_coding	NA
ENSG00000155957	TMBIM4	protein_coding	NA
ENSG00000155959	VBP1	protein_coding	NA
ENSG00000155962	CLIC2	protein_coding	NA
ENSG00000155970	MICU3	protein_coding	NA
ENSG00000155974	GRIP1	protein_coding	NA
ENSG00000155975	VPS37A	protein_coding	NA
ENSG00000156006	NAT2	protein_coding	NA
ENSG00000156009	MAGEA8	protein_coding	NA
ENSG00000156011	PSD3	protein_coding	NA
ENSG00000156017	CARNMT1	protein_coding	NA
ENSG00000156026	MCU	protein_coding	NA
ENSG00000156030	MIDEAS	protein_coding	NA
ENSG00000156049	GNA14	protein_coding	NA
ENSG00000156052	GNAQ	protein_coding	NA
ENSG00000156110	ADK	protein_coding	NA
ENSG00000156113	KCNMA1	protein_coding	NA
ENSG00000156127	BATF	protein_coding	NA
ENSG00000156136	DCK	protein_coding	NA
ENSG00000156140	ADAMTS3	protein_coding	NA
ENSG00000156162	DPY19L4	protein_coding	NA
ENSG00000156170	NDUFAF6	protein_coding	NA
ENSG00000156171	DRAM2	protein_coding	NA
ENSG00000156172	CFAP418	protein_coding	NA
ENSG00000156232	WHAMM	protein_coding	NA
ENSG00000156239	N6AMT1	protein_coding	NA
ENSG00000156253	RWDD2B	protein_coding	NA
ENSG00000156256	USP16	protein_coding	NA
ENSG00000156261	CCT8	protein_coding	NA
ENSG00000156265	MAP3K7CL	protein_coding	NA
ENSG00000156269	NAA11	protein_coding	NA
ENSG00000156273	BACH1	protein_coding	NA
ENSG00000156298	TSPAN7	protein_coding	NA
ENSG00000156313	RPGR	protein_coding	NA
ENSG00000156345	CDK20	protein_coding	NA
ENSG00000156374	PCGF6	protein_coding	NA
ENSG00000156384	SFR1	protein_coding	NA
ENSG00000156398	SFXN2	protein_coding	NA
ENSG00000156411	ATP5MJ	protein_coding	NA
ENSG00000156467	UQCRB	protein_coding	NA
ENSG00000156469	MTERF3	protein_coding	NA
ENSG00000156471	PTDSS1	protein_coding	NA
ENSG00000156475	PPP2R2B	protein_coding	NA
ENSG00000156482	RPL30	protein_coding	NA
ENSG00000156500	PABIR3	protein_coding	NA
ENSG00000156502	SUPV3L1	protein_coding	NA
ENSG00000156504	PABIR2	protein_coding	NA
ENSG00000156508	EEF1A1	protein_coding	NA
ENSG00000156515	HK1	protein_coding	NA
ENSG00000156521	TYSND1	protein_coding	NA
ENSG00000156531	PHF6	protein_coding	NA
ENSG00000156535	CD109	protein_coding	NA
ENSG00000156587	UBE2L6	protein_coding	NA
ENSG00000156599	ZDHHC5	protein_coding	NA
ENSG00000156603	MED19	protein_coding	NA
ENSG00000156639	ZFAND3	protein_coding	NA
ENSG00000156642	NPTN	protein_coding	NA
ENSG00000156650	KAT6B	protein_coding	NA
ENSG00000156671	SAMD8	protein_coding	NA
ENSG00000156675	RAB11FIP1	protein_coding	NA
ENSG00000156697	UTP14A	protein_coding	NA
ENSG00000156709	AIFM1	protein_coding	NA
ENSG00000156711	MAPK13	protein_coding	NA
ENSG00000156735	BAG4	protein_coding	NA
ENSG00000156787	TBC1D31	protein_coding	NA
ENSG00000156795	NTAQ1	protein_coding	NA
ENSG00000156802	ATAD2	protein_coding	NA
ENSG00000156804	FBXO32	protein_coding	NA
ENSG00000156831	NSMCE2	protein_coding	NA
ENSG00000156858	PRR14	protein_coding	NA
ENSG00000156873	PHKG2	protein_coding	NA
ENSG00000156875	MFSD14A	protein_coding	NA
ENSG00000156876	SASS6	protein_coding	NA
ENSG00000156885	COX6A2	protein_coding	NA
ENSG00000156928	MALSU1	protein_coding	NA
ENSG00000156931	VPS8	protein_coding	NA
ENSG00000156958	GALK2	protein_coding	NA
ENSG00000156970	BUB1B	protein_coding	NA
ENSG00000156973	PDE6D	protein_coding	NA
ENSG00000156976	EIF4A2	protein_coding	NA
ENSG00000156983	BRPF1	protein_coding	NA
ENSG00000156990	RPUSD3	protein_coding	NA
ENSG00000157005	SST	protein_coding	NA
ENSG00000157014	TATDN2	protein_coding	NA
ENSG00000157020	SEC13	protein_coding	NA
ENSG00000157036	EXOG	protein_coding	NA
ENSG00000157045	NTAN1	protein_coding	NA
ENSG00000157064	NMNAT2	protein_coding	NA
ENSG00000157077	ZFYVE9	protein_coding	NA
ENSG00000157106	SMG1	protein_coding	NA
ENSG00000157107	FCHO2	protein_coding	NA
ENSG00000157110	RBPMS	protein_coding	NA
ENSG00000157150	TIMP4	protein_coding	NA
ENSG00000157181	ODR4	protein_coding	NA
ENSG00000157184	CPT2	protein_coding	NA
ENSG00000157191	NECAP2	protein_coding	NA
ENSG00000157193	LRP8	protein_coding	NA
ENSG00000157212	PAXIP1	protein_coding	NA
ENSG00000157216	SSBP3	protein_coding	NA
ENSG00000157224	CLDN12	protein_coding	NA
ENSG00000157227	MMP14	protein_coding	NA
ENSG00000157259	GATAD1	protein_coding	NA
ENSG00000157303	SUSD3	protein_coding	NA
ENSG00000157326	DHRS4	protein_coding	NA
ENSG00000157349	DDX19B	protein_coding	NA
ENSG00000157353	FCSK	protein_coding	NA
ENSG00000157379	DHRS1	protein_coding	NA
ENSG00000157426	AASDH	protein_coding	NA
ENSG00000157429	ZNF19	protein_coding	NA
ENSG00000157450	RNF111	protein_coding	NA
ENSG00000157456	CCNB2	protein_coding	NA
ENSG00000157483	MYO1E	protein_coding	NA
ENSG00000157500	APPL1	protein_coding	NA
ENSG00000157502	PWWP3B	protein_coding	NA
ENSG00000157510	AFAP1L1	protein_coding	NA
ENSG00000157514	TSC22D3	protein_coding	NA
ENSG00000157538	VPS26C	protein_coding	NA
ENSG00000157540	DYRK1A	protein_coding	NA
ENSG00000157554	ERG	protein_coding	NA
ENSG00000157557	ETS2	protein_coding	NA
ENSG00000157570	TSPAN18	protein_coding	NA
ENSG00000157578	LCA5L	protein_coding	NA
ENSG00000157593	SLC35B2	protein_coding	NA
ENSG00000157600	TMEM164	protein_coding	NA
ENSG00000157601	MX1	protein_coding	NA
ENSG00000157613	CREB3L1	protein_coding	NA
ENSG00000157625	TAB3	protein_coding	NA
ENSG00000157637	SLC38A10	protein_coding	NA
ENSG00000157653	C9orf43	protein_coding	NA
ENSG00000157654	PALM2AKAP2	protein_coding	NA
ENSG00000157741	UBN2	protein_coding	NA
ENSG00000157764	BRAF	protein_coding	NA
ENSG00000157778	PSMG3	protein_coding	NA
ENSG00000157796	WDR19	protein_coding	NA
ENSG00000157800	SLC37A3	protein_coding	NA
ENSG00000157823	AP3S2	protein_coding	NA
ENSG00000157827	FMNL2	protein_coding	NA
ENSG00000157837	SPPL3	protein_coding	NA
ENSG00000157869	RAB28	protein_coding	NA
ENSG00000157870	PRXL2B	protein_coding	NA
ENSG00000157873	TNFRSF14	protein_coding	NA
ENSG00000157881	PANK4	protein_coding	NA
ENSG00000157895	C12orf43	protein_coding	NA
ENSG00000157911	PEX10	protein_coding	NA
ENSG00000157916	RER1	protein_coding	NA
ENSG00000157933	SKI	protein_coding	NA
ENSG00000157954	WIPI2	protein_coding	NA
ENSG00000157978	LDLRAP1	protein_coding	NA
ENSG00000157985	AGAP1	protein_coding	NA
ENSG00000157992	KRTCAP3	protein_coding	NA
ENSG00000158006	PAFAH2	protein_coding	NA
ENSG00000158014	SLC30A2	protein_coding	NA
ENSG00000158019	BABAM2	protein_coding	NA
ENSG00000158022	TRIM63	protein_coding	NA
ENSG00000158042	MRPL17	protein_coding	NA
ENSG00000158055	GRHL3	protein_coding	NA
ENSG00000158062	UBXN11	protein_coding	NA
ENSG00000158079	PTPDC1	protein_coding	NA
ENSG00000158092	NCK1	protein_coding	NA
ENSG00000158109	TPRG1L	protein_coding	NA
ENSG00000158122	PRXL2C	protein_coding	NA
ENSG00000158156	XKR8	protein_coding	NA
ENSG00000158161	EYA3	protein_coding	NA
ENSG00000158164	TMSB15A	protein_coding	NA
ENSG00000158186	MRAS	protein_coding	NA
ENSG00000158195	WASF2	protein_coding	NA
ENSG00000158201	ABHD3	protein_coding	NA
ENSG00000158234	FAIM	protein_coding	NA
ENSG00000158246	TENT5B	protein_coding	NA
ENSG00000158270	COLEC12	protein_coding	NA
ENSG00000158286	RNF207	protein_coding	NA
ENSG00000158290	CUL4B	protein_coding	NA
ENSG00000158296	SLC13A3	protein_coding	NA
ENSG00000158373		protein_coding	NA
ENSG00000158402	CDC25C	protein_coding	NA
ENSG00000158406	H4C8	protein_coding	NA
ENSG00000158411	MITD1	protein_coding	NA
ENSG00000158417	EIF5B	protein_coding	NA
ENSG00000158423	RIBC1	protein_coding	NA
ENSG00000158428	CATIP	protein_coding	NA
ENSG00000158435	CNOT11	protein_coding	NA
ENSG00000158457	TSPAN33	protein_coding	NA
ENSG00000158467	AHCYL2	protein_coding	NA
ENSG00000158470	B4GALT5	protein_coding	NA
ENSG00000158473	CD1D	protein_coding	NA
ENSG00000158480	SPATA2	protein_coding	NA
ENSG00000158481	CD1C	protein_coding	NA
ENSG00000158516	CPA2	protein_coding	NA
ENSG00000158517	NCF1	protein_coding	NA
ENSG00000158525	CPA5	protein_coding	NA
ENSG00000158526	TSR2	protein_coding	NA
ENSG00000158528	PPP1R9A	protein_coding	NA
ENSG00000158545	ZC3H18	protein_coding	NA
ENSG00000158552	ZFAND2B	protein_coding	NA
ENSG00000158555	GDPD5	protein_coding	NA
ENSG00000158578	ALAS2	protein_coding	NA
ENSG00000158604	TMED4	protein_coding	NA
ENSG00000158615	PPP1R15B	protein_coding	NA
ENSG00000158623	COPG2	protein_coding	NA
ENSG00000158636	EMSY	protein_coding	NA
ENSG00000158669	GPAT4	protein_coding	NA
ENSG00000158691	ZSCAN12	protein_coding	NA
ENSG00000158710	TAGLN2	protein_coding	NA
ENSG00000158711	ELK4	protein_coding	NA
ENSG00000158714	SLAMF8	protein_coding	NA
ENSG00000158716	DUSP23	protein_coding	NA
ENSG00000158747	NBL1	protein_coding	NA
ENSG00000158769	F11R	protein_coding	NA
ENSG00000158773	USF1	protein_coding	NA
ENSG00000158786	PLA2G2F	protein_coding	NA
ENSG00000158793	NIT1	protein_coding	NA
ENSG00000158796	DEDD	protein_coding	NA
ENSG00000158805	ZNF276	protein_coding	NA
ENSG00000158825	CDA	protein_coding	NA
ENSG00000158828	PINK1	protein_coding	NA
ENSG00000158850	B4GALT3	protein_coding	NA
ENSG00000158863	FHIP2B	protein_coding	NA
ENSG00000158864	NDUFS2	protein_coding	NA
ENSG00000158869	FCER1G	protein_coding	NA
ENSG00000158882	TOMM40L	protein_coding	NA
ENSG00000158941	CCAR2	protein_coding	NA
ENSG00000158985	CDC42SE2	protein_coding	NA
ENSG00000158987	RAPGEF6	protein_coding	NA
ENSG00000159023	EPB41	protein_coding	NA
ENSG00000159055	MIS18A	protein_coding	NA
ENSG00000159063	ALG8	protein_coding	NA
ENSG00000159069	FBXW5	protein_coding	NA
ENSG00000159079	CFAP298	protein_coding	NA
ENSG00000159082	SYNJ1	protein_coding	NA
ENSG00000159086	PAXBP1	protein_coding	NA
ENSG00000159110	IFNAR2	protein_coding	NA
ENSG00000159111	MRPL10	protein_coding	NA
ENSG00000159128	IFNGR2	protein_coding	NA
ENSG00000159131	GART	protein_coding	NA
ENSG00000159140	SON	protein_coding	NA
ENSG00000159147	DONSON	protein_coding	NA
ENSG00000159166	LAD1	protein_coding	NA
ENSG00000159167	STC1	protein_coding	NA
ENSG00000159176	CSRP1	protein_coding	NA
ENSG00000159184	HOXB13	protein_coding	NA
ENSG00000159189	C1QC	protein_coding	NA
ENSG00000159199	ATP5MC1	protein_coding	NA
ENSG00000159200	RCAN1	protein_coding	NA
ENSG00000159202	UBE2Z	protein_coding	NA
ENSG00000159210	SNF8	protein_coding	NA
ENSG00000159214	CCDC24	protein_coding	NA
ENSG00000159217	IGF2BP1	protein_coding	NA
ENSG00000159228	CBR1	protein_coding	NA
ENSG00000159231	CBR3	protein_coding	NA
ENSG00000159251	ACTC1	protein_coding	NA
ENSG00000159256	MORC3	protein_coding	NA
ENSG00000159259	CHAF1B	protein_coding	NA
ENSG00000159261	CLDN14	protein_coding	NA
ENSG00000159267	HLCS	protein_coding	NA
ENSG00000159322	ADPGK	protein_coding	NA
ENSG00000159335	PTMS	protein_coding	NA
ENSG00000159339	PADI4	protein_coding	NA
ENSG00000159346	ADIPOR1	protein_coding	NA
ENSG00000159348	CYB5R1	protein_coding	NA
ENSG00000159352	PSMD4	protein_coding	NA
ENSG00000159363	ATP13A2	protein_coding	NA
ENSG00000159377	PSMB4	protein_coding	NA
ENSG00000159388	BTG2	protein_coding	NA
ENSG00000159403	C1R	protein_coding	NA
ENSG00000159423	ALDH4A1	protein_coding	NA
ENSG00000159445	THEM4	protein_coding	NA
ENSG00000159459	UBR1	protein_coding	NA
ENSG00000159461	AMFR	protein_coding	NA
ENSG00000159479	MED8	protein_coding	NA
ENSG00000159496	RGL4	protein_coding	NA
ENSG00000159516	SPRR2G	protein_coding	NA
ENSG00000159579	RSPRY1	protein_coding	NA
ENSG00000159592	GPBP1L1	protein_coding	NA
ENSG00000159593	NAE1	protein_coding	NA
ENSG00000159596	TMEM69	protein_coding	NA
ENSG00000159640	ACE	protein_coding	NA
ENSG00000159658	EFCAB14	protein_coding	NA
ENSG00000159674	SPON2	protein_coding	NA
ENSG00000159685	CHCHD6	protein_coding	NA
ENSG00000159692	CTBP1	protein_coding	NA
ENSG00000159708	LRRC36	protein_coding	NA
ENSG00000159713	TPPP3	protein_coding	NA
ENSG00000159720	ATP6V0D1	protein_coding	NA
ENSG00000159733	ZFYVE28	protein_coding	NA
ENSG00000159763	PIP	protein_coding	NA
ENSG00000159788	RGS12	protein_coding	NA
ENSG00000159792	PSKH1	protein_coding	NA
ENSG00000159840	ZYX	protein_coding	NA
ENSG00000159871	LYPD5	protein_coding	NA
ENSG00000159873	CCDC117	protein_coding	NA
ENSG00000159882	ZNF230	protein_coding	NA
ENSG00000159884	CCDC107	protein_coding	NA
ENSG00000159885	ZNF222	protein_coding	NA
ENSG00000159899	NPR2	protein_coding	NA
ENSG00000159917	ZNF235	protein_coding	NA
ENSG00000159921	GNE	protein_coding	NA
ENSG00000160013	PTGIR	protein_coding	NA
ENSG00000160014	CALM3	protein_coding	NA
ENSG00000160049	DFFA	protein_coding	NA
ENSG00000160050	CCDC28B	protein_coding	NA
ENSG00000160051	IQCC	protein_coding	NA
ENSG00000160055	TMEM234	protein_coding	NA
ENSG00000160058	BSDC1	protein_coding	NA
ENSG00000160062	ZBTB8A	protein_coding	NA
ENSG00000160072	ATAD3B	protein_coding	NA
ENSG00000160075	SSU72	protein_coding	NA
ENSG00000160087	UBE2J2	protein_coding	NA
ENSG00000160111	CPAMD8	protein_coding	NA
ENSG00000160113	NR2F6	protein_coding	NA
ENSG00000160124	MIX23	protein_coding	NA
ENSG00000160131	VMA21	protein_coding	NA
ENSG00000160145	KALRN	protein_coding	NA
ENSG00000160179	ABCG1	protein_coding	NA
ENSG00000160180	TFF3	protein_coding	NA
ENSG00000160183	TMPRSS3	protein_coding	NA
ENSG00000160188	RSPH1	protein_coding	NA
ENSG00000160191	PDE9A	protein_coding	NA
ENSG00000160193	WDR4	protein_coding	NA
ENSG00000160194	NDUFV3	protein_coding	NA
ENSG00000160199	PKNOX1	protein_coding	NA
ENSG00000160201	U2AF1	protein_coding	NA
ENSG00000160207	HSF2BP	protein_coding	NA
ENSG00000160208	RRP1B	protein_coding	NA
ENSG00000160209	PDXK	protein_coding	NA
ENSG00000160211	G6PD	protein_coding	NA
ENSG00000160213	CSTB	protein_coding	NA
ENSG00000160214	RRP1	protein_coding	NA
ENSG00000160216	AGPAT3	protein_coding	NA
ENSG00000160218	TRAPPC10	protein_coding	NA
ENSG00000160221	GATD3	protein_coding	NA
ENSG00000160226	CFAP410	protein_coding	NA
ENSG00000160229	ZNF66	protein_coding	NA
ENSG00000160255	ITGB2	protein_coding	NA
ENSG00000160256	SLX9	protein_coding	NA
ENSG00000160271	RALGDS	protein_coding	NA
ENSG00000160284	SPATC1L	protein_coding	NA
ENSG00000160285	LSS	protein_coding	NA
ENSG00000160294	MCM3AP	protein_coding	NA
ENSG00000160299	PCNT	protein_coding	NA
ENSG00000160305	DIP2A	protein_coding	NA
ENSG00000160307	S100B	protein_coding	NA
ENSG00000160310	PRMT2	protein_coding	NA
ENSG00000160318	CLDND2	protein_coding	NA
ENSG00000160321	ZNF208	protein_coding	NA
ENSG00000160323	ADAMTS13	protein_coding	NA
ENSG00000160336	ZNF761	protein_coding	NA
ENSG00000160345	PIERCE1	protein_coding	NA
ENSG00000160352	ZNF714	protein_coding	NA
ENSG00000160392	C19orf47	protein_coding	NA
ENSG00000160404	TOR2A	protein_coding	NA
ENSG00000160408	ST6GALNAC6	protein_coding	NA
ENSG00000160410	SHKBP1	protein_coding	NA
ENSG00000160439	RDH13	protein_coding	NA
ENSG00000160445	ZER1	protein_coding	NA
ENSG00000160446	ZDHHC12	protein_coding	NA
ENSG00000160447	PKN3	protein_coding	NA
ENSG00000160551	TAOK1	protein_coding	NA
ENSG00000160563	MED27	protein_coding	NA
ENSG00000160570	DEDD2	protein_coding	NA
ENSG00000160584	SIK3	protein_coding	NA
ENSG00000160593	JAML	protein_coding	NA
ENSG00000160602	NEK8	protein_coding	NA
ENSG00000160606	TLCD1	protein_coding	NA
ENSG00000160633	SAFB	protein_coding	NA
ENSG00000160678	S100A1	protein_coding	NA
ENSG00000160679	CHTOP	protein_coding	NA
ENSG00000160685	ZBTB7B	protein_coding	NA
ENSG00000160688	FLAD1	protein_coding	NA
ENSG00000160691	SHC1	protein_coding	NA
ENSG00000160703	NLRX1	protein_coding	NA
ENSG00000160710	ADAR	protein_coding	NA
ENSG00000160714	UBE2Q1	protein_coding	NA
ENSG00000160741	CRTC2	protein_coding	NA
ENSG00000160746	ANO10	protein_coding	NA
ENSG00000160752	FDPS	protein_coding	NA
ENSG00000160753	RUSC1	protein_coding	NA
ENSG00000160767	ENTREP3	protein_coding	NA
ENSG00000160783	PMF1	protein_coding	NA
ENSG00000160785	SLC25A44	protein_coding	NA
ENSG00000160789	LMNA	protein_coding	NA
ENSG00000160799	CCDC12	protein_coding	NA
ENSG00000160803	UBQLN4	protein_coding	NA
ENSG00000160808	MYL3	protein_coding	NA
ENSG00000160813	PPP1R35	protein_coding	NA
ENSG00000160818	GPATCH4	protein_coding	NA
ENSG00000160867	FGFR4	protein_coding	NA
ENSG00000160883	HK3	protein_coding	NA
ENSG00000160886	LY6K	protein_coding	NA
ENSG00000160908	ZNF394	protein_coding	NA
ENSG00000160917	CPSF4	protein_coding	NA
ENSG00000160932	LY6E	protein_coding	NA
ENSG00000160948	VPS28	protein_coding	NA
ENSG00000160953	PWWP3A	protein_coding	NA
ENSG00000160959	LRRC14	protein_coding	NA
ENSG00000160961	ZNF333	protein_coding	NA
ENSG00000160972	PPP1R16A	protein_coding	NA
ENSG00000160993	ALKBH4	protein_coding	NA
ENSG00000161010	MRNIP	protein_coding	NA
ENSG00000161011	SQSTM1	protein_coding	NA
ENSG00000161013	MGAT4B	protein_coding	NA
ENSG00000161016	RPL8	protein_coding	NA
ENSG00000161036	LRWD1	protein_coding	NA
ENSG00000161048	NAPEPLD	protein_coding	NA
ENSG00000161055	SCGB3A1	protein_coding	NA
ENSG00000161057	PSMC2	protein_coding	NA
ENSG00000161091	MFSD12	protein_coding	NA
ENSG00000161179	YDJC	protein_coding	NA
ENSG00000161202	DVL3	protein_coding	NA
ENSG00000161203	AP2M1	protein_coding	NA
ENSG00000161204	ABCF3	protein_coding	NA
ENSG00000161217	PCYT1A	protein_coding	NA
ENSG00000161249	DMKN	protein_coding	NA
ENSG00000161265	U2AF1L4	protein_coding	NA
ENSG00000161267	BDH1	protein_coding	NA
ENSG00000161277	THAP8	protein_coding	NA
ENSG00000161281	COX7A1	protein_coding	NA
ENSG00000161395	PGAP3	protein_coding	NA
ENSG00000161513	FDXR	protein_coding	NA
ENSG00000161526	SAP30BP	protein_coding	NA
ENSG00000161533	ACOX1	protein_coding	NA
ENSG00000161542	PRPSAP1	protein_coding	NA
ENSG00000161547	SRSF2	protein_coding	NA
ENSG00000161551	ZNF577	protein_coding	NA
ENSG00000161558	TMEM143	protein_coding	NA
ENSG00000161618	ALDH16A1	protein_coding	NA
ENSG00000161638	ITGA5	protein_coding	NA
ENSG00000161649	CD300LG	protein_coding	NA
ENSG00000161653	NAGS	protein_coding	NA
ENSG00000161654	LSM12	protein_coding	NA
ENSG00000161671	EMC10	protein_coding	NA
ENSG00000161677	JOSD2	protein_coding	NA
ENSG00000161692	DBF4B	protein_coding	NA
ENSG00000161714	PLCD3	protein_coding	NA
ENSG00000161800	RACGAP1	protein_coding	NA
ENSG00000161813	LARP4	protein_coding	NA
ENSG00000161860	SYCE2	protein_coding	NA
ENSG00000161888	SPC24	protein_coding	NA
ENSG00000161896	IP6K3	protein_coding	NA
ENSG00000161904	LEMD2	protein_coding	NA
ENSG00000161911	TREML1	protein_coding	NA
ENSG00000161920	MED11	protein_coding	NA
ENSG00000161921	CXCL16	protein_coding	NA
ENSG00000161929	SCIMP	protein_coding	NA
ENSG00000161939	RNASEK-C17orf49	protein_coding	NA
ENSG00000161955	TNFSF13	protein_coding	NA
ENSG00000161956	SENP3	protein_coding	NA
ENSG00000161960	EIF4A1	protein_coding	NA
ENSG00000161970	RPL26	protein_coding	NA
ENSG00000161980	POLR3K	protein_coding	NA
ENSG00000161981	SNRNP25	protein_coding	NA
ENSG00000161996	WDR90	protein_coding	NA
ENSG00000161999	JMJD8	protein_coding	NA
ENSG00000162032	SPSB3	protein_coding	NA
ENSG00000162066	AMDHD2	protein_coding	NA
ENSG00000162076	FLYWCH2	protein_coding	NA
ENSG00000162086	ZNF75A	protein_coding	NA
ENSG00000162105	SHANK2	protein_coding	NA
ENSG00000162129	CLPB	protein_coding	NA
ENSG00000162139	NEU3	protein_coding	NA
ENSG00000162144	CYB561A3	protein_coding	NA
ENSG00000162148		protein_coding	NA
ENSG00000162174	ASRGL1	protein_coding	NA
ENSG00000162191	UBXN1	protein_coding	NA
ENSG00000162194	LBHD1	protein_coding	NA
ENSG00000162222	TTC9C	protein_coding	NA
ENSG00000162227	TAF6L	protein_coding	NA
ENSG00000162231	NXF1	protein_coding	NA
ENSG00000162236	STX5	protein_coding	NA
ENSG00000162244	RPL29	protein_coding	NA
ENSG00000162298	SYVN1	protein_coding	NA
ENSG00000162300	ZFPL1	protein_coding	NA
ENSG00000162337	LRP5	protein_coding	NA
ENSG00000162366	PDZK1IP1	protein_coding	NA
ENSG00000162367	TAL1	protein_coding	NA
ENSG00000162368	CMPK1	protein_coding	NA
ENSG00000162373	BEND5	protein_coding	NA
ENSG00000162377	COA7	protein_coding	NA
ENSG00000162384	CZIB	protein_coding	NA
ENSG00000162385	MAGOH	protein_coding	NA
ENSG00000162396	PARS2	protein_coding	NA
ENSG00000162402	USP24	protein_coding	NA
ENSG00000162407	PLPP3	protein_coding	NA
ENSG00000162408	NOL9	protein_coding	NA
ENSG00000162419	GMEB1	protein_coding	NA
ENSG00000162434	JAK1	protein_coding	NA
ENSG00000162441	LZIC	protein_coding	NA
ENSG00000162444	RBP7	protein_coding	NA
ENSG00000162458	FBLIM1	protein_coding	NA
ENSG00000162493	PDPN	protein_coding	NA
ENSG00000162496	DHRS3	protein_coding	NA
ENSG00000162511	LAPTM5	protein_coding	NA
ENSG00000162517	PEF1	protein_coding	NA
ENSG00000162521	RBBP4	protein_coding	NA
ENSG00000162522	KIAA1522	protein_coding	NA
ENSG00000162542	TMCO4	protein_coding	NA
ENSG00000162543	UBXN10	protein_coding	NA
ENSG00000162551	ALPL	protein_coding	NA
ENSG00000162576	MXRA8	protein_coding	NA
ENSG00000162585	FAAP20	protein_coding	NA
ENSG00000162599	NFIA	protein_coding	NA
ENSG00000162600	OMA1	protein_coding	NA
ENSG00000162601	MYSM1	protein_coding	NA
ENSG00000162604	TM2D1	protein_coding	NA
ENSG00000162607	USP1	protein_coding	NA
ENSG00000162613	FUBP1	protein_coding	NA
ENSG00000162614	NEXN	protein_coding	NA
ENSG00000162616	DNAJB4	protein_coding	NA
ENSG00000162618	ADGRL4	protein_coding	NA
ENSG00000162623	TYW3	protein_coding	NA
ENSG00000162627	SNX7	protein_coding	NA
ENSG00000162636	EEIG2	protein_coding	NA
ENSG00000162639	HENMT1	protein_coding	NA
ENSG00000162642	C1orf52	protein_coding	NA
ENSG00000162645	GBP2	protein_coding	NA
ENSG00000162650	ATXN7L2	protein_coding	NA
ENSG00000162654	GBP4	protein_coding	NA
ENSG00000162664	ZNF326	protein_coding	NA
ENSG00000162688	AGL	protein_coding	NA
ENSG00000162692	VCAM1	protein_coding	NA
ENSG00000162694	EXTL2	protein_coding	NA
ENSG00000162695	SLC30A7	protein_coding	NA
ENSG00000162704	ARPC5	protein_coding	NA
ENSG00000162706	CADM3	protein_coding	NA
ENSG00000162711	NLRP3	protein_coding	NA
ENSG00000162729	IGSF8	protein_coding	NA
ENSG00000162733	DDR2	protein_coding	NA
ENSG00000162734	PEA15	protein_coding	NA
ENSG00000162735	PEX19	protein_coding	NA
ENSG00000162736	NCSTN	protein_coding	NA
ENSG00000162739	SLAMF6	protein_coding	NA
ENSG00000162745	OLFML2B	protein_coding	NA
ENSG00000162747	FCGR3B	protein_coding	NA
ENSG00000162755	KLHDC9	protein_coding	NA
ENSG00000162757	C1orf74	protein_coding	NA
ENSG00000162763	LRRC52	protein_coding	NA
ENSG00000162772	ATF3	protein_coding	NA
ENSG00000162777	DENND2D	protein_coding	NA
ENSG00000162813	BPNT1	protein_coding	NA
ENSG00000162817	C1orf115	protein_coding	NA
ENSG00000162819	BROX	protein_coding	NA
ENSG00000162836	ACP6	protein_coding	NA
ENSG00000162851	TFB2M	protein_coding	NA
ENSG00000162852	CNST	protein_coding	NA
ENSG00000162869	PPP1R21	protein_coding	NA
ENSG00000162882	HAAO	protein_coding	NA
ENSG00000162885	B3GALNT2	protein_coding	NA
ENSG00000162889	MAPKAPK2	protein_coding	NA
ENSG00000162892	IL24	protein_coding	NA
ENSG00000162894	FCMR	protein_coding	NA
ENSG00000162909	CAPN2	protein_coding	NA
ENSG00000162910	MRPL55	protein_coding	NA
ENSG00000162923	WDR26	protein_coding	NA
ENSG00000162927	PUS10	protein_coding	NA
ENSG00000162928	PEX13	protein_coding	NA
ENSG00000162931	TRIM17	protein_coding	NA
ENSG00000162944	RFTN2	protein_coding	NA
ENSG00000162946	DISC1	protein_coding	NA
ENSG00000162959	MEMO1	protein_coding	NA
ENSG00000162961	DPY30	protein_coding	NA
ENSG00000162971	TYW5	protein_coding	NA
ENSG00000162972	MAIP1	protein_coding	NA
ENSG00000162976	SLC66A3	protein_coding	NA
ENSG00000162980	ARL5A	protein_coding	NA
ENSG00000162994	CLHC1	protein_coding	NA
ENSG00000162998	FRZB	protein_coding	NA
ENSG00000162999	DUSP19	protein_coding	NA
ENSG00000163001	CFAP36	protein_coding	NA
ENSG00000163002	NUP35	protein_coding	NA
ENSG00000163006	CCDC138	protein_coding	NA
ENSG00000163017	ACTG2	protein_coding	NA
ENSG00000163026	WDCP	protein_coding	NA
ENSG00000163029	SMC6	protein_coding	NA
ENSG00000163032	VSNL1	protein_coding	NA
ENSG00000163040	CCDC74A	protein_coding	NA
ENSG00000163041	H3-3A	protein_coding	NA
ENSG00000163050	COQ8A	protein_coding	NA
ENSG00000163069	SGCB	protein_coding	NA
ENSG00000163072	NOSTRIN	protein_coding	NA
ENSG00000163093	BBS5	protein_coding	NA
ENSG00000163104	SMARCAD1	protein_coding	NA
ENSG00000163106	HPGDS	protein_coding	NA
ENSG00000163110	PDLIM5	protein_coding	NA
ENSG00000163125	RPRD2	protein_coding	NA
ENSG00000163131	CTSS	protein_coding	NA
ENSG00000163138	PACRGL	protein_coding	NA
ENSG00000163141	BNIPL	protein_coding	NA
ENSG00000163145	C1QTNF7	protein_coding	NA
ENSG00000163154	TNFAIP8L2	protein_coding	NA
ENSG00000163155	LYSMD1	protein_coding	NA
ENSG00000163156	SCNM1	protein_coding	NA
ENSG00000163159	VPS72	protein_coding	NA
ENSG00000163161	ERCC3	protein_coding	NA
ENSG00000163162	RNF149	protein_coding	NA
ENSG00000163166	IWS1	protein_coding	NA
ENSG00000163170	BOLA3	protein_coding	NA
ENSG00000163171	CDC42EP3	protein_coding	NA
ENSG00000163191	S100A11	protein_coding	NA
ENSG00000163214	DHX57	protein_coding	NA
ENSG00000163219	ARHGAP25	protein_coding	NA
ENSG00000163220	S100A9	protein_coding	NA
ENSG00000163221	S100A12	protein_coding	NA
ENSG00000163249	CCNYL1	protein_coding	NA
ENSG00000163257	DCAF16	protein_coding	NA
ENSG00000163273	NPPC	protein_coding	NA
ENSG00000163281	GNPDA2	protein_coding	NA
ENSG00000163283	ALPP	protein_coding	NA
ENSG00000163288	GABRB1	protein_coding	NA
ENSG00000163293	NIPAL1	protein_coding	NA
ENSG00000163297	ANTXR2	protein_coding	NA
ENSG00000163312	HELQ	protein_coding	NA
ENSG00000163319	MRPS18C	protein_coding	NA
ENSG00000163320	CGGBP1	protein_coding	NA
ENSG00000163322	ABRAXAS1	protein_coding	NA
ENSG00000163328	GPR155	protein_coding	NA
ENSG00000163344	PMVK	protein_coding	NA
ENSG00000163346	PBXIP1	protein_coding	NA
ENSG00000163347	CLDN1	protein_coding	NA
ENSG00000163348	PYGO2	protein_coding	NA
ENSG00000163349	HIPK1	protein_coding	NA
ENSG00000163359	COL6A3	protein_coding	NA
ENSG00000163364	LINC01116	lncRNA	NA
ENSG00000163374	YY1AP1	protein_coding	NA
ENSG00000163376	KBTBD8	protein_coding	NA
ENSG00000163378	EOGT	protein_coding	NA
ENSG00000163382	NAXE	protein_coding	NA
ENSG00000163389	POGLUT1	protein_coding	NA
ENSG00000163399	ATP1A1	protein_coding	NA
ENSG00000163406	SLC15A2	protein_coding	NA
ENSG00000163428	LRRC58	protein_coding	NA
ENSG00000163430	FSTL1	protein_coding	NA
ENSG00000163431	LMOD1	protein_coding	NA
ENSG00000163435	ELF3	protein_coding	NA
ENSG00000163444	TMEM183A	protein_coding	NA
ENSG00000163453	IGFBP7	protein_coding	NA
ENSG00000163463	KRTCAP2	protein_coding	NA
ENSG00000163464	CXCR1	protein_coding	NA
ENSG00000163466	ARPC2	protein_coding	NA
ENSG00000163467	TSACC	protein_coding	NA
ENSG00000163468	CCT3	protein_coding	NA
ENSG00000163479	SSR2	protein_coding	NA
ENSG00000163481	RNF25	protein_coding	NA
ENSG00000163482	STK36	protein_coding	NA
ENSG00000163485	ADORA1	protein_coding	NA
ENSG00000163507	CIP2A	protein_coding	NA
ENSG00000163510	CWC22	protein_coding	NA
ENSG00000163512	AZI2	protein_coding	NA
ENSG00000163513	TGFBR2	protein_coding	NA
ENSG00000163516	ANKZF1	protein_coding	NA
ENSG00000163517	HDAC11	protein_coding	NA
ENSG00000163520	FBLN2	protein_coding	NA
ENSG00000163521	GLB1L	protein_coding	NA
ENSG00000163527	STT3B	protein_coding	NA
ENSG00000163528	CHCHD4	protein_coding	NA
ENSG00000163530	DPPA2	protein_coding	NA
ENSG00000163531	NFASC	protein_coding	NA
ENSG00000163535	SGO2	protein_coding	NA
ENSG00000163536	SERPINI1	protein_coding	NA
ENSG00000163539	CLASP2	protein_coding	NA
ENSG00000163541	SUCLG1	protein_coding	NA
ENSG00000163558	PRKCI	protein_coding	NA
ENSG00000163563	MNDA	protein_coding	NA
ENSG00000163565	IFI16	protein_coding	NA
ENSG00000163568	AIM2	protein_coding	NA
ENSG00000163577	EIF5A2	protein_coding	NA
ENSG00000163584	RPL22L1	protein_coding	NA
ENSG00000163590	PPM1L	protein_coding	NA
ENSG00000163596	ICA1L	protein_coding	NA
ENSG00000163597	SNHG16	lncRNA	NA
ENSG00000163602	RYBP	protein_coding	NA
ENSG00000163605	PPP4R2	protein_coding	NA
ENSG00000163606	CD200R1	protein_coding	NA
ENSG00000163607	GTPBP8	protein_coding	NA
ENSG00000163608	NEPRO	protein_coding	NA
ENSG00000163611	SPICE1	protein_coding	NA
ENSG00000163617	CCDC191	protein_coding	NA
ENSG00000163624	CDS1	protein_coding	NA
ENSG00000163625	WDFY3	protein_coding	NA
ENSG00000163626	COX18	protein_coding	NA
ENSG00000163629	PTPN13	protein_coding	NA
ENSG00000163634	THOC7	protein_coding	NA
ENSG00000163635	ATXN7	protein_coding	NA
ENSG00000163636	PSMD6	protein_coding	NA
ENSG00000163638	ADAMTS9	protein_coding	NA
ENSG00000163644	PPM1K	protein_coding	NA
ENSG00000163655	GMPS	protein_coding	NA
ENSG00000163659	TIPARP	protein_coding	NA
ENSG00000163660	CCNL1	protein_coding	NA
ENSG00000163661	PTX3	protein_coding	NA
ENSG00000163666	HESX1	protein_coding	NA
ENSG00000163681	SLMAP	protein_coding	NA
ENSG00000163682	RPL9	protein_coding	NA
ENSG00000163683	SMIM14	protein_coding	NA
ENSG00000163684	RPP14	protein_coding	NA
ENSG00000163686	ABHD6	protein_coding	NA
ENSG00000163687	DNASE1L3	protein_coding	NA
ENSG00000163694	RBM47	protein_coding	NA
ENSG00000163697	APBB2	protein_coding	NA
ENSG00000163703	CRELD1	protein_coding	NA
ENSG00000163705	FANCD2OS	protein_coding	NA
ENSG00000163710	PCOLCE2	protein_coding	NA
ENSG00000163714	U2SURP	protein_coding	NA
ENSG00000163719	MTMR14	protein_coding	NA
ENSG00000163728	TTC14	protein_coding	NA
ENSG00000163734	CXCL3	protein_coding	NA
ENSG00000163735	CXCL5	protein_coding	NA
ENSG00000163736	PPBP	protein_coding	NA
ENSG00000163737	PF4	protein_coding	NA
ENSG00000163738	MTHFD2L	protein_coding	NA
ENSG00000163739	CXCL1	protein_coding	NA
ENSG00000163743	RCHY1	protein_coding	NA
ENSG00000163754	GYG1	protein_coding	NA
ENSG00000163755	HPS3	protein_coding	NA
ENSG00000163762	TM4SF18	protein_coding	NA
ENSG00000163781	TOPBP1	protein_coding	NA
ENSG00000163785	RYK	protein_coding	NA
ENSG00000163788	SNRK	protein_coding	NA
ENSG00000163795	ZNF513	protein_coding	NA
ENSG00000163798	SLC4A1AP	protein_coding	NA
ENSG00000163803	PLB1	protein_coding	NA
ENSG00000163806	SPDYA	protein_coding	NA
ENSG00000163807	KIAA1143	protein_coding	NA
ENSG00000163808	KIF15	protein_coding	NA
ENSG00000163811	WDR43	protein_coding	NA
ENSG00000163812	ZDHHC3	protein_coding	NA
ENSG00000163814	CDCP1	protein_coding	NA
ENSG00000163815	CLEC3B	protein_coding	NA
ENSG00000163818	LZTFL1	protein_coding	NA
ENSG00000163820	FYCO1	protein_coding	NA
ENSG00000163823	CCR1	protein_coding	NA
ENSG00000163832	ELP6	protein_coding	NA
ENSG00000163840	DTX3L	protein_coding	NA
ENSG00000163848	ZNF148	protein_coding	NA
ENSG00000163866	SMIM12	protein_coding	NA
ENSG00000163867	ZMYM6	protein_coding	NA
ENSG00000163870	TPRA1	protein_coding	NA
ENSG00000163874	ZC3H12A	protein_coding	NA
ENSG00000163875	MEAF6	protein_coding	NA
ENSG00000163877	SNIP1	protein_coding	NA
ENSG00000163879	DNALI1	protein_coding	NA
ENSG00000163882	POLR2H	protein_coding	NA
ENSG00000163900	TMEM41A	protein_coding	NA
ENSG00000163902	RPN1	protein_coding	NA
ENSG00000163904	SENP2	protein_coding	NA
ENSG00000163909	HEYL	protein_coding	NA
ENSG00000163913	IFT122	protein_coding	NA
ENSG00000163918	RFC4	protein_coding	NA
ENSG00000163923	RPL39L	protein_coding	NA
ENSG00000163930	BAP1	protein_coding	NA
ENSG00000163931	TKT	protein_coding	NA
ENSG00000163932	PRKCD	protein_coding	NA
ENSG00000163933	RFT1	protein_coding	NA
ENSG00000163935	SFMBT1	protein_coding	NA
ENSG00000163938	GNL3	protein_coding	NA
ENSG00000163939	PBRM1	protein_coding	NA
ENSG00000163945	UVSSA	protein_coding	NA
ENSG00000163946	TASOR	protein_coding	NA
ENSG00000163947	ARHGEF3	protein_coding	NA
ENSG00000163950	SLBP	protein_coding	NA
ENSG00000163956	LRPAP1	protein_coding	NA
ENSG00000163959	SLC51A	protein_coding	NA
ENSG00000163960	UBXN7	protein_coding	NA
ENSG00000163961	RNF168	protein_coding	NA
ENSG00000163964	PIGX	protein_coding	NA
ENSG00000163975	MELTF	protein_coding	NA
ENSG00000163993	S100P	protein_coding	NA
ENSG00000164002	EXO5	protein_coding	NA
ENSG00000164007	CLDN19	protein_coding	NA
ENSG00000164008	C1orf50	protein_coding	NA
ENSG00000164010	ERMAP	protein_coding	NA
ENSG00000164011	ZNF691	protein_coding	NA
ENSG00000164022	AIMP1	protein_coding	NA
ENSG00000164023	SGMS2	protein_coding	NA
ENSG00000164024	METAP1	protein_coding	NA
ENSG00000164031	DNAJB14	protein_coding	NA
ENSG00000164032	H2AZ1	protein_coding	NA
ENSG00000164035	EMCN	protein_coding	NA
ENSG00000164039	BDH2	protein_coding	NA
ENSG00000164040	PGRMC2	protein_coding	NA
ENSG00000164047	CAMP	protein_coding	NA
ENSG00000164050	PLXNB1	protein_coding	NA
ENSG00000164051	CCDC51	protein_coding	NA
ENSG00000164053	ATRIP	protein_coding	NA
ENSG00000164054	SHISA5	protein_coding	NA
ENSG00000164056	SPRY1	protein_coding	NA
ENSG00000164062	APEH	protein_coding	NA
ENSG00000164066	INTU	protein_coding	NA
ENSG00000164068	RNF123	protein_coding	NA
ENSG00000164070	HSPA4L	protein_coding	NA
ENSG00000164073	MFSD8	protein_coding	NA
ENSG00000164077	MON1A	protein_coding	NA
ENSG00000164081	TEX264	protein_coding	NA
ENSG00000164087	POC1A	protein_coding	NA
ENSG00000164088	PPM1M	protein_coding	NA
ENSG00000164091	WDR82	protein_coding	NA
ENSG00000164093	PITX2	protein_coding	NA
ENSG00000164096	C4orf3	protein_coding	NA
ENSG00000164099	PRSS12	protein_coding	NA
ENSG00000164104	HMGB2	protein_coding	NA
ENSG00000164105	SAP30	protein_coding	NA
ENSG00000164106	SCRG1	protein_coding	NA
ENSG00000164107	HAND2	protein_coding	NA
ENSG00000164109	MAD2L1	protein_coding	NA
ENSG00000164111	ANXA5	protein_coding	NA
ENSG00000164112	SMIM43	protein_coding	NA
ENSG00000164114	MAP9	protein_coding	NA
ENSG00000164116	GUCY1A1	protein_coding	NA
ENSG00000164117	FBXO8	protein_coding	NA
ENSG00000164118	CEP44	protein_coding	NA
ENSG00000164120	HPGD	protein_coding	NA
ENSG00000164124	TMEM144	protein_coding	NA
ENSG00000164125	GASK1B	protein_coding	NA
ENSG00000164134	NAA15	protein_coding	NA
ENSG00000164136	IL15	protein_coding	NA
ENSG00000164144	ARFIP1	protein_coding	NA
ENSG00000164151	ICE1	protein_coding	NA
ENSG00000164162	ANAPC10	protein_coding	NA
ENSG00000164163	ABCE1	protein_coding	NA
ENSG00000164164	OTUD4	protein_coding	NA
ENSG00000164167	LSM6	protein_coding	NA
ENSG00000164168	TMEM184C	protein_coding	NA
ENSG00000164169	PRMT9	protein_coding	NA
ENSG00000164171	ITGA2	protein_coding	NA
ENSG00000164172	MOCS2	protein_coding	NA
ENSG00000164180	TMEM161B	protein_coding	NA
ENSG00000164182	NDUFAF2	protein_coding	NA
ENSG00000164187	LMBRD2	protein_coding	NA
ENSG00000164188	RANBP3L	protein_coding	NA
ENSG00000164190	NIPBL	protein_coding	NA
ENSG00000164199	ADGRV1	protein_coding	NA
ENSG00000164209	SLC25A46	protein_coding	NA
ENSG00000164211	STARD4	protein_coding	NA
ENSG00000164219	PGGT1B	protein_coding	NA
ENSG00000164221	CCDC112	protein_coding	NA
ENSG00000164237	CMBL	protein_coding	NA
ENSG00000164241	C5orf63	protein_coding	NA
ENSG00000164244	PRRC1	protein_coding	NA
ENSG00000164252	AGGF1	protein_coding	NA
ENSG00000164253	WDR41	protein_coding	NA
ENSG00000164258	NDUFS4	protein_coding	NA
ENSG00000164266	SPINK1	protein_coding	NA
ENSG00000164284	GRPEL2	protein_coding	NA
ENSG00000164291	ARSK	protein_coding	NA
ENSG00000164292	RHOBTB3	protein_coding	NA
ENSG00000164294	GPX8	protein_coding	NA
ENSG00000164296	TIGD6	protein_coding	NA
ENSG00000164300	SERINC5	protein_coding	NA
ENSG00000164305	CASP3	protein_coding	NA
ENSG00000164306	PRIMPOL	protein_coding	NA
ENSG00000164307	ERAP1	protein_coding	NA
ENSG00000164308	ERAP2	protein_coding	NA
ENSG00000164309	CMYA5	protein_coding	NA
ENSG00000164318	EGFLAM	protein_coding	NA
ENSG00000164323	CFAP97	protein_coding	NA
ENSG00000164327	RICTOR	protein_coding	NA
ENSG00000164329	TENT2	protein_coding	NA
ENSG00000164331	ANKRA2	protein_coding	NA
ENSG00000164332	UBLCP1	protein_coding	NA
ENSG00000164338	UTP15	protein_coding	NA
ENSG00000164342	TLR3	protein_coding	NA
ENSG00000164346	NSA2	protein_coding	NA
ENSG00000164347	GFM2	protein_coding	NA
ENSG00000164366	CCDC127	protein_coding	NA
ENSG00000164402	SEPTIN8	protein_coding	NA
ENSG00000164405	UQCRQ	protein_coding	NA
ENSG00000164406	LEAP2	protein_coding	NA
ENSG00000164411	GJB7	protein_coding	NA
ENSG00000164414	SLC35A1	protein_coding	NA
ENSG00000164430	CGAS	protein_coding	NA
ENSG00000164434	FABP7	protein_coding	NA
ENSG00000164442	CITED2	protein_coding	NA
ENSG00000164451	CALHM4	protein_coding	NA
ENSG00000164463	CREBRF	protein_coding	NA
ENSG00000164465	DCBLD1	protein_coding	NA
ENSG00000164466	SFXN1	protein_coding	NA
ENSG00000164485	IL22RA2	protein_coding	NA
ENSG00000164488	DACT2	protein_coding	NA
ENSG00000164494	PDSS2	protein_coding	NA
ENSG00000164506	STXBP5	protein_coding	NA
ENSG00000164530	PI16	protein_coding	NA
ENSG00000164535	DAGLB	protein_coding	NA
ENSG00000164543	STK17A	protein_coding	NA
ENSG00000164548	TRA2A	protein_coding	NA
ENSG00000164576	SAP30L	protein_coding	NA
ENSG00000164587	RPS14	protein_coding	NA
ENSG00000164591	MYOZ3	protein_coding	NA
ENSG00000164597	COG5	protein_coding	NA
ENSG00000164603	BMT2	protein_coding	NA
ENSG00000164609	SLU7	protein_coding	NA
ENSG00000164610	RP9	protein_coding	NA
ENSG00000164611	PTTG1	protein_coding	NA
ENSG00000164615	CAMLG	protein_coding	NA
ENSG00000164619	BMPER	protein_coding	NA
ENSG00000164620	RELL2	protein_coding	NA
ENSG00000164627	KIF6	protein_coding	NA
ENSG00000164631	ZNF12	protein_coding	NA
ENSG00000164647	STEAP1	protein_coding	NA
ENSG00000164649	CDCA7L	protein_coding	NA
ENSG00000164654	MIOS	protein_coding	NA
ENSG00000164659	ELAPOR2	protein_coding	NA
ENSG00000164674	SYTL3	protein_coding	NA
ENSG00000164683	HEY1	protein_coding	NA
ENSG00000164687	FABP5	protein_coding	NA
ENSG00000164691	TAGAP	protein_coding	NA
ENSG00000164692	COL1A2	protein_coding	NA
ENSG00000164695	CHMP4C	protein_coding	NA
ENSG00000164707	SLC13A4	protein_coding	NA
ENSG00000164708	PGAM2	protein_coding	NA
ENSG00000164713	BRI3	protein_coding	NA
ENSG00000164715	LMTK2	protein_coding	NA
ENSG00000164733	CTSB	protein_coding	NA
ENSG00000164741	DLC1	protein_coding	NA
ENSG00000164751	PEX2	protein_coding	NA
ENSG00000164754	RAD21	protein_coding	NA
ENSG00000164758	MED30	protein_coding	NA
ENSG00000164761	TNFRSF11B	protein_coding	NA
ENSG00000164764	SBSPON	protein_coding	NA
ENSG00000164808	SPIDR	protein_coding	NA
ENSG00000164815	ORC5	protein_coding	NA
ENSG00000164818	DNAAF5	protein_coding	NA
ENSG00000164821	DEFA4	protein_coding	NA
ENSG00000164823	OSGIN2	protein_coding	NA
ENSG00000164825	DEFB1	protein_coding	NA
ENSG00000164828	SUN1	protein_coding	NA
ENSG00000164830	OXR1	protein_coding	NA
ENSG00000164841	TMEM74	protein_coding	NA
ENSG00000164849	GPR146	protein_coding	NA
ENSG00000164850	GPER1	protein_coding	NA
ENSG00000164855	TMEM184A	protein_coding	NA
ENSG00000164867	NOS3	protein_coding	NA
ENSG00000164880	INTS1	protein_coding	NA
ENSG00000164885	CDK5	protein_coding	NA
ENSG00000164889	SLC4A2	protein_coding	NA
ENSG00000164896	FASTK	protein_coding	NA
ENSG00000164897	TMUB1	protein_coding	NA
ENSG00000164898	FMC1	protein_coding	NA
ENSG00000164902	PHAX	protein_coding	NA
ENSG00000164904	ALDH7A1	protein_coding	NA
ENSG00000164919	COX6C	protein_coding	NA
ENSG00000164920	OSR2	protein_coding	NA
ENSG00000164924	YWHAZ	protein_coding	NA
ENSG00000164929	BAALC	protein_coding	NA
ENSG00000164930	FZD6	protein_coding	NA
ENSG00000164932	CTHRC1	protein_coding	NA
ENSG00000164933	SLC25A32	protein_coding	NA
ENSG00000164934	DCAF13	protein_coding	NA
ENSG00000164941	INTS8	protein_coding	NA
ENSG00000164944	VIRMA	protein_coding	NA
ENSG00000164949	GEM	protein_coding	NA
ENSG00000164961	WASHC5	protein_coding	NA
ENSG00000164967	RPP25L	protein_coding	NA
ENSG00000164975	SNAPC3	protein_coding	NA
ENSG00000164976	MYORG	protein_coding	NA
ENSG00000164978	NUDT2	protein_coding	NA
ENSG00000164983	TMEM65	protein_coding	NA
ENSG00000164985	PSIP1	protein_coding	NA
ENSG00000164989	CCDC171	protein_coding	NA
ENSG00000165006	UBAP1	protein_coding	NA
ENSG00000165025	SYK	protein_coding	NA
ENSG00000165028	NIPSNAP3B	protein_coding	NA
ENSG00000165029	ABCA1	protein_coding	NA
ENSG00000165030	NFIL3	protein_coding	NA
ENSG00000165046	LETM2	protein_coding	NA
ENSG00000165055	METTL2B	protein_coding	NA
ENSG00000165060	FXN	protein_coding	NA
ENSG00000165072	MAMDC2	protein_coding	NA
ENSG00000165092	ALDH1A1	protein_coding	NA
ENSG00000165097	KDM1B	protein_coding	NA
ENSG00000165102	HGSNAT	protein_coding	NA
ENSG00000165105	RASEF	protein_coding	NA
ENSG00000165113	GKAP1	protein_coding	NA
ENSG00000165115	KIF27	protein_coding	NA
ENSG00000165118	QNG1	protein_coding	NA
ENSG00000165119	HNRNPK	protein_coding	NA
ENSG00000165121	ENSG00000165121	lncRNA	NA
ENSG00000165124	SVEP1	protein_coding	NA
ENSG00000165125	TRPV6	protein_coding	NA
ENSG00000165140	FBP1	protein_coding	NA
ENSG00000165156	ZHX1	protein_coding	NA
ENSG00000165168	CYBB	protein_coding	NA
ENSG00000165169	DYNLT3	protein_coding	NA
ENSG00000165171	METTL27	protein_coding	NA
ENSG00000165178	NCF1C	lncRNA	NA
ENSG00000165195	PIGA	protein_coding	NA
ENSG00000165209	STRBP	protein_coding	NA
ENSG00000165219	GAPVD1	protein_coding	NA
ENSG00000165233	CARD19	protein_coding	NA
ENSG00000165238	WNK2	protein_coding	NA
ENSG00000165240	ATP7A	protein_coding	NA
ENSG00000165264	NDUFB6	protein_coding	NA
ENSG00000165269	AQP7	protein_coding	NA
ENSG00000165271	NOL6	protein_coding	NA
ENSG00000165272	AQP3	protein_coding	NA
ENSG00000165275	TRMT10B	protein_coding	NA
ENSG00000165280	VCP	protein_coding	NA
ENSG00000165282	PIGO	protein_coding	NA
ENSG00000165283	STOML2	protein_coding	NA
ENSG00000165288	BRWD3	protein_coding	NA
ENSG00000165304	MELK	protein_coding	NA
ENSG00000165322	ARHGAP12	protein_coding	NA
ENSG00000165355	FBXO33	protein_coding	NA
ENSG00000165359	INTS6L	protein_coding	NA
ENSG00000165389	SPTSSA	protein_coding	NA
ENSG00000165392	WRN	protein_coding	NA
ENSG00000165406	MARCHF8	protein_coding	NA
ENSG00000165409	TSHR	protein_coding	NA
ENSG00000165410	CFL2	protein_coding	NA
ENSG00000165416	SUGT1	protein_coding	NA
ENSG00000165417	GTF2A1	protein_coding	NA
ENSG00000165443	PHYHIPL	protein_coding	NA
ENSG00000165457	FOLR2	protein_coding	NA
ENSG00000165458	INPPL1	protein_coding	NA
ENSG00000165475	CRYL1	protein_coding	NA
ENSG00000165476	REEP3	protein_coding	NA
ENSG00000165480	SKA3	protein_coding	NA
ENSG00000165487	MICU2	protein_coding	NA
ENSG00000165490	DDIAS	protein_coding	NA
ENSG00000165494	PCF11	protein_coding	NA
ENSG00000165495	PKNOX2	protein_coding	NA
ENSG00000165501	LRR1	protein_coding	NA
ENSG00000165502	RPL36AL	protein_coding	NA
ENSG00000165506	DNAAF2	protein_coding	NA
ENSG00000165507	DEPP1	protein_coding	NA
ENSG00000165511	ZNF22-AS1	lncRNA	NA
ENSG00000165512	ZNF22	protein_coding	NA
ENSG00000165516	KLHDC2	protein_coding	NA
ENSG00000165525	NEMF	protein_coding	NA
ENSG00000165526	RPUSD4	protein_coding	NA
ENSG00000165527	ARF6	protein_coding	NA
ENSG00000165533	TTC8	protein_coding	NA
ENSG00000165591	FAAH2	protein_coding	NA
ENSG00000165609	NUDT5	protein_coding	NA
ENSG00000165626	BEND7	protein_coding	NA
ENSG00000165629	ATP5F1C	protein_coding	NA
ENSG00000165630	PRPF18	protein_coding	NA
ENSG00000165632	TAF3	protein_coding	NA
ENSG00000165633	VSTM4	protein_coding	NA
ENSG00000165637	VDAC2	protein_coding	NA
ENSG00000165644	COMTD1	protein_coding	NA
ENSG00000165650	PDZD8	protein_coding	NA
ENSG00000165660	ABRAXAS2	protein_coding	NA
ENSG00000165669	FAM204A	protein_coding	NA
ENSG00000165671	NSD1	protein_coding	NA
ENSG00000165672	PRDX3	protein_coding	NA
ENSG00000165675	ENOX2	protein_coding	NA
ENSG00000165678	GHITM	protein_coding	NA
ENSG00000165682	CLEC1B	protein_coding	NA
ENSG00000165684	SNAPC4	protein_coding	NA
ENSG00000165685	TMEM52B	protein_coding	NA
ENSG00000165688	PMPCA	protein_coding	NA
ENSG00000165689	ENTR1	protein_coding	NA
ENSG00000165698	SPACA9	protein_coding	NA
ENSG00000165699	TSC1	protein_coding	NA
ENSG00000165704	HPRT1	protein_coding	NA
ENSG00000165714	BORCS5	protein_coding	NA
ENSG00000165716	DIPK1B	protein_coding	NA
ENSG00000165724	ZMYND19	protein_coding	NA
ENSG00000165732	DDX21	protein_coding	NA
ENSG00000165733	BMS1	protein_coding	NA
ENSG00000165752	STK32C	protein_coding	NA
ENSG00000165757	JCAD	protein_coding	NA
ENSG00000165775	FUNDC2	protein_coding	NA
ENSG00000165782	PIP4P1	protein_coding	NA
ENSG00000165792	METTL17	protein_coding	NA
ENSG00000165795	NDRG2	protein_coding	NA
ENSG00000165799	RNASE7	protein_coding	NA
ENSG00000165801	ARHGEF40	protein_coding	NA
ENSG00000165806	CASP7	protein_coding	NA
ENSG00000165807	PPP1R36	protein_coding	NA
ENSG00000165813	CCDC186	protein_coding	NA
ENSG00000165819	METTL3	protein_coding	NA
ENSG00000165832	TRUB1	protein_coding	NA
ENSG00000165861	ZFYVE1	protein_coding	NA
ENSG00000165886	UBTD1	protein_coding	NA
ENSG00000165895	ARHGAP42	protein_coding	NA
ENSG00000165898	ISCA2	protein_coding	NA
ENSG00000165899	OTOGL	protein_coding	NA
ENSG00000165905	LARGE2	protein_coding	NA
ENSG00000165912	PACSIN3	protein_coding	NA
ENSG00000165914	TTC7B	protein_coding	NA
ENSG00000165915	SLC39A13	protein_coding	NA
ENSG00000165916	PSMC3	protein_coding	NA
ENSG00000165917	RAPSN	protein_coding	NA
ENSG00000165929	TC2N	protein_coding	NA
ENSG00000165934	CPSF2	protein_coding	NA
ENSG00000165943	MOAP1	protein_coding	NA
ENSG00000165948	IFI27L1	protein_coding	NA
ENSG00000165949	IFI27	protein_coding	NA
ENSG00000165959	CLMN	protein_coding	NA
ENSG00000165973	NELL1	protein_coding	NA
ENSG00000165983	PTER	protein_coding	NA
ENSG00000165996	HACD1	protein_coding	NA
ENSG00000165997	ARL5B	protein_coding	NA
ENSG00000166002	SMCO4	protein_coding	NA
ENSG00000166004	CEP295	protein_coding	NA
ENSG00000166012	TAF1D	protein_coding	NA
ENSG00000166016	ABTB2	protein_coding	NA
ENSG00000166024	R3HCC1L	protein_coding	NA
ENSG00000166025	AMOTL1	protein_coding	NA
ENSG00000166033	HTRA1	protein_coding	NA
ENSG00000166037	CEP57	protein_coding	NA
ENSG00000166046	TCP11L2	protein_coding	NA
ENSG00000166086	JAM3	protein_coding	NA
ENSG00000166091	CMTM5	protein_coding	NA
ENSG00000166128	RAB8B	protein_coding	NA
ENSG00000166130	IKBIP	protein_coding	NA
ENSG00000166133	RPUSD2	protein_coding	NA
ENSG00000166135	HIF1AN	protein_coding	NA
ENSG00000166136	NDUFB8	protein_coding	NA
ENSG00000166140	ZFYVE19	protein_coding	NA
ENSG00000166145	SPINT1	protein_coding	NA
ENSG00000166147	FBN1	protein_coding	NA
ENSG00000166153	DEPDC4	protein_coding	NA
ENSG00000166164	BRD7	protein_coding	NA
ENSG00000166165	CKB	protein_coding	NA
ENSG00000166166	TRMT61A	protein_coding	NA
ENSG00000166167	BTRC	protein_coding	NA
ENSG00000166169	POLL	protein_coding	NA
ENSG00000166170	BAG5	protein_coding	NA
ENSG00000166171	DPCD	protein_coding	NA
ENSG00000166173	LARP6	protein_coding	NA
ENSG00000166181	API5	protein_coding	NA
ENSG00000166192	SENP8	protein_coding	NA
ENSG00000166197	NOLC1	protein_coding	NA
ENSG00000166199	ALKBH3	protein_coding	NA
ENSG00000166200	COPS2	protein_coding	NA
ENSG00000166224	SGPL1	protein_coding	NA
ENSG00000166225	FRS2	protein_coding	NA
ENSG00000166226	CCT2	protein_coding	NA
ENSG00000166228	PCBD1	protein_coding	NA
ENSG00000166233	ARIH1	protein_coding	NA
ENSG00000166250	CLMP	protein_coding	NA
ENSG00000166260	COX11	protein_coding	NA
ENSG00000166261	ZNF202	protein_coding	NA
ENSG00000166263	STXBP4	protein_coding	NA
ENSG00000166265	CYYR1	protein_coding	NA
ENSG00000166266	CUL5	protein_coding	NA
ENSG00000166272	WBP1L	protein_coding	NA
ENSG00000166275	BORCS7	protein_coding	NA
ENSG00000166278	C2	protein_coding	NA
ENSG00000166289	PLEKHF1	protein_coding	NA
ENSG00000166292	TMEM100	protein_coding	NA
ENSG00000166295	ANAPC16	protein_coding	NA
ENSG00000166311	SMPD1	protein_coding	NA
ENSG00000166313	APBB1	protein_coding	NA
ENSG00000166321	NUDT13	protein_coding	NA
ENSG00000166326	TRIM44	protein_coding	NA
ENSG00000166333	ILK	protein_coding	NA
ENSG00000166337	TAF10	protein_coding	NA
ENSG00000166340	TPP1	protein_coding	NA
ENSG00000166347	CYB5A	protein_coding	NA
ENSG00000166352	IFTAP	protein_coding	NA
ENSG00000166377	ATP9B	protein_coding	NA
ENSG00000166387	PPFIBP2	protein_coding	NA
ENSG00000166394	CYB5R2	protein_coding	NA
ENSG00000166396	SERPINB7	protein_coding	NA
ENSG00000166398	GARRE1	protein_coding	NA
ENSG00000166401	SERPINB8	protein_coding	NA
ENSG00000166407	LMO1	protein_coding	NA
ENSG00000166411	IDH3A	protein_coding	NA
ENSG00000166426	CRABP1	protein_coding	NA
ENSG00000166435	XRRA1	protein_coding	NA
ENSG00000166439	RNF169	protein_coding	NA
ENSG00000166441	RPL27A	protein_coding	NA
ENSG00000166444	DENND2B	protein_coding	NA
ENSG00000166446	CDYL2	protein_coding	NA
ENSG00000166450	PRTG	protein_coding	NA
ENSG00000166451	CENPN	protein_coding	NA
ENSG00000166452	AKIP1	protein_coding	NA
ENSG00000166454	ATMIN	protein_coding	NA
ENSG00000166455	C16orf46	protein_coding	NA
ENSG00000166471	TMEM41B	protein_coding	NA
ENSG00000166473	PKD1L2	protein_coding	NA
ENSG00000166477	LEO1	protein_coding	NA
ENSG00000166478	ZNF143	protein_coding	NA
ENSG00000166479	TMX3	protein_coding	NA
ENSG00000166482	MFAP4	protein_coding	NA
ENSG00000166483	WEE1	protein_coding	NA
ENSG00000166484	MAPK7	protein_coding	NA
ENSG00000166503	HDGFL3	protein_coding	NA
ENSG00000166507	NDST2	protein_coding	NA
ENSG00000166508	MCM7	protein_coding	NA
ENSG00000166510	CCDC68	protein_coding	NA
ENSG00000166523	CLEC4E	protein_coding	NA
ENSG00000166526	ZNF3	protein_coding	NA
ENSG00000166527	CLEC4D	protein_coding	NA
ENSG00000166529	ZSCAN21	protein_coding	NA
ENSG00000166532	RIMKLB	protein_coding	NA
ENSG00000166548	TK2	protein_coding	NA
ENSG00000166557	TMED3	protein_coding	NA
ENSG00000166562	SEC11C	protein_coding	NA
ENSG00000166575	TMEM135	protein_coding	NA
ENSG00000166578	IQCD	protein_coding	NA
ENSG00000166579	NDEL1	protein_coding	NA
ENSG00000166582	CENPV	protein_coding	NA
ENSG00000166589	CDH16	protein_coding	NA
ENSG00000166592	RRAD	protein_coding	NA
ENSG00000166595	CIAO2B	protein_coding	NA
ENSG00000166598	HSP90B1	protein_coding	NA
ENSG00000166619	BLCAP	protein_coding	NA
ENSG00000166669	ATF7IP2	protein_coding	NA
ENSG00000166676	TVP23A	protein_coding	NA
ENSG00000166681	BEX3	protein_coding	NA
ENSG00000166685	COG1	protein_coding	NA
ENSG00000166689	PLEKHA7	protein_coding	NA
ENSG00000166704	ZNF606	protein_coding	NA
ENSG00000166707	ZCCHC18	protein_coding	NA
ENSG00000166710	B2M	protein_coding	NA
ENSG00000166716	ZNF592	protein_coding	NA
ENSG00000166734	GOLM2	protein_coding	NA
ENSG00000166741	NNMT	protein_coding	NA
ENSG00000166747	AP1G1	protein_coding	NA
ENSG00000166750	SLFN5	protein_coding	NA
ENSG00000166770	ZNF667-AS1	lncRNA	NA
ENSG00000166780	BMERB1	protein_coding	NA
ENSG00000166783	MARF1	protein_coding	NA
ENSG00000166788	SAAL1	protein_coding	NA
ENSG00000166793	YPEL4	protein_coding	NA
ENSG00000166794	PPIB	protein_coding	NA
ENSG00000166797	CIAO2A	protein_coding	NA
ENSG00000166801	FAM111A	protein_coding	NA
ENSG00000166803	PCLAF	protein_coding	NA
ENSG00000166816	LDHD	protein_coding	NA
ENSG00000166821	PEX11A	protein_coding	NA
ENSG00000166822	TMEM170A	protein_coding	NA
ENSG00000166825	ANPEP	protein_coding	NA
ENSG00000166831	RBPMS2	protein_coding	NA
ENSG00000166833	NAV2	protein_coding	NA
ENSG00000166839	ANKDD1A	protein_coding	NA
ENSG00000166845	C18orf54	protein_coding	NA
ENSG00000166847	DCTN5	protein_coding	NA
ENSG00000166848	TERF2IP	protein_coding	NA
ENSG00000166851	PLK1	protein_coding	NA
ENSG00000166855	CLPX	protein_coding	NA
ENSG00000166863	TAC3	protein_coding	NA
ENSG00000166866	MYO1A	protein_coding	NA
ENSG00000166869	CHP2	protein_coding	NA
ENSG00000166881	NEMP1	protein_coding	NA
ENSG00000166886	NAB2	protein_coding	NA
ENSG00000166887	VPS39	protein_coding	NA
ENSG00000166888	STAT6	protein_coding	NA
ENSG00000166889	PATL1	protein_coding	NA
ENSG00000166896	ATP23	protein_coding	NA
ENSG00000166900	STX3	protein_coding	NA
ENSG00000166902	MRPL16	protein_coding	NA
ENSG00000166908	PIP4K2C	protein_coding	NA
ENSG00000166912	MTMR10	protein_coding	NA
ENSG00000166913	YWHAB	protein_coding	NA
ENSG00000166920	C15orf48	protein_coding	NA
ENSG00000166922	SCG5	protein_coding	NA
ENSG00000166925	TSC22D4	protein_coding	NA
ENSG00000166926	MS4A6E	protein_coding	NA
ENSG00000166927	MS4A7	protein_coding	NA
ENSG00000166938	DIS3L	protein_coding	NA
ENSG00000166946	CCNDBP1	protein_coding	NA
ENSG00000166947	EPB42	protein_coding	NA
ENSG00000166949	SMAD3	protein_coding	NA
ENSG00000166961	MS4A15	protein_coding	NA
ENSG00000166965	RCCD1	protein_coding	NA
ENSG00000166971	AKTIP	protein_coding	NA
ENSG00000166974	MAPRE2	protein_coding	NA
ENSG00000166979	EVA1C	protein_coding	NA
ENSG00000166986	MARS1	protein_coding	NA
ENSG00000166987	MBD6	protein_coding	NA
ENSG00000166997	CNPY4	protein_coding	NA
ENSG00000167004	PDIA3	protein_coding	NA
ENSG00000167005	NUDT21	protein_coding	NA
ENSG00000167074	TEF	protein_coding	NA
ENSG00000167077	MEI1	protein_coding	NA
ENSG00000167083	GNGT2	protein_coding	NA
ENSG00000167085	PHB1	protein_coding	NA
ENSG00000167088	SNRPD1	protein_coding	NA
ENSG00000167103	PIP5KL1	protein_coding	NA
ENSG00000167107	ACSF2	protein_coding	NA
ENSG00000167110	GOLGA2	protein_coding	NA
ENSG00000167112	TRUB2	protein_coding	NA
ENSG00000167113	COQ4	protein_coding	NA
ENSG00000167114	SLC27A4	protein_coding	NA
ENSG00000167118	URM1	protein_coding	NA
ENSG00000167123	CERCAM	protein_coding	NA
ENSG00000167130	DOLPP1	protein_coding	NA
ENSG00000167136	ENDOG	protein_coding	NA
ENSG00000167157	PRRX2	protein_coding	NA
ENSG00000167173	C15orf39	protein_coding	NA
ENSG00000167182	SP2	protein_coding	NA
ENSG00000167186	COQ7	protein_coding	NA
ENSG00000167191	GPRC5B	protein_coding	NA
ENSG00000167193	CRK	protein_coding	NA
ENSG00000167196	FBXO22	protein_coding	NA
ENSG00000167202	TBC1D2B	protein_coding	NA
ENSG00000167208	SNX20	protein_coding	NA
ENSG00000167220	HDHD2	protein_coding	NA
ENSG00000167232	ZNF91	protein_coding	NA
ENSG00000167244	IGF2	protein_coding	NA
ENSG00000167257	RNF214	protein_coding	NA
ENSG00000167258	CDK12	protein_coding	NA
ENSG00000167261	DPEP2	protein_coding	NA
ENSG00000167264	DUS2	protein_coding	NA
ENSG00000167272	POP5	protein_coding	NA
ENSG00000167283	ATP5MG	protein_coding	NA
ENSG00000167286	CD3D	protein_coding	NA
ENSG00000167306	MYO5B	protein_coding	NA
ENSG00000167311	ART5	protein_coding	NA
ENSG00000167315	ACAA2	protein_coding	NA
ENSG00000167323	STIM1	protein_coding	NA
ENSG00000167325	RRM1	protein_coding	NA
ENSG00000167332	OR51E2	protein_coding	NA
ENSG00000167333	TRIM68	protein_coding	NA
ENSG00000167371	PRRT2	protein_coding	NA
ENSG00000167377	ZNF23	protein_coding	NA
ENSG00000167380	ZNF226	protein_coding	NA
ENSG00000167384	ZNF180	protein_coding	NA
ENSG00000167393	PPP2R3B	protein_coding	NA
ENSG00000167397	VKORC1	protein_coding	NA
ENSG00000167434	CA4	protein_coding	NA
ENSG00000167447	SMG8	protein_coding	NA
ENSG00000167460	TPM4	protein_coding	NA
ENSG00000167461	RAB8A	protein_coding	NA
ENSG00000167468	GPX4	protein_coding	NA
ENSG00000167491	GATAD2A	protein_coding	NA
ENSG00000167508	MVD	protein_coding	NA
ENSG00000167513	CDT1	protein_coding	NA
ENSG00000167515	TRAPPC2L	protein_coding	NA
ENSG00000167522	ANKRD11	protein_coding	NA
ENSG00000167523	SPATA33	protein_coding	NA
ENSG00000167526	RPL13	protein_coding	NA
ENSG00000167528	ZNF641	protein_coding	NA
ENSG00000167535	CACNB3	protein_coding	NA
ENSG00000167536	DHRS13	protein_coding	NA
ENSG00000167543	TP53I13	protein_coding	NA
ENSG00000167548	KMT2D	protein_coding	NA
ENSG00000167549	CORO6	protein_coding	NA
ENSG00000167552	TUBA1A	protein_coding	NA
ENSG00000167553	TUBA1C	protein_coding	NA
ENSG00000167554	ZNF610	protein_coding	NA
ENSG00000167555	ZNF528	protein_coding	NA
ENSG00000167562	ZNF701	protein_coding	NA
ENSG00000167565	SERTAD3	protein_coding	NA
ENSG00000167578	RAB4B	protein_coding	NA
ENSG00000167595	PROSER3	protein_coding	NA
ENSG00000167600	CYP2S1	protein_coding	NA
ENSG00000167601	AXL	protein_coding	NA
ENSG00000167608	TMC4	protein_coding	NA
ENSG00000167612	ANKRD33	protein_coding	NA
ENSG00000167613	LAIR1	protein_coding	NA
ENSG00000167614	TTYH1	protein_coding	NA
ENSG00000167615	LENG8	protein_coding	NA
ENSG00000167618	LAIR2	protein_coding	NA
ENSG00000167632	TRAPPC9	protein_coding	NA
ENSG00000167635	ZNF146	protein_coding	NA
ENSG00000167637	ZNF283	protein_coding	NA
ENSG00000167641	PPP1R14A	protein_coding	NA
ENSG00000167642	SPINT2	protein_coding	NA
ENSG00000167644	C19orf33	protein_coding	NA
ENSG00000167645	YIF1B	protein_coding	NA
ENSG00000167653	PSCA	protein_coding	NA
ENSG00000167656	LY6D	protein_coding	NA
ENSG00000167657	DAPK3	protein_coding	NA
ENSG00000167658	EEF2	protein_coding	NA
ENSG00000167664	TMIGD2	protein_coding	NA
ENSG00000167670	CHAF1A	protein_coding	NA
ENSG00000167671	UBXN6	protein_coding	NA
ENSG00000167674	HDGFL2	protein_coding	NA
ENSG00000167699	GLOD4	protein_coding	NA
ENSG00000167700	MFSD3	protein_coding	NA
ENSG00000167703	SLC43A2	protein_coding	NA
ENSG00000167705	RILP	protein_coding	NA
ENSG00000167720	SRR	protein_coding	NA
ENSG00000167721	TSR1	protein_coding	NA
ENSG00000167733	HSD11B1L	protein_coding	NA
ENSG00000167740	CYB5D2	protein_coding	NA
ENSG00000167766	ZNF83	protein_coding	NA
ENSG00000167767	KRT80	protein_coding	NA
ENSG00000167770	OTUB1	protein_coding	NA
ENSG00000167772	ANGPTL4	protein_coding	NA
ENSG00000167775	CD320	protein_coding	NA
ENSG00000167778	SPRYD3	protein_coding	NA
ENSG00000167779	IGFBP6	protein_coding	NA
ENSG00000167785	ZNF558	protein_coding	NA
ENSG00000167792	NDUFV1	protein_coding	NA
ENSG00000167797	CDK2AP2	protein_coding	NA
ENSG00000167799	NUDT8	protein_coding	NA
ENSG00000167815	PRDX2	protein_coding	NA
ENSG00000167840	ZNF232	protein_coding	NA
ENSG00000167842	MIS12	protein_coding	NA
ENSG00000167850	CD300C	protein_coding	NA
ENSG00000167851	CD300A	protein_coding	NA
ENSG00000167861	HID1	protein_coding	NA
ENSG00000167862	MRPL58	protein_coding	NA
ENSG00000167863	ATP5PD	protein_coding	NA
ENSG00000167874	TMEM88	protein_coding	NA
ENSG00000167881	SRP68	protein_coding	NA
ENSG00000167895	TMC8	protein_coding	NA
ENSG00000167900	TK1	protein_coding	NA
ENSG00000167904	TMEM68	protein_coding	NA
ENSG00000167912	TOX-DT	lncRNA	NA
ENSG00000167920	KRT10-AS1	lncRNA	NA
ENSG00000167930	FAM234A	protein_coding	NA
ENSG00000167962	ZNF598	protein_coding	NA
ENSG00000167965	MLST8	protein_coding	NA
ENSG00000167967	E4F1	protein_coding	NA
ENSG00000167969	ECI1	protein_coding	NA
ENSG00000167977	KCTD5	protein_coding	NA
ENSG00000167978	SRRM2	protein_coding	NA
ENSG00000167981	ZNF597	protein_coding	NA
ENSG00000167985	SDHAF2	protein_coding	NA
ENSG00000167986	DDB1	protein_coding	NA
ENSG00000167987	VPS37C	protein_coding	NA
ENSG00000167996	FTH1	protein_coding	NA
ENSG00000168000	BSCL2	protein_coding	NA
ENSG00000168002	POLR2G	protein_coding	NA
ENSG00000168003	SLC3A2	protein_coding	NA
ENSG00000168005	SPINDOC	protein_coding	NA
ENSG00000168010	ATG16L2	protein_coding	NA
ENSG00000168014	C2CD3	protein_coding	NA
ENSG00000168016	TRANK1	protein_coding	NA
ENSG00000168028	RPSA	protein_coding	NA
ENSG00000168036	CTNNB1	protein_coding	NA
ENSG00000168038	ULK4	protein_coding	NA
ENSG00000168040	FADD	protein_coding	NA
ENSG00000168056	LTBP3	protein_coding	NA
ENSG00000168060	NAALADL1	protein_coding	NA
ENSG00000168061	SAC3D1	protein_coding	NA
ENSG00000168062	BATF2	protein_coding	NA
ENSG00000168065	SLC22A11	protein_coding	NA
ENSG00000168066	SF1	protein_coding	NA
ENSG00000168067	MAP4K2	protein_coding	NA
ENSG00000168071	CCDC88B	protein_coding	NA
ENSG00000168077	SCARA3	protein_coding	NA
ENSG00000168078	PBK	protein_coding	NA
ENSG00000168090	COPS6	protein_coding	NA
ENSG00000168092	PAFAH1B2	protein_coding	NA
ENSG00000168096	ANKS3	protein_coding	NA
ENSG00000168101	NUDT16L1	protein_coding	NA
ENSG00000168116	KIAA1586	protein_coding	NA
ENSG00000168118	RAB4A	protein_coding	NA
ENSG00000168137	SETD5	protein_coding	NA
ENSG00000168143	FAM83B	protein_coding	NA
ENSG00000168152	THAP9	protein_coding	NA
ENSG00000168159	RNF187	protein_coding	NA
ENSG00000168172	HOOK3	protein_coding	NA
ENSG00000168175	MAPK1IP1L	protein_coding	NA
ENSG00000168209	DDIT4	protein_coding	NA
ENSG00000168214	RBPJ	protein_coding	NA
ENSG00000168216	LMBRD1	protein_coding	NA
ENSG00000168228	ZCCHC4	protein_coding	NA
ENSG00000168237	GLYCTK	protein_coding	NA
ENSG00000168246	UBTD2	protein_coding	NA
ENSG00000168255	POLR2J3	protein_coding	NA
ENSG00000168256	NKIRAS2	protein_coding	NA
ENSG00000168259	DNAJC7	protein_coding	NA
ENSG00000168264	IRF2BP2	protein_coding	NA
ENSG00000168268	NT5DC2	protein_coding	NA
ENSG00000168273	UQCC5	protein_coding	NA
ENSG00000168275	COA6	protein_coding	NA
ENSG00000168283	BMI1	protein_coding	NA
ENSG00000168288	MMADHC	protein_coding	NA
ENSG00000168291	PDHB	protein_coding	NA
ENSG00000168297	PXK	protein_coding	NA
ENSG00000168300	PCMTD1	protein_coding	NA
ENSG00000168301	KCTD6	protein_coding	NA
ENSG00000168303	MPLKIP	protein_coding	NA
ENSG00000168306	ACOX2	protein_coding	NA
ENSG00000168309	FAM107A	protein_coding	NA
ENSG00000168310	IRF2	protein_coding	NA
ENSG00000168350	DEGS2	protein_coding	NA
ENSG00000168374	ARF4	protein_coding	NA
ENSG00000168385	SEPTIN2	protein_coding	NA
ENSG00000168386	FILIP1L	protein_coding	NA
ENSG00000168389	MFSD2A	protein_coding	NA
ENSG00000168393	DTYMK	protein_coding	NA
ENSG00000168394	TAP1	protein_coding	NA
ENSG00000168395	ING5	protein_coding	NA
ENSG00000168397	ATG4B	protein_coding	NA
ENSG00000168398	BDKRB2	protein_coding	NA
ENSG00000168404	MLKL	protein_coding	NA
ENSG00000168405	CMAHP	lncRNA	NA
ENSG00000168411	RFWD3	protein_coding	NA
ENSG00000168434	COG7	protein_coding	NA
ENSG00000168438	CDC40	protein_coding	NA
ENSG00000168439	STIP1	protein_coding	NA
ENSG00000168447	SCNN1B	protein_coding	NA
ENSG00000168461	RAB31	protein_coding	NA
ENSG00000168476	REEP4	protein_coding	NA
ENSG00000168487	BMP1	protein_coding	NA
ENSG00000168488	ATXN2L	protein_coding	NA
ENSG00000168495	POLR3D	protein_coding	NA
ENSG00000168496	FEN1	protein_coding	NA
ENSG00000168497	CAVIN2	protein_coding	NA
ENSG00000168517	HEXIM2	protein_coding	NA
ENSG00000168522	FNTA	protein_coding	NA
ENSG00000168528	SERINC2	protein_coding	NA
ENSG00000168538	TRAPPC11	protein_coding	NA
ENSG00000168542	COL3A1	protein_coding	NA
ENSG00000168556	ING2	protein_coding	NA
ENSG00000168564	CDKN2AIP	protein_coding	NA
ENSG00000168566	SNRNP48	protein_coding	NA
ENSG00000168569		protein_coding	NA
ENSG00000168575	SLC20A2	protein_coding	NA
ENSG00000168589	DYNLRB2	protein_coding	NA
ENSG00000168591	TMUB2	protein_coding	NA
ENSG00000168610	STAT3	protein_coding	NA
ENSG00000168612	ZSWIM1	protein_coding	NA
ENSG00000168615	ADAM9	protein_coding	NA
ENSG00000168646	AXIN2	protein_coding	NA
ENSG00000168653	NDUFS5	protein_coding	NA
ENSG00000168661	ZNF30	protein_coding	NA
ENSG00000168675	LDLRAD4	protein_coding	NA
ENSG00000168679	SLC16A4	protein_coding	NA
ENSG00000168701	TMEM208	protein_coding	NA
ENSG00000168710	AHCYL1	protein_coding	NA
ENSG00000168724	DNAJC21	protein_coding	NA
ENSG00000168734	PKIG	protein_coding	NA
ENSG00000168754	FAM178B	protein_coding	NA
ENSG00000168763	CNNM3	protein_coding	NA
ENSG00000168765	GSTM4	protein_coding	NA
ENSG00000168769	TET2	protein_coding	NA
ENSG00000168778	TCTN2	protein_coding	NA
ENSG00000168785	TSPAN5	protein_coding	NA
ENSG00000168792	ABHD15	protein_coding	NA
ENSG00000168802	CHTF8	protein_coding	NA
ENSG00000168803	ADAL	protein_coding	NA
ENSG00000168807	SNTB2	protein_coding	NA
ENSG00000168813	ZNF507	protein_coding	NA
ENSG00000168818	STX18	protein_coding	NA
ENSG00000168824	NSG1	protein_coding	NA
ENSG00000168872	DDX19A	protein_coding	NA
ENSG00000168874	ATOH8	protein_coding	NA
ENSG00000168876	ANKRD49	protein_coding	NA
ENSG00000168883	USP39	protein_coding	NA
ENSG00000168884	TNIP2	protein_coding	NA
ENSG00000168887	C2orf68	protein_coding	NA
ENSG00000168890	TMEM150A	protein_coding	NA
ENSG00000168894	RNF181	protein_coding	NA
ENSG00000168899	VAMP5	protein_coding	NA
ENSG00000168904	LRRC28	protein_coding	NA
ENSG00000168906	MAT2A	protein_coding	NA
ENSG00000168917	SLC35G2	protein_coding	NA
ENSG00000168918	INPP5D	protein_coding	NA
ENSG00000168924	LETM1	protein_coding	NA
ENSG00000168936	TMEM129	protein_coding	NA
ENSG00000168938	PPIC	protein_coding	NA
ENSG00000168944	CEP120	protein_coding	NA
ENSG00000168952	STXBP6	protein_coding	NA
ENSG00000168958	MFF	protein_coding	NA
ENSG00000168961	LGALS9	protein_coding	NA
ENSG00000168994	PXDC1	protein_coding	NA
ENSG00000168995	SIGLEC7	protein_coding	NA
ENSG00000169019	COMMD8	protein_coding	NA
ENSG00000169020	ATP5ME	protein_coding	NA
ENSG00000169021	UQCRFS1	protein_coding	NA
ENSG00000169032	MAP2K1	protein_coding	NA
ENSG00000169045	HNRNPH1	protein_coding	NA
ENSG00000169047	IRS1	protein_coding	NA
ENSG00000169057	MECP2	protein_coding	NA
ENSG00000169062	UPF3A	protein_coding	NA
ENSG00000169084	DHRSX	protein_coding	NA
ENSG00000169087	HSPBAP1	protein_coding	NA
ENSG00000169093	ASMTL	protein_coding	NA
ENSG00000169100	SLC25A6	protein_coding	NA
ENSG00000169116	PARM1	protein_coding	NA
ENSG00000169118	CSNK1G1	protein_coding	NA
ENSG00000169129	AFAP1L2	protein_coding	NA
ENSG00000169131	ZNF354A	protein_coding	NA
ENSG00000169136	ATF5	protein_coding	NA
ENSG00000169139	UBE2V2	protein_coding	NA
ENSG00000169155	ZBTB43	protein_coding	NA
ENSG00000169169	CPT1C	protein_coding	NA
ENSG00000169180	XPO6	protein_coding	NA
ENSG00000169188	APEX2	protein_coding	NA
ENSG00000169189	NSMCE1	protein_coding	NA
ENSG00000169193	CCDC126	protein_coding	NA
ENSG00000169213	RAB3B	protein_coding	NA
ENSG00000169217	CD2BP2	protein_coding	NA
ENSG00000169220	RGS14	protein_coding	NA
ENSG00000169223	LMAN2	protein_coding	NA
ENSG00000169228	RAB24	protein_coding	NA
ENSG00000169230	PRELID1	protein_coding	NA
ENSG00000169231	THBS3	protein_coding	NA
ENSG00000169241	SLC50A1	protein_coding	NA
ENSG00000169242	EFNA1	protein_coding	NA
ENSG00000169245	CXCL10	protein_coding	NA
ENSG00000169247	SH3TC2	protein_coding	NA
ENSG00000169248	CXCL11	protein_coding	NA
ENSG00000169249	ZRSR2	protein_coding	NA
ENSG00000169251	NMD3	protein_coding	NA
ENSG00000169255	B3GALNT1	protein_coding	NA
ENSG00000169282	KCNAB1	protein_coding	NA
ENSG00000169288	MRPL1	protein_coding	NA
ENSG00000169299	PGM2	protein_coding	NA
ENSG00000169313	P2RY12	protein_coding	NA
ENSG00000169359	SLC33A1	protein_coding	NA
ENSG00000169371	SNUPN	protein_coding	NA
ENSG00000169372	CRADD	protein_coding	NA
ENSG00000169375	SIN3A	protein_coding	NA
ENSG00000169379	ARL13B	protein_coding	NA
ENSG00000169385	RNASE2	protein_coding	NA
ENSG00000169398	PTK2	protein_coding	NA
ENSG00000169403	PTAFR	protein_coding	NA
ENSG00000169410	PTPN9	protein_coding	NA
ENSG00000169413	RNASE6	protein_coding	NA
ENSG00000169418	NPR1	protein_coding	NA
ENSG00000169429	CXCL8	protein_coding	NA
ENSG00000169432	SCN9A	protein_coding	NA
ENSG00000169435	RASSF6	protein_coding	NA
ENSG00000169439	SDC2	protein_coding	NA
ENSG00000169442	CD52	protein_coding	NA
ENSG00000169446	MMGT1	protein_coding	NA
ENSG00000169490	TM2D2	protein_coding	NA
ENSG00000169495	HTRA4	protein_coding	NA
ENSG00000169504	CLIC4	protein_coding	NA
ENSG00000169508	GPR183	protein_coding	NA
ENSG00000169509	CRCT1	protein_coding	NA
ENSG00000169519	METTL15	protein_coding	NA
ENSG00000169550	MUC15	protein_coding	NA
ENSG00000169554	ZEB2	protein_coding	NA
ENSG00000169567	HINT1	protein_coding	NA
ENSG00000169583	CLIC3	protein_coding	NA
ENSG00000169592	INO80E	protein_coding	NA
ENSG00000169598	DFFB	protein_coding	NA
ENSG00000169599	NFU1	protein_coding	NA
ENSG00000169604	ANTXR1	protein_coding	NA
ENSG00000169605	GKN1	protein_coding	NA
ENSG00000169607	CKAP2L	protein_coding	NA
ENSG00000169609	C15orf40	protein_coding	NA
ENSG00000169612	RAMAC	protein_coding	NA
ENSG00000169621	APLF	protein_coding	NA
ENSG00000169641	LUZP1	protein_coding	NA
ENSG00000169660	HEXD	protein_coding	NA
ENSG00000169679	BUB1	protein_coding	NA
ENSG00000169682	SPNS1	protein_coding	NA
ENSG00000169689	CENPX	protein_coding	NA
ENSG00000169692	AGPAT2	protein_coding	NA
ENSG00000169696	ASPSCR1	protein_coding	NA
ENSG00000169714	CNBP	protein_coding	NA
ENSG00000169715	MT1E	protein_coding	NA
ENSG00000169718	DUS1L	protein_coding	NA
ENSG00000169727	GPS1	protein_coding	NA
ENSG00000169738	DCXR	protein_coding	NA
ENSG00000169740	ZNF32	protein_coding	NA
ENSG00000169744	LDB2	protein_coding	NA
ENSG00000169750	RAC3	protein_coding	NA
ENSG00000169756	LIMS1	protein_coding	NA
ENSG00000169762	TAPT1	protein_coding	NA
ENSG00000169764	UGP2	protein_coding	NA
ENSG00000169813	HNRNPF	protein_coding	NA
ENSG00000169814	BTD	protein_coding	NA
ENSG00000169826	CSGALNACT2	protein_coding	NA
ENSG00000169857	AVEN	protein_coding	NA
ENSG00000169877	AHSP	protein_coding	NA
ENSG00000169891	REPS2	protein_coding	NA
ENSG00000169895	SYAP1	protein_coding	NA
ENSG00000169902	TPST1	protein_coding	NA
ENSG00000169905	TOR1AIP2	protein_coding	NA
ENSG00000169908	TM4SF1	protein_coding	NA
ENSG00000169914	OTUD3	protein_coding	NA
ENSG00000169919	GUSB	protein_coding	NA
ENSG00000169925	BRD3	protein_coding	NA
ENSG00000169951	ZNF764	protein_coding	NA
ENSG00000169957	ZNF768	protein_coding	NA
ENSG00000169964	TMEM42	protein_coding	NA
ENSG00000169967	MAP3K2	protein_coding	NA
ENSG00000169972	PUSL1	protein_coding	NA
ENSG00000169981	ZNF35	protein_coding	NA
ENSG00000169994	MYO7B	protein_coding	NA
ENSG00000170004	CHD3	protein_coding	NA
ENSG00000170006	TMEM154	protein_coding	NA
ENSG00000170017	ALCAM	protein_coding	NA
ENSG00000170027	YWHAG	protein_coding	NA
ENSG00000170035	UBE2E3	protein_coding	NA
ENSG00000170037	CNTROB	protein_coding	NA
ENSG00000170043	TRAPPC1	protein_coding	NA
ENSG00000170085	SIMC1	protein_coding	NA
ENSG00000170088	TMEM192	protein_coding	NA
ENSG00000170099	SERPINA6	protein_coding	NA
ENSG00000170100	ZNF778	protein_coding	NA
ENSG00000170142	UBE2E1	protein_coding	NA
ENSG00000170144	HNRNPA3	protein_coding	NA
ENSG00000170160	CCDC144A	protein_coding	NA
ENSG00000170161	FAM88B	lncRNA	NA
ENSG00000170175	CHRNB1	protein_coding	NA
ENSG00000170180	GYPA	protein_coding	NA
ENSG00000170185	USP38	protein_coding	NA
ENSG00000170190	SLC16A5	protein_coding	NA
ENSG00000170191	NANP	protein_coding	NA
ENSG00000170222	ADPRM	protein_coding	NA
ENSG00000170234	PWWP2A	protein_coding	NA
ENSG00000170242	USP47	protein_coding	NA
ENSG00000170248	PDCD6IP	protein_coding	NA
ENSG00000170260	ZNF212	protein_coding	NA
ENSG00000170262	MRAP	protein_coding	NA
ENSG00000170264	FAM161A	protein_coding	NA
ENSG00000170265	ZNF282	protein_coding	NA
ENSG00000170266	GLB1	protein_coding	NA
ENSG00000170270	GON7	protein_coding	NA
ENSG00000170271	FAXDC2	protein_coding	NA
ENSG00000170275	CRTAP	protein_coding	NA
ENSG00000170276	HSPB2	protein_coding	NA
ENSG00000170279	C7orf33	protein_coding	NA
ENSG00000170290	SLN	protein_coding	NA
ENSG00000170291	ELP5	protein_coding	NA
ENSG00000170293	CMTM8	protein_coding	NA
ENSG00000170296	GABARAP	protein_coding	NA
ENSG00000170310	STX8	protein_coding	NA
ENSG00000170312	CDK1	protein_coding	NA
ENSG00000170315	UBB	protein_coding	NA
ENSG00000170322	NFRKB	protein_coding	NA
ENSG00000170323	FABP4	protein_coding	NA
ENSG00000170340	B3GNT2	protein_coding	NA
ENSG00000170345	FOS	protein_coding	NA
ENSG00000170348	TMED10	protein_coding	NA
ENSG00000170364	SETMAR	protein_coding	NA
ENSG00000170365	SMAD1	protein_coding	NA
ENSG00000170367	CST5	protein_coding	NA
ENSG00000170369	CST2	protein_coding	NA
ENSG00000170373	CST1	protein_coding	NA
ENSG00000170379	TCAF2	protein_coding	NA
ENSG00000170381	SEMA3E	protein_coding	NA
ENSG00000170385	SLC30A1	protein_coding	NA
ENSG00000170412	GPRC5C	protein_coding	NA
ENSG00000170417	TMEM182	protein_coding	NA
ENSG00000170421	KRT8	protein_coding	NA
ENSG00000170425	ADORA2B	protein_coding	NA
ENSG00000170430	MGMT	protein_coding	NA
ENSG00000170439	TMT1B	protein_coding	NA
ENSG00000170442	KRT86	protein_coding	NA
ENSG00000170445	HARS1	protein_coding	NA
ENSG00000170448	NFXL1	protein_coding	NA
ENSG00000170458	CD14	protein_coding	NA
ENSG00000170464	DNAJC18	protein_coding	NA
ENSG00000170469	SPATA24	protein_coding	NA
ENSG00000170471	RALGAPB	protein_coding	NA
ENSG00000170473	PYM1	protein_coding	NA
ENSG00000170476	MZB1	protein_coding	NA
ENSG00000170485	NPAS2	protein_coding	NA
ENSG00000170498	KISS1	protein_coding	NA
ENSG00000170502	NUDT9	protein_coding	NA
ENSG00000170515	PA2G4	protein_coding	NA
ENSG00000170516	COX7B2	protein_coding	NA
ENSG00000170522	ELOVL6	protein_coding	NA
ENSG00000170540	ARL6IP1	protein_coding	NA
ENSG00000170542	SERPINB9	protein_coding	NA
ENSG00000170545	SMAGP	protein_coding	NA
ENSG00000170571	EMB	protein_coding	NA
ENSG00000170579	DLGAP1	protein_coding	NA
ENSG00000170581	STAT2	protein_coding	NA
ENSG00000170584	NUDCD2	protein_coding	NA
ENSG00000170606	HSPA4	protein_coding	NA
ENSG00000170619	COMMD5	protein_coding	NA
ENSG00000170627	GTSF1	protein_coding	NA
ENSG00000170631	ZNF16	protein_coding	NA
ENSG00000170632	ARMC10	protein_coding	NA
ENSG00000170633	RNF34	protein_coding	NA
ENSG00000170634	ACYP2	protein_coding	NA
ENSG00000170638	TRABD	protein_coding	NA
ENSG00000170653	ATF7	protein_coding	NA
ENSG00000170677	SOCS6	protein_coding	NA
ENSG00000170734	POLH	protein_coding	NA
ENSG00000170759	KIF5B	protein_coding	NA
ENSG00000170776	AKAP13	protein_coding	NA
ENSG00000170779	CDCA4	protein_coding	NA
ENSG00000170791	CHCHD7	protein_coding	NA
ENSG00000170802	FOXN2	protein_coding	NA
ENSG00000170832	USP32	protein_coding	NA
ENSG00000170836	PPM1D	protein_coding	NA
ENSG00000170848	PSG6	protein_coding	NA
ENSG00000170852	KBTBD2	protein_coding	NA
ENSG00000170854	RIOX2	protein_coding	NA
ENSG00000170855	TRIAP1	protein_coding	NA
ENSG00000170860	LSM3	protein_coding	NA
ENSG00000170871	KIAA0232	protein_coding	NA
ENSG00000170873	MTSS1	protein_coding	NA
ENSG00000170876	TMEM43	protein_coding	NA
ENSG00000170881	RNF139	protein_coding	NA
ENSG00000170889	RPS9	protein_coding	NA
ENSG00000170891	CYTL1	protein_coding	NA
ENSG00000170892	TSEN34	protein_coding	NA
ENSG00000170899	GSTA4	protein_coding	NA
ENSG00000170903	MSANTD4	protein_coding	NA
ENSG00000170906	NDUFA3	protein_coding	NA
ENSG00000170917	NUDT6	protein_coding	NA
ENSG00000170919	TPT1-AS1	lncRNA	NA
ENSG00000170946	DNAJC24	protein_coding	NA
ENSG00000170949	ZNF160	protein_coding	NA
ENSG00000170954	ZNF415	protein_coding	NA
ENSG00000170955	CAVIN3	protein_coding	NA
ENSG00000170956	CEACAM3	protein_coding	NA
ENSG00000170961	HAS2	protein_coding	NA
ENSG00000170962	PDGFD	protein_coding	NA
ENSG00000170965	PLAC1	protein_coding	NA
ENSG00000170989	S1PR1	protein_coding	NA
ENSG00000171004	HS6ST2	protein_coding	NA
ENSG00000171016	PYGO1	protein_coding	NA
ENSG00000171049	FPR2	protein_coding	NA
ENSG00000171051	FPR1	protein_coding	NA
ENSG00000171055	FEZ2	protein_coding	NA
ENSG00000171067	C11orf24	protein_coding	NA
ENSG00000171097	KYAT1	protein_coding	NA
ENSG00000171100	MTM1	protein_coding	NA
ENSG00000171103	TRMT61B	protein_coding	NA
ENSG00000171105	INSR	protein_coding	NA
ENSG00000171109	MFN1	protein_coding	NA
ENSG00000171115	GIMAP8	protein_coding	NA
ENSG00000171121	KCNMB3	protein_coding	NA
ENSG00000171130	ATP6V0E2	protein_coding	NA
ENSG00000171132	PRKCE	protein_coding	NA
ENSG00000171135	JAGN1	protein_coding	NA
ENSG00000171136	RLN3	protein_coding	NA
ENSG00000171148	TADA3	protein_coding	NA
ENSG00000171150	SOCS5	protein_coding	NA
ENSG00000171155	C1GALT1C1	protein_coding	NA
ENSG00000171159	BBLN	protein_coding	NA
ENSG00000171160	MORN4	protein_coding	NA
ENSG00000171161	ZNF672	protein_coding	NA
ENSG00000171163	ZNF692	protein_coding	NA
ENSG00000171169	NAIF1	protein_coding	NA
ENSG00000171174	RBKS	protein_coding	NA
ENSG00000171202	TMEM126A	protein_coding	NA
ENSG00000171204	TMEM126B	protein_coding	NA
ENSG00000171206	TRIM8	protein_coding	NA
ENSG00000171219	CDC42BPG	protein_coding	NA
ENSG00000171222	SCAND1	protein_coding	NA
ENSG00000171224	FAM241B	protein_coding	NA
ENSG00000171227	TMEM37	protein_coding	NA
ENSG00000171236	LRG1	protein_coding	NA
ENSG00000171262	FAM98B	protein_coding	NA
ENSG00000171291	ZNF439	protein_coding	NA
ENSG00000171295	ZNF440	protein_coding	NA
ENSG00000171298	GAA	protein_coding	NA
ENSG00000171302	CANT1	protein_coding	NA
ENSG00000171307	ZDHHC16	protein_coding	NA
ENSG00000171310	CHST11	protein_coding	NA
ENSG00000171311	EXOSC1	protein_coding	NA
ENSG00000171314	PGAM1	protein_coding	NA
ENSG00000171316	CHD7	protein_coding	NA
ENSG00000171320	ESCO2	protein_coding	NA
ENSG00000171345	KRT19	protein_coding	NA
ENSG00000171346	KRT15	protein_coding	NA
ENSG00000171357	LURAP1	protein_coding	NA
ENSG00000171365	CLCN5	protein_coding	NA
ENSG00000171402	XAGE3	protein_coding	NA
ENSG00000171405	XAGE5	protein_coding	NA
ENSG00000171408	PDE7B	protein_coding	NA
ENSG00000171421	MRPL36	protein_coding	NA
ENSG00000171425	ZNF581	protein_coding	NA
ENSG00000171428	NAT1	protein_coding	NA
ENSG00000171443	ZNF524	protein_coding	NA
ENSG00000171446	KRT27	protein_coding	NA
ENSG00000171448	ZBTB26	protein_coding	NA
ENSG00000171451	DSEL	protein_coding	NA
ENSG00000171453	POLR1C	protein_coding	NA
ENSG00000171456	ASXL1	protein_coding	NA
ENSG00000171462	DLK2	protein_coding	NA
ENSG00000171466	ZNF562	protein_coding	NA
ENSG00000171467	ZNF318	protein_coding	NA
ENSG00000171469	ZNF561	protein_coding	NA
ENSG00000171475	WIPF2	protein_coding	NA
ENSG00000171476	HOPX	protein_coding	NA
ENSG00000171490	RSL1D1	protein_coding	NA
ENSG00000171497	PPID	protein_coding	NA
ENSG00000171503	ETFDH	protein_coding	NA
ENSG00000171509	RXFP1	protein_coding	NA
ENSG00000171530	TBCA	protein_coding	NA
ENSG00000171552	BCL2L1	protein_coding	NA
ENSG00000171557	FGG	protein_coding	NA
ENSG00000171566	PLRG1	protein_coding	NA
ENSG00000171570	RAB4B-EGLN2	protein_coding	NA
ENSG00000171603	CLSTN1	protein_coding	NA
ENSG00000171604	CXXC5	protein_coding	NA
ENSG00000171606	ZNF274	protein_coding	NA
ENSG00000171612	SLC25A33	protein_coding	NA
ENSG00000171617	ENC1	protein_coding	NA
ENSG00000171621	SPSB1	protein_coding	NA
ENSG00000171631	P2RY6	protein_coding	NA
ENSG00000171634	BPTF	protein_coding	NA
ENSG00000171643	S100Z	protein_coding	NA
ENSG00000171659	GPR34	protein_coding	NA
ENSG00000171680	PLEKHG5	protein_coding	NA
ENSG00000171681	ATF7IP	protein_coding	NA
ENSG00000171695	LKAAEAR1	protein_coding	NA
ENSG00000171700	RGS19	protein_coding	NA
ENSG00000171703	TCEA2	protein_coding	NA
ENSG00000171720	HDAC3	protein_coding	NA
ENSG00000171723	GPHN	protein_coding	NA
ENSG00000171729	TMEM51	protein_coding	NA
ENSG00000171735	CAMTA1	protein_coding	NA
ENSG00000171747	LGALS4	protein_coding	NA
ENSG00000171757	LRRC34	protein_coding	NA
ENSG00000171763	AFG2B	protein_coding	NA
ENSG00000171766	GATM	protein_coding	NA
ENSG00000171772	SYCE1	protein_coding	NA
ENSG00000171791	BCL2	protein_coding	NA
ENSG00000171792	RHNO1	protein_coding	NA
ENSG00000171793	CTPS1	protein_coding	NA
ENSG00000171806	METTL18	protein_coding	NA
ENSG00000171813	PWWP2B	protein_coding	NA
ENSG00000171817	ZNF540	protein_coding	NA
ENSG00000171824	EXOSC10	protein_coding	NA
ENSG00000171827	ZNF570	protein_coding	NA
ENSG00000171840	NINJ2	protein_coding	NA
ENSG00000171843	MLLT3	protein_coding	NA
ENSG00000171848	RRM2	protein_coding	NA
ENSG00000171853	TRAPPC12	protein_coding	NA
ENSG00000171858	RPS21	protein_coding	NA
ENSG00000171860	C3AR1	protein_coding	NA
ENSG00000171861	MRM3	protein_coding	NA
ENSG00000171862	PTEN	protein_coding	NA
ENSG00000171863	RPS7	protein_coding	NA
ENSG00000171865	RNASEH1	protein_coding	NA
ENSG00000171867	PRNP	protein_coding	NA
ENSG00000171914	TLN2	protein_coding	NA
ENSG00000171928	TVP23B	protein_coding	NA
ENSG00000171940	ZNF217	protein_coding	NA
ENSG00000171943	SRGAP2C	protein_coding	NA
ENSG00000171953	ATPAF2	protein_coding	NA
ENSG00000171960	PPIH	protein_coding	NA
ENSG00000171970	ZNF57	protein_coding	NA
ENSG00000171984	SHLD1	protein_coding	NA
ENSG00000171988	JMJD1C	protein_coding	NA
ENSG00000171992	SYNPO	protein_coding	NA
ENSG00000172005	MAL	protein_coding	NA
ENSG00000172006	ZNF554	protein_coding	NA
ENSG00000172007	RAB33B	protein_coding	NA
ENSG00000172009	THOP1	protein_coding	NA
ENSG00000172020	GAP43	protein_coding	NA
ENSG00000172031	EPHX4	protein_coding	NA
ENSG00000172037	LAMB2	protein_coding	NA
ENSG00000172046	USP19	protein_coding	NA
ENSG00000172053	QARS1	protein_coding	NA
ENSG00000172057	ORMDL3	protein_coding	NA
ENSG00000172062	SMN1	protein_coding	NA
ENSG00000172071	EIF2AK3	protein_coding	NA
ENSG00000172081	MOB3A	protein_coding	NA
ENSG00000172086	KRCC1	protein_coding	NA
ENSG00000172113	NME6	protein_coding	NA
ENSG00000172115	CYCS	protein_coding	NA
ENSG00000172123	SLFN12	protein_coding	NA
ENSG00000172156	CCL11	protein_coding	NA
ENSG00000172159	FRMD3	protein_coding	NA
ENSG00000172167	MTBP	protein_coding	NA
ENSG00000172171	TEFM	protein_coding	NA
ENSG00000172172	MRPL13	protein_coding	NA
ENSG00000172175	MALT1	protein_coding	NA
ENSG00000172179	PRL	protein_coding	NA
ENSG00000172183	ISG20	protein_coding	NA
ENSG00000172201	ID4	protein_coding	NA
ENSG00000172215	CXCR6	protein_coding	NA
ENSG00000172216	CEBPB	protein_coding	NA
ENSG00000172232	AZU1	protein_coding	NA
ENSG00000172236	TPSAB1	protein_coding	NA
ENSG00000172239	PAIP1	protein_coding	NA
ENSG00000172243	CLEC7A	protein_coding	NA
ENSG00000172244	C5orf34	protein_coding	NA
ENSG00000172262	ZNF131	protein_coding	NA
ENSG00000172269	DPAGT1	protein_coding	NA
ENSG00000172270	BSG	protein_coding	NA
ENSG00000172273	HINFP	protein_coding	NA
ENSG00000172296	SPTLC3	protein_coding	NA
ENSG00000172301	COPRS	protein_coding	NA
ENSG00000172315	TP53RK	protein_coding	NA
ENSG00000172322	CLEC12A	protein_coding	NA
ENSG00000172331	BPGM	protein_coding	NA
ENSG00000172336	POP7	protein_coding	NA
ENSG00000172339	ALG14	protein_coding	NA
ENSG00000172340	SUCLG2	protein_coding	NA
ENSG00000172345	STARD5	protein_coding	NA
ENSG00000172349	IL16	protein_coding	NA
ENSG00000172354	GNB2	protein_coding	NA
ENSG00000172366	MCRIP2	protein_coding	NA
ENSG00000172379	ARNT2	protein_coding	NA
ENSG00000172380	GNG12	protein_coding	NA
ENSG00000172382	PRSS27	protein_coding	NA
ENSG00000172399	MYOZ2	protein_coding	NA
ENSG00000172403	SYNPO2	protein_coding	NA
ENSG00000172409	CLP1	protein_coding	NA
ENSG00000172426	RSPH9	protein_coding	NA
ENSG00000172428	COPS9	protein_coding	NA
ENSG00000172432	GTPBP2	protein_coding	NA
ENSG00000172456	FGGY	protein_coding	NA
ENSG00000172465	TCEAL1	protein_coding	NA
ENSG00000172466	ZNF24	protein_coding	NA
ENSG00000172469	MANEA	protein_coding	NA
ENSG00000172482	AGXT	protein_coding	NA
ENSG00000172493	AFF1	protein_coding	NA
ENSG00000172500	FIBP	protein_coding	NA
ENSG00000172530	BANP	protein_coding	NA
ENSG00000172531	PPP1CA	protein_coding	NA
ENSG00000172534	HCFC1	protein_coding	NA
ENSG00000172543	CTSW	protein_coding	NA
ENSG00000172551	MUCL1	protein_coding	NA
ENSG00000172572	PDE3A	protein_coding	NA
ENSG00000172575	RASGRP1	protein_coding	NA
ENSG00000172578	KLHL6	protein_coding	NA
ENSG00000172586	CHCHD1	protein_coding	NA
ENSG00000172590	MRPL52	protein_coding	NA
ENSG00000172594	SMPDL3A	protein_coding	NA
ENSG00000172613	RAD9A	protein_coding	NA
ENSG00000172638	EFEMP2	protein_coding	NA
ENSG00000172661	WASHC2C	protein_coding	NA
ENSG00000172663	TMEM134	protein_coding	NA
ENSG00000172687	ZNF738	protein_coding	NA
ENSG00000172725	CORO1B	protein_coding	NA
ENSG00000172728	FUT10	protein_coding	NA
ENSG00000172732	MUS81	protein_coding	NA
ENSG00000172748	ZNF596	protein_coding	NA
ENSG00000172757	CFL1	protein_coding	NA
ENSG00000172765	TMCC1	protein_coding	NA
ENSG00000172766	NAA16	protein_coding	NA
ENSG00000172775	PSME3IP1	protein_coding	NA
ENSG00000172780	RAB43	protein_coding	NA
ENSG00000172785	ZNG1A	protein_coding	NA
ENSG00000172795	DCP2	protein_coding	NA
ENSG00000172809	RPL38	protein_coding	NA
ENSG00000172818	OVOL1	protein_coding	NA
ENSG00000172819	RARG	protein_coding	NA
ENSG00000172824	CES4A	protein_coding	NA
ENSG00000172830	SSH3	protein_coding	NA
ENSG00000172831	CES2	protein_coding	NA
ENSG00000172840	PDP2	protein_coding	NA
ENSG00000172845	SP3	protein_coding	NA
ENSG00000172869	DMXL1	protein_coding	NA
ENSG00000172878	METAP1D	protein_coding	NA
ENSG00000172889	EGFL7	protein_coding	NA
ENSG00000172890	NADSYN1	protein_coding	NA
ENSG00000172893	DHCR7	protein_coding	NA
ENSG00000172901	LVRN	protein_coding	NA
ENSG00000172922	RNASEH2C	protein_coding	NA
ENSG00000172932	ANKRD13D	protein_coding	NA
ENSG00000172935	MRGPRF	protein_coding	NA
ENSG00000172936	MYD88	protein_coding	NA
ENSG00000172939	OXSR1	protein_coding	NA
ENSG00000172943	PHF8	protein_coding	NA
ENSG00000172954	LCLAT1	protein_coding	NA
ENSG00000172965	MIR4435-2HG	lncRNA	NA
ENSG00000172977	KAT5	protein_coding	NA
ENSG00000172985	SH3RF3	protein_coding	NA
ENSG00000172992	DCAKD	protein_coding	NA
ENSG00000173020	GRK2	protein_coding	NA
ENSG00000173039	RELA	protein_coding	NA
ENSG00000173041	ZNF680	protein_coding	NA
ENSG00000173083	HPSE	protein_coding	NA
ENSG00000173085	COQ2	protein_coding	NA
ENSG00000173113	TRMT112	protein_coding	NA
ENSG00000173120	KDM2A	protein_coding	NA
ENSG00000173137	ADCK5	protein_coding	NA
ENSG00000173141	MRPL57	protein_coding	NA
ENSG00000173145	NOC3L	protein_coding	NA
ENSG00000173153	ESRRA	protein_coding	NA
ENSG00000173156	RHOD	protein_coding	NA
ENSG00000173163	COMMD1	protein_coding	NA
ENSG00000173171	MTX1	protein_coding	NA
ENSG00000173193	PARP14	protein_coding	NA
ENSG00000173198	CYSLTR1	protein_coding	NA
ENSG00000173207	CKS1B	protein_coding	NA
ENSG00000173210	ABLIM3	protein_coding	NA
ENSG00000173214	MFSD4B	protein_coding	NA
ENSG00000173218	VANGL1	protein_coding	NA
ENSG00000173221	GLRX	protein_coding	NA
ENSG00000173226	IQCB1	protein_coding	NA
ENSG00000173227	SYT12	protein_coding	NA
ENSG00000173230	GOLGB1	protein_coding	NA
ENSG00000173264	GPR137	protein_coding	NA
ENSG00000173267	SNCG	protein_coding	NA
ENSG00000173269	MMRN2	protein_coding	NA
ENSG00000173272	MZT2A	protein_coding	NA
ENSG00000173273	TNKS	protein_coding	NA
ENSG00000173275	ZNF449	protein_coding	NA
ENSG00000173276	ZBTB21	protein_coding	NA
ENSG00000173281	PPP1R3B	protein_coding	NA
ENSG00000173327	MAP3K11	protein_coding	NA
ENSG00000173334	TRIB1	protein_coding	NA
ENSG00000173369	C1QB	protein_coding	NA
ENSG00000173372	C1QA	protein_coding	NA
ENSG00000173376	NDNF	protein_coding	NA
ENSG00000173391	OLR1	protein_coding	NA
ENSG00000173402	DAG1	protein_coding	NA
ENSG00000173409	ARV1	protein_coding	NA
ENSG00000173418	NAA20	protein_coding	NA
ENSG00000173432	SAA1	protein_coding	NA
ENSG00000173436	MICOS10	protein_coding	NA
ENSG00000173451	THAP2	protein_coding	NA
ENSG00000173457	PPP1R14B	protein_coding	NA
ENSG00000173464		protein_coding	NA
ENSG00000173465	ZNRD2	protein_coding	NA
ENSG00000173467	AGR3	protein_coding	NA
ENSG00000173473	SMARCC1	protein_coding	NA
ENSG00000173480		lncRNA	NA
ENSG00000173482	PTPRM	protein_coding	NA
ENSG00000173486	FKBP2	protein_coding	NA
ENSG00000173511	VEGFB	protein_coding	NA
ENSG00000173530	TNFRSF10D	protein_coding	NA
ENSG00000173531	MST1	protein_coding	NA
ENSG00000173535	TNFRSF10C	protein_coding	NA
ENSG00000173540	GMPPB	protein_coding	NA
ENSG00000173545	ZNF622	protein_coding	NA
ENSG00000173559	NABP1	protein_coding	NA
ENSG00000173575	CHD2	protein_coding	NA
ENSG00000173578	XCR1	protein_coding	NA
ENSG00000173581	CCDC106	protein_coding	NA
ENSG00000173588	CEP83	protein_coding	NA
ENSG00000173598	NUDT4	protein_coding	NA
ENSG00000173599	PC	protein_coding	NA
ENSG00000173614	NMNAT1	protein_coding	NA
ENSG00000173626	TRAPPC3L	protein_coding	NA
ENSG00000173641	HSPB7	protein_coding	NA
ENSG00000173653	RCE1	protein_coding	NA
ENSG00000173660	UQCRH	protein_coding	NA
ENSG00000173674	EIF1AX	protein_coding	NA
ENSG00000173681	BCLAF3	protein_coding	NA
ENSG00000173692	PSMD1	protein_coding	NA
ENSG00000173698	ADGRG2	protein_coding	NA
ENSG00000173706	HEG1	protein_coding	NA
ENSG00000173715	C11orf80	protein_coding	NA
ENSG00000173726	TOMM20	protein_coding	NA
ENSG00000173744	AGFG1	protein_coding	NA
ENSG00000173757	STAT5B	protein_coding	NA
ENSG00000173762	CD7	protein_coding	NA
ENSG00000173786	CNP	protein_coding	NA
ENSG00000173801	JUP	protein_coding	NA
ENSG00000173805	HAP1	protein_coding	NA
ENSG00000173812	EIF1	protein_coding	NA
ENSG00000173818	ENDOV	protein_coding	NA
ENSG00000173821	RNF213	protein_coding	NA
ENSG00000173846	PLK3	protein_coding	NA
ENSG00000173848	NET1	protein_coding	NA
ENSG00000173852	DPY19L1	protein_coding	NA
ENSG00000173875	ZNF791	protein_coding	NA
ENSG00000173889	PHC3	protein_coding	NA
ENSG00000173890	GPR160	protein_coding	NA
ENSG00000173898	SPTBN2	protein_coding	NA
ENSG00000173905	GOLIM4	protein_coding	NA
ENSG00000173914	RBM4B	protein_coding	NA
ENSG00000173915	ATP5MK	protein_coding	NA
ENSG00000173917	HOXB2	protein_coding	NA
ENSG00000173918	C1QTNF1	protein_coding	NA
ENSG00000173926	MARCHF3	protein_coding	NA
ENSG00000173928	SWSAP1	protein_coding	NA
ENSG00000173933	RBM4	protein_coding	NA
ENSG00000173947	CIMAP3	protein_coding	NA
ENSG00000173950	XXYLT1	protein_coding	NA
ENSG00000173960	UBXN2A	protein_coding	NA
ENSG00000173992	CCS	protein_coding	NA
ENSG00000174007	CEP19	protein_coding	NA
ENSG00000174013	FBXO45	protein_coding	NA
ENSG00000174021	GNG5	protein_coding	NA
ENSG00000174059	CD34	protein_coding	NA
ENSG00000174080	CTSF	protein_coding	NA
ENSG00000174099	MSRB3	protein_coding	NA
ENSG00000174106	LEMD3	protein_coding	NA
ENSG00000174109	UQCC4	protein_coding	NA
ENSG00000174132	FAM174A	protein_coding	NA
ENSG00000174151	CYB561D1	protein_coding	NA
ENSG00000174156	GSTA3	protein_coding	NA
ENSG00000174165	ZDHHC24	protein_coding	NA
ENSG00000174173	TRMT10C	protein_coding	NA
ENSG00000174175	SELP	protein_coding	NA
ENSG00000174177	CTU2	protein_coding	NA
ENSG00000174197	MGA	protein_coding	NA
ENSG00000174206	KICS2	protein_coding	NA
ENSG00000174227	PIGG	protein_coding	NA
ENSG00000174231	PRPF8	protein_coding	NA
ENSG00000174233	ADCY6	protein_coding	NA
ENSG00000174243	DDX23	protein_coding	NA
ENSG00000174306	ZHX3	protein_coding	NA
ENSG00000174307	PHLDA3	protein_coding	NA
ENSG00000174348	PODN	protein_coding	NA
ENSG00000174365	SNHG11	lncRNA	NA
ENSG00000174370	KCNJ5-AS1	lncRNA	NA
ENSG00000174371	EXO1	protein_coding	NA
ENSG00000174373	RALGAPA1	protein_coding	NA
ENSG00000174437	ATP2A2	protein_coding	NA
ENSG00000174442	ZWILCH	protein_coding	NA
ENSG00000174444	RPL4	protein_coding	NA
ENSG00000174446	SNAPC5	protein_coding	NA
ENSG00000174456	C12orf76	protein_coding	NA
ENSG00000174469	CNTNAP2	protein_coding	NA
ENSG00000174483	BBS1	protein_coding	NA
ENSG00000174485	DENND4A	protein_coding	NA
ENSG00000174514	MFSD4A	protein_coding	NA
ENSG00000174547	MRPL11	protein_coding	NA
ENSG00000174567	GOLT1A	protein_coding	NA
ENSG00000174574	AKIRIN1	protein_coding	NA
ENSG00000174600	CMKLR1	protein_coding	NA
ENSG00000174606	ANGEL2	protein_coding	NA
ENSG00000174628	IQCK	protein_coding	NA
ENSG00000174640	SLCO2A1	protein_coding	NA
ENSG00000174684	B4GAT1	protein_coding	NA
ENSG00000174695	TMEM167A	protein_coding	NA
ENSG00000174697	LEP	protein_coding	NA
ENSG00000174718	RESF1	protein_coding	NA
ENSG00000174720	LARP7	protein_coding	NA
ENSG00000174738	NR1D2	protein_coding	NA
ENSG00000174744	BRMS1	protein_coding	NA
ENSG00000174748	RPL15	protein_coding	NA
ENSG00000174749	FAM241A	protein_coding	NA
ENSG00000174775	HRAS	protein_coding	NA
ENSG00000174780	SRP72	protein_coding	NA
ENSG00000174792	ODAPH	protein_coding	NA
ENSG00000174796	THAP6	protein_coding	NA
ENSG00000174799	CEP135	protein_coding	NA
ENSG00000174837	ADGRE1	protein_coding	NA
ENSG00000174839	DENND6A	protein_coding	NA
ENSG00000174840	PDE12	protein_coding	NA
ENSG00000174842	GLMN	protein_coding	NA
ENSG00000174851	YIF1A	protein_coding	NA
ENSG00000174886	NDUFA11	protein_coding	NA
ENSG00000174891	RSRC1	protein_coding	NA
ENSG00000174903	RAB1B	protein_coding	NA
ENSG00000174915	PTDSS2	protein_coding	NA
ENSG00000174917	MICOS13	protein_coding	NA
ENSG00000174928	C3orf33	protein_coding	NA
ENSG00000174943	KCTD13	protein_coding	NA
ENSG00000174944	P2RY14	protein_coding	NA
ENSG00000174953	DHX36	protein_coding	NA
ENSG00000174989	FBXW8	protein_coding	NA
ENSG00000174992	ZG16	protein_coding	NA
ENSG00000174996	KLC2	protein_coding	NA
ENSG00000175029	CTBP2	protein_coding	NA
ENSG00000175054	ATR	protein_coding	NA
ENSG00000175061	SNHG29	lncRNA	NA
ENSG00000175063	UBE2C	protein_coding	NA
ENSG00000175066	GK5	protein_coding	NA
ENSG00000175073	VCPIP1	protein_coding	NA
ENSG00000175084	DES	protein_coding	NA
ENSG00000175087	PDIK1L	protein_coding	NA
ENSG00000175104	TRAF6	protein_coding	NA
ENSG00000175105	ZNF654	protein_coding	NA
ENSG00000175106	TVP23C	protein_coding	NA
ENSG00000175110	MRPS22	protein_coding	NA
ENSG00000175130	MARCKSL1	protein_coding	NA
ENSG00000175137	SH3BP5L	protein_coding	NA
ENSG00000175155	YPEL2	protein_coding	NA
ENSG00000175164	ABO	protein_coding	NA
ENSG00000175166	PSMD2	protein_coding	NA
ENSG00000175182	FAM131A	protein_coding	NA
ENSG00000175183	CSRP2	protein_coding	NA
ENSG00000175193	PARL	protein_coding	NA
ENSG00000175197	DDIT3	protein_coding	NA
ENSG00000175198	PCCA	protein_coding	NA
ENSG00000175203	DCTN2	protein_coding	NA
ENSG00000175213	ZNF408	protein_coding	NA
ENSG00000175215	CTDSP2	protein_coding	NA
ENSG00000175216	CKAP5	protein_coding	NA
ENSG00000175220	ARHGAP1	protein_coding	NA
ENSG00000175221	MED16	protein_coding	NA
ENSG00000175224	ATG13	protein_coding	NA
ENSG00000175274	TP53I11	protein_coding	NA
ENSG00000175279	CENPS	protein_coding	NA
ENSG00000175287	PHYHD1	protein_coding	NA
ENSG00000175294	CATSPER1	protein_coding	NA
ENSG00000175305	CCNE2	protein_coding	NA
ENSG00000175309	PHYKPL	protein_coding	NA
ENSG00000175315	CST6	protein_coding	NA
ENSG00000175318	GRAMD2A	protein_coding	NA
ENSG00000175322	ZNF519	protein_coding	NA
ENSG00000175324	LSM1	protein_coding	NA
ENSG00000175334	BANF1	protein_coding	NA
ENSG00000175348	TMEM9B	protein_coding	NA
ENSG00000175354	PTPN2	protein_coding	NA
ENSG00000175356	SCUBE2	protein_coding	NA
ENSG00000175376	EIF1AD	protein_coding	NA
ENSG00000175387	SMAD2	protein_coding	NA
ENSG00000175390	EIF3F	protein_coding	NA
ENSG00000175416	CLTB	protein_coding	NA
ENSG00000175445	LPL	protein_coding	NA
ENSG00000175449	RFESD	protein_coding	NA
ENSG00000175455	CCDC14	protein_coding	NA
ENSG00000175467	SART1	protein_coding	NA
ENSG00000175470	PPP2R2D	protein_coding	NA
ENSG00000175471	MCTP1	protein_coding	NA
ENSG00000175482	POLD4	protein_coding	NA
ENSG00000175489	LRRC25	protein_coding	NA
ENSG00000175505	CLCF1	protein_coding	NA
ENSG00000175536	LIPT2	protein_coding	NA
ENSG00000175538	KCNE3	protein_coding	NA
ENSG00000175548	ALG10B	protein_coding	NA
ENSG00000175550	DRAP1	protein_coding	NA
ENSG00000175567	UCP2	protein_coding	NA
ENSG00000175573	C11orf68	protein_coding	NA
ENSG00000175575	PAAF1	protein_coding	NA
ENSG00000175581	MRPL48	protein_coding	NA
ENSG00000175582	RAB6A	protein_coding	NA
ENSG00000175591	P2RY2	protein_coding	NA
ENSG00000175595	ERCC4	protein_coding	NA
ENSG00000175600	SUGCT	protein_coding	NA
ENSG00000175606	TMEM70	protein_coding	NA
ENSG00000175611	ERCC6L2-AS1	lncRNA	NA
ENSG00000175634	RPS6KB2	protein_coding	NA
ENSG00000175643	RMI2	protein_coding	NA
ENSG00000175662	TOM1L2	protein_coding	NA
ENSG00000175691	ZNF77	protein_coding	NA
ENSG00000175701	MTLN	protein_coding	NA
ENSG00000175707	KDF1	protein_coding	NA
ENSG00000175711	B3GNTL1	protein_coding	NA
ENSG00000175745	NR2F1	protein_coding	NA
ENSG00000175756	AURKAIP1	protein_coding	NA
ENSG00000175768	TOMM5	protein_coding	NA
ENSG00000175782	SLC35E3	protein_coding	NA
ENSG00000175792	RUVBL1	protein_coding	NA
ENSG00000175806	MSRA	protein_coding	NA
ENSG00000175826	CTDNEP1	protein_coding	NA
ENSG00000175832	ETV4	protein_coding	NA
ENSG00000175854	SWI5	protein_coding	NA
ENSG00000175866	BAIAP2	protein_coding	NA
ENSG00000175879	HOXD8	protein_coding	NA
ENSG00000175893	ZDHHC21	protein_coding	NA
ENSG00000175895	PLEKHF2	protein_coding	NA
ENSG00000175899	A2M	protein_coding	NA
ENSG00000175906	ARL4D	protein_coding	NA
ENSG00000175938	ORAI3	protein_coding	NA
ENSG00000176014	TUBB6	protein_coding	NA
ENSG00000176018	LYSMD3	protein_coding	NA
ENSG00000176024	ZNF613	protein_coding	NA
ENSG00000176046	NUPR1	protein_coding	NA
ENSG00000176058	TPRN	protein_coding	NA
ENSG00000176087	SLC35A4	protein_coding	NA
ENSG00000176092	CRYBG2	protein_coding	NA
ENSG00000176095	IP6K1	protein_coding	NA
ENSG00000176101	SSNA1	protein_coding	NA
ENSG00000176102	CSTF3	protein_coding	NA
ENSG00000176105	YES1	protein_coding	NA
ENSG00000176108	CHMP6	protein_coding	NA
ENSG00000176124	DLEU1	lncRNA	NA
ENSG00000176142	TMEM39A	protein_coding	NA
ENSG00000176148	TCP11L1	protein_coding	NA
ENSG00000176155	CCDC57	protein_coding	NA
ENSG00000176170	SPHK1	protein_coding	NA
ENSG00000176171	BNIP3	protein_coding	NA
ENSG00000176208	ATAD5	protein_coding	NA
ENSG00000176209	SMIM19	protein_coding	NA
ENSG00000176225	RTTN	protein_coding	NA
ENSG00000176248	ANAPC2	protein_coding	NA
ENSG00000176261	ZBTB8OS	protein_coding	NA
ENSG00000176302	FOXR1	protein_coding	NA
ENSG00000176340	COX8A	protein_coding	NA
ENSG00000176371	ZSCAN2	protein_coding	NA
ENSG00000176386	CDC26	protein_coding	NA
ENSG00000176387	HSD11B2	protein_coding	NA
ENSG00000176390	CRLF3	protein_coding	NA
ENSG00000176393	RNPEP	protein_coding	NA
ENSG00000176396	EID2	protein_coding	NA
ENSG00000176402	GJC3	protein_coding	NA
ENSG00000176407	KCMF1	protein_coding	NA
ENSG00000176422	SPRYD4	protein_coding	NA
ENSG00000176444	CLK2	protein_coding	NA
ENSG00000176454	LPCAT4	protein_coding	NA
ENSG00000176473	WDR25	protein_coding	NA
ENSG00000176476	SGF29	protein_coding	NA
ENSG00000176485	PLAAT3	protein_coding	NA
ENSG00000176531	PHLDB3	protein_coding	NA
ENSG00000176532	PRR15	protein_coding	NA
ENSG00000176533	GNG7	protein_coding	NA
ENSG00000176542	USF3	protein_coding	NA
ENSG00000176593	ZNF606-AS1	lncRNA	NA
ENSG00000176597	B3GNT5	protein_coding	NA
ENSG00000176619	LMNB2	protein_coding	NA
ENSG00000176623	RMDN1	protein_coding	NA
ENSG00000176659	LINC02910	lncRNA	NA
ENSG00000176681	LRRC37A	protein_coding	NA
ENSG00000176697	BDNF	protein_coding	NA
ENSG00000176714	CCDC121	protein_coding	NA
ENSG00000176715	ACSF3	protein_coding	NA
ENSG00000176728	TTTY14	lncRNA	NA
ENSG00000176731	RBIS	protein_coding	NA
ENSG00000176783	RUFY1	protein_coding	NA
ENSG00000176788	BASP1	protein_coding	NA
ENSG00000176809	LRRC37A3	protein_coding	NA
ENSG00000176834	VSIG10	protein_coding	NA
ENSG00000176845	METRNL	protein_coding	NA
ENSG00000176853	FAM91A1	protein_coding	NA
ENSG00000176871	WSB2	protein_coding	NA
ENSG00000176890	TYMS	protein_coding	NA
ENSG00000176894	PXMP2	protein_coding	NA
ENSG00000176909	MAMSTR	protein_coding	NA
ENSG00000176912	TYMSOS	lncRNA	NA
ENSG00000176915	ANKLE2	protein_coding	NA
ENSG00000176919	C8G	protein_coding	NA
ENSG00000176928	GCNT4	protein_coding	NA
ENSG00000176945	MUC20	protein_coding	NA
ENSG00000176946	THAP4	protein_coding	NA
ENSG00000176953	NFATC2IP	protein_coding	NA
ENSG00000176973	FAM89B	protein_coding	NA
ENSG00000176974	SHMT1	protein_coding	NA
ENSG00000176978	DPP7	protein_coding	NA
ENSG00000176979	TRIM60	protein_coding	NA
ENSG00000176986	SEC24C	protein_coding	NA
ENSG00000176988	FMR1NB	protein_coding	NA
ENSG00000177000	MTHFR	protein_coding	NA
ENSG00000177030	DEAF1	protein_coding	NA
ENSG00000177034	MTX3	protein_coding	NA
ENSG00000177042	TMEM80	protein_coding	NA
ENSG00000177054	ZDHHC13	protein_coding	NA
ENSG00000177058	SLC38A9	protein_coding	NA
ENSG00000177076	ACER2	protein_coding	NA
ENSG00000177082	WDR73	protein_coding	NA
ENSG00000177084	POLE	protein_coding	NA
ENSG00000177096	PHETA2	protein_coding	NA
ENSG00000177105	RHOG	protein_coding	NA
ENSG00000177106	EPS8L2	protein_coding	NA
ENSG00000177112	IRAG1-AS1	lncRNA	NA
ENSG00000177119	ANO6	protein_coding	NA
ENSG00000177150	FAM210A	protein_coding	NA
ENSG00000177156	TALDO1	protein_coding	NA
ENSG00000177169	ULK1	protein_coding	NA
ENSG00000177189	RPS6KA3	protein_coding	NA
ENSG00000177191	B3GNT8	protein_coding	NA
ENSG00000177192	PUS1	protein_coding	NA
ENSG00000177200	CHD9	protein_coding	NA
ENSG00000177225	GATD1	protein_coding	NA
ENSG00000177239	MAN1B1	protein_coding	NA
ENSG00000177302	TOP3A	protein_coding	NA
ENSG00000177311	ZBTB38	protein_coding	NA
ENSG00000177335	LINC02904	lncRNA	NA
ENSG00000177337	DLGAP1-AS1	lncRNA	NA
ENSG00000177352	CCDC71	protein_coding	NA
ENSG00000177370	TIMM22	protein_coding	NA
ENSG00000177380	PPFIA3	protein_coding	NA
ENSG00000177409	SAMD9L	protein_coding	NA
ENSG00000177410		lncRNA	NA
ENSG00000177414	UBE2U	protein_coding	NA
ENSG00000177425	PAWR	protein_coding	NA
ENSG00000177426	TGIF1	protein_coding	NA
ENSG00000177427	MIEF2	protein_coding	NA
ENSG00000177453	NIM1K	protein_coding	NA
ENSG00000177459	ERICH5	protein_coding	NA
ENSG00000177463	NR2C2	protein_coding	NA
ENSG00000177464	GPR4	protein_coding	NA
ENSG00000177465	ACOT4	protein_coding	NA
ENSG00000177469	CAVIN1	protein_coding	NA
ENSG00000177479	ARIH2	protein_coding	NA
ENSG00000177485	ZBTB33	protein_coding	NA
ENSG00000177548	RABEP2	protein_coding	NA
ENSG00000177556	ATOX1	protein_coding	NA
ENSG00000177565	TBL1XR1	protein_coding	NA
ENSG00000177575	CD163	protein_coding	NA
ENSG00000177576	C18orf32	protein_coding	NA
ENSG00000177599	ZNF491	protein_coding	NA
ENSG00000177600	RPLP2	protein_coding	NA
ENSG00000177628	GBA1	protein_coding	NA
ENSG00000177646	ACAD9	protein_coding	NA
ENSG00000177666	PNPLA2	protein_coding	NA
ENSG00000177674	AGTRAP	protein_coding	NA
ENSG00000177675	CD163L1	protein_coding	NA
ENSG00000177683	THAP5	protein_coding	NA
ENSG00000177692	DNAJC28	protein_coding	NA
ENSG00000177694	NAALADL2	protein_coding	NA
ENSG00000177697	CD151	protein_coding	NA
ENSG00000177700	POLR2L	protein_coding	NA
ENSG00000177706	FAM20C	protein_coding	NA
ENSG00000177707	NECTIN3	protein_coding	NA
ENSG00000177728	TMEM94	protein_coding	NA
ENSG00000177731	FLII	protein_coding	NA
ENSG00000177738	ANXA2R-OT1	lncRNA	NA
ENSG00000177788	RAB4A-AS1	lncRNA	NA
ENSG00000177791	MYOZ1	protein_coding	NA
ENSG00000177830	CHID1	protein_coding	NA
ENSG00000177842	ZNF620	protein_coding	NA
ENSG00000177853	ZNF518A	protein_coding	NA
ENSG00000177854	TMEM187	protein_coding	NA
ENSG00000177868	SVBP	protein_coding	NA
ENSG00000177879	AP3S1	protein_coding	NA
ENSG00000177885	GRB2	protein_coding	NA
ENSG00000177888	ZBTB41	protein_coding	NA
ENSG00000177889	UBE2N	protein_coding	NA
ENSG00000177917	ARL6IP6	protein_coding	NA
ENSG00000177943	MAMDC4	protein_coding	NA
ENSG00000177951	BET1L	protein_coding	NA
ENSG00000177954	RPS27	protein_coding	NA
ENSG00000177963	RIC8A	protein_coding	NA
ENSG00000177981	ASB8	protein_coding	NA
ENSG00000177989	CIMAP1B	protein_coding	NA
ENSG00000178028	DMAP1	protein_coding	NA
ENSG00000178033	CALHM5	protein_coding	NA
ENSG00000178035	IMPDH2	protein_coding	NA
ENSG00000178038	ALS2CL	protein_coding	NA
ENSG00000178053	MLF1	protein_coding	NA
ENSG00000178057	NDUFAF3	protein_coding	NA
ENSG00000178074	C2orf69	protein_coding	NA
ENSG00000178075	GRAMD1C	protein_coding	NA
ENSG00000178078	STAP2	protein_coding	NA
ENSG00000178096	BOLA1	protein_coding	NA
ENSG00000178104	PDE4DIP	protein_coding	NA
ENSG00000178105	DDX10	protein_coding	NA
ENSG00000178127	NDUFV2	protein_coding	NA
ENSG00000178149	DALRD3	protein_coding	NA
ENSG00000178150	ZNF114	protein_coding	NA
ENSG00000178163	ZNF518B	protein_coding	NA
ENSG00000178177	LCORL	protein_coding	NA
ENSG00000178202	POGLUT3	protein_coding	NA
ENSG00000178209	PLEC	protein_coding	NA
ENSG00000178234	GALNT11	protein_coding	NA
ENSG00000178252	WDR6	protein_coding	NA
ENSG00000178301	AQP11	protein_coding	NA
ENSG00000178307	TMEM11	protein_coding	NA
ENSG00000178338	ZNF354B	protein_coding	NA
ENSG00000178381	ZFAND2A	protein_coding	NA
ENSG00000178386	ZNF223	protein_coding	NA
ENSG00000178425	NT5DC1	protein_coding	NA
ENSG00000178445	GLDC	protein_coding	NA
ENSG00000178449	COX14	protein_coding	NA
ENSG00000178467	P4HTM	protein_coding	NA
ENSG00000178498	DTX3	protein_coding	NA
ENSG00000178537	SLC25A20	protein_coding	NA
ENSG00000178538	CA8	protein_coding	NA
ENSG00000178562	CD28	protein_coding	NA
ENSG00000178573	MAF	protein_coding	NA
ENSG00000178585	CTNNBIP1	protein_coding	NA
ENSG00000178605	GTPBP6	protein_coding	NA
ENSG00000178607	ERN1	protein_coding	NA
ENSG00000178685	PARP10	protein_coding	NA
ENSG00000178691	SUZ12	protein_coding	NA
ENSG00000178694	NSUN3	protein_coding	NA
ENSG00000178700	DHFR2	protein_coding	NA
ENSG00000178719	GRINA	protein_coding	NA
ENSG00000178741	COX5A	protein_coding	NA
ENSG00000178764	ZHX2	protein_coding	NA
ENSG00000178776	C5orf46	protein_coding	NA
ENSG00000178802	MPI	protein_coding	NA
ENSG00000178814	OPLAH	protein_coding	NA
ENSG00000178826	TMEM139	protein_coding	NA
ENSG00000178852	EFCAB13	protein_coding	NA
ENSG00000178860	MSC	protein_coding	NA
ENSG00000178896	EXOSC4	protein_coding	NA
ENSG00000178904	DPY19L3	protein_coding	NA
ENSG00000178913	TAF7	protein_coding	NA
ENSG00000178917	ZNF852	protein_coding	NA
ENSG00000178922	HYI	protein_coding	NA
ENSG00000178927	CYBC1	protein_coding	NA
ENSG00000178934	LGALS7B	protein_coding	NA
ENSG00000178935	ZNF552	protein_coding	NA
ENSG00000178950	GAK	protein_coding	NA
ENSG00000178952	TUFM	protein_coding	NA
ENSG00000178966	RMI1	protein_coding	NA
ENSG00000178971	CTC1	protein_coding	NA
ENSG00000178974	FBXO34	protein_coding	NA
ENSG00000178977	LINC00324	lncRNA	NA
ENSG00000178980	SELENOW	protein_coding	NA
ENSG00000178982	EIF3K	protein_coding	NA
ENSG00000178988	MRFAP1L1	protein_coding	NA
ENSG00000178996	SNX18	protein_coding	NA
ENSG00000178999	AURKB	protein_coding	NA
ENSG00000179010	MRFAP1	protein_coding	NA
ENSG00000179021	C3orf38	protein_coding	NA
ENSG00000179029	TMEM107	protein_coding	NA
ENSG00000179046	TRIML2	protein_coding	NA
ENSG00000179051	RCC2	protein_coding	NA
ENSG00000179057	IGSF22	protein_coding	NA
ENSG00000179085	DPM3	protein_coding	NA
ENSG00000179091	CYC1	protein_coding	NA
ENSG00000179094	PER1	protein_coding	NA
ENSG00000179104	TMTC2	protein_coding	NA
ENSG00000179115	FARSA	protein_coding	NA
ENSG00000179119	SPTY2D1	protein_coding	NA
ENSG00000179144	GIMAP7	protein_coding	NA
ENSG00000179148	ALOXE3	protein_coding	NA
ENSG00000179151	EDC3	protein_coding	NA
ENSG00000179152	TCAIM	protein_coding	NA
ENSG00000179163	FUCA1	protein_coding	NA
ENSG00000179168	GGN	protein_coding	NA
ENSG00000179178	TMEM125	protein_coding	NA
ENSG00000179195	ZNF664	protein_coding	NA
ENSG00000179218	CALR	protein_coding	NA
ENSG00000179222	MAGED1	protein_coding	NA
ENSG00000179256	SMCO3	protein_coding	NA
ENSG00000179262	RAD23A	protein_coding	NA
ENSG00000179271	GADD45GIP1	protein_coding	NA
ENSG00000179295	PTPN11	protein_coding	NA
ENSG00000179299	NSUN7	protein_coding	NA
ENSG00000179304	FAM156B	protein_coding	NA
ENSG00000179331	RAB39A	protein_coding	NA
ENSG00000179335	CLK3	protein_coding	NA
ENSG00000179344	HLA-DQB1	protein_coding	NA
ENSG00000179348	GATA2	protein_coding	NA
ENSG00000179361	ARID3B	protein_coding	NA
ENSG00000179363	TMEM31	protein_coding	NA
ENSG00000179364	PACS2	protein_coding	NA
ENSG00000179387	ELMOD2	protein_coding	NA
ENSG00000179403	VWA1	protein_coding	NA
ENSG00000179409	GEMIN4	protein_coding	NA
ENSG00000179431	FJX1	protein_coding	NA
ENSG00000179454	KLHL28	protein_coding	NA
ENSG00000179476	C14orf28	protein_coding	NA
ENSG00000179523	EIF3J-DT	lncRNA	NA
ENSG00000179526	SHARPIN	protein_coding	NA
ENSG00000179562	GCC1	protein_coding	NA
ENSG00000179564	LSMEM2	protein_coding	NA
ENSG00000179604	CDC42EP4	protein_coding	NA
ENSG00000179630	LACC1	protein_coding	NA
ENSG00000179632	MAF1	protein_coding	NA
ENSG00000179676	LINC00305	lncRNA	NA
ENSG00000179715	PCED1B	protein_coding	NA
ENSG00000179750	APOBEC3B	protein_coding	NA
ENSG00000179761	PIPOX	protein_coding	NA
ENSG00000179776	CDH5	protein_coding	NA
ENSG00000179818	PCBP1-AS1	lncRNA	NA
ENSG00000179820	MYADM	protein_coding	NA
ENSG00000179832	MROH1	protein_coding	NA
ENSG00000179833	SERTAD2	protein_coding	NA
ENSG00000179859	RNF227	protein_coding	NA
ENSG00000179889	PDXDC1	protein_coding	NA
ENSG00000179912	R3HDM2	protein_coding	NA
ENSG00000179913	B3GNT3	protein_coding	NA
ENSG00000179914	ITLN1	protein_coding	NA
ENSG00000179921	GPBAR1	protein_coding	NA
ENSG00000179933	C14orf119	protein_coding	NA
ENSG00000179941	BBS10	protein_coding	NA
ENSG00000179950	PUF60	protein_coding	NA
ENSG00000179958	DCTPP1	protein_coding	NA
ENSG00000179965	ZNF771	protein_coding	NA
ENSG00000179988	PSTK	protein_coding	NA
ENSG00000180008	SOCS4	protein_coding	NA
ENSG00000180011	PTGR3	protein_coding	NA
ENSG00000180089	TMEM86B	protein_coding	NA
ENSG00000180096	SEPTIN1	protein_coding	NA
ENSG00000180098	TRNAU1AP	protein_coding	NA
ENSG00000180104	EXOC3	protein_coding	NA
ENSG00000180155	LYNX1	protein_coding	NA
ENSG00000180182	MED14	protein_coding	NA
ENSG00000180185	FAHD1	protein_coding	NA
ENSG00000180190	TDRP	protein_coding	NA
ENSG00000180198	RCC1	protein_coding	NA
ENSG00000180209	MYL11	protein_coding	NA
ENSG00000180228	PRKRA	protein_coding	NA
ENSG00000180233	ZNRF2	protein_coding	NA
ENSG00000180257	ZNF816	protein_coding	NA
ENSG00000180263	FGD6	protein_coding	NA
ENSG00000180287	PLD5	protein_coding	NA
ENSG00000180304	OAZ2	protein_coding	NA
ENSG00000180329	CCDC43	protein_coding	NA
ENSG00000180332	KCTD4	protein_coding	NA
ENSG00000180346	TIGD2	protein_coding	NA
ENSG00000180353	HCLS1	protein_coding	NA
ENSG00000180354	MTURN	protein_coding	NA
ENSG00000180370	PAK2	protein_coding	NA
ENSG00000180376	CCDC66	protein_coding	NA
ENSG00000180398	MCFD2	protein_coding	NA
ENSG00000180423	HARBI1	protein_coding	NA
ENSG00000180448	ARHGAP45	protein_coding	NA
ENSG00000180481	GLIPR1L2	protein_coding	NA
ENSG00000180488	MIGA1	protein_coding	NA
ENSG00000180509	KCNE1	protein_coding	NA
ENSG00000180530	NRIP1	protein_coding	NA
ENSG00000180532	ZSCAN4	protein_coding	NA
ENSG00000180573	H2AC6	protein_coding	NA
ENSG00000180596	H2BC4	protein_coding	NA
ENSG00000180611	MB21D2	protein_coding	NA
ENSG00000180628	PCGF5	protein_coding	NA
ENSG00000180694	TMEM64	protein_coding	NA
ENSG00000180758	GPR157	protein_coding	NA
ENSG00000180769	WDFY3-AS2	lncRNA	NA
ENSG00000180773	SLC36A4	protein_coding	NA
ENSG00000180776	ZDHHC20	protein_coding	NA
ENSG00000180785	OR51E1	protein_coding	NA
ENSG00000180787	ZFP3	protein_coding	NA
ENSG00000180806	HOXC9	protein_coding	NA
ENSG00000180817	PPA1	protein_coding	NA
ENSG00000180822	PSMG4	protein_coding	NA
ENSG00000180871	CXCR2	protein_coding	NA
ENSG00000180875	GREM2	protein_coding	NA
ENSG00000180879	SSR4	protein_coding	NA
ENSG00000180891	CUEDC1	protein_coding	NA
ENSG00000180900	SCRIB	protein_coding	NA
ENSG00000180917	CMTR2	protein_coding	NA
ENSG00000180953	ST20	lncRNA	NA
ENSG00000180957	PITPNB	protein_coding	NA
ENSG00000180964	TCEAL8	protein_coding	NA
ENSG00000180979	LRRC57	protein_coding	NA
ENSG00000180992	MRPL14	protein_coding	NA
ENSG00000180999	C1orf105	protein_coding	NA
ENSG00000181004	BBS12	protein_coding	NA
ENSG00000181007	ZFP82	protein_coding	NA
ENSG00000181016	LSMEM1	protein_coding	NA
ENSG00000181019	NQO1	protein_coding	NA
ENSG00000181026	AEN	protein_coding	NA
ENSG00000181027	FKRP	protein_coding	NA
ENSG00000181029	TRAPPC5	protein_coding	NA
ENSG00000181038	METTL23	protein_coding	NA
ENSG00000181045	SLC26A11	protein_coding	NA
ENSG00000181061	HIGD1A	protein_coding	NA
ENSG00000181090	EHMT1	protein_coding	NA
ENSG00000181163	NPM1	protein_coding	NA
ENSG00000181191	PJA1	protein_coding	NA
ENSG00000181192	DHTKD1	protein_coding	NA
ENSG00000181195	PENK	protein_coding	NA
ENSG00000181220	ZNF746	protein_coding	NA
ENSG00000181222	POLR2A	protein_coding	NA
ENSG00000181264	TLCD5	protein_coding	NA
ENSG00000181315	ZNF322	protein_coding	NA
ENSG00000181374	CCL13	protein_coding	NA
ENSG00000181381	DDX60L	protein_coding	NA
ENSG00000181392	SYNE4	protein_coding	NA
ENSG00000181396	OGFOD3	protein_coding	NA
ENSG00000181444	ZNF467	protein_coding	NA
ENSG00000181458	TMEM45A	protein_coding	NA
ENSG00000181472	ZBTB2	protein_coding	NA
ENSG00000181481	RNF135	protein_coding	NA
ENSG00000181513	ACBD4	protein_coding	NA
ENSG00000181523	SGSH	protein_coding	NA
ENSG00000181544	FANCB	protein_coding	NA
ENSG00000181555	SETD2	protein_coding	NA
ENSG00000181610	MRPS23	protein_coding	NA
ENSG00000181617	FDCSP	protein_coding	NA
ENSG00000181631	P2RY13	protein_coding	NA
ENSG00000181649	PHLDA2	protein_coding	NA
ENSG00000181652	ATG9B	protein_coding	NA
ENSG00000181666	ZNF875	protein_coding	NA
ENSG00000181704	YIPF6	protein_coding	NA
ENSG00000181722	ZBTB20	protein_coding	NA
ENSG00000181751	MACIR	protein_coding	NA
ENSG00000181788	SIAH2	protein_coding	NA
ENSG00000181789	COPG1	protein_coding	NA
ENSG00000181804	SLC9A9	protein_coding	NA
ENSG00000181817	LSM10	protein_coding	NA
ENSG00000181826	RELL1	protein_coding	NA
ENSG00000181830	SLC35C1	protein_coding	NA
ENSG00000181852	RNF41	protein_coding	NA
ENSG00000181873	IBA57	protein_coding	NA
ENSG00000181885	CLDN7	protein_coding	NA
ENSG00000181894	ZNF329	protein_coding	NA
ENSG00000181896	ZNF101	protein_coding	NA
ENSG00000181904	C5orf24	protein_coding	NA
ENSG00000181924	COA4	protein_coding	NA
ENSG00000181929	PRKAG1	protein_coding	NA
ENSG00000181938	GINS3	protein_coding	NA
ENSG00000181982	CCDC149	protein_coding	NA
ENSG00000181991	MRPS11	protein_coding	NA
ENSG00000182004	SNRPE	protein_coding	NA
ENSG00000182010	RTKN2	protein_coding	NA
ENSG00000182054	IDH2	protein_coding	NA
ENSG00000182093	GET1	protein_coding	NA
ENSG00000182095	TNRC18	protein_coding	NA
ENSG00000182108	DEXI	protein_coding	NA
ENSG00000182117	NOP10	protein_coding	NA
ENSG00000182118	FAM89A	protein_coding	NA
ENSG00000182134	TDRKH	protein_coding	NA
ENSG00000182141	ZNF708	protein_coding	NA
ENSG00000182149	IST1	protein_coding	NA
ENSG00000182150	ERCC6L2	protein_coding	NA
ENSG00000182154	MRPL41	protein_coding	NA
ENSG00000182158	CREB3L2	protein_coding	NA
ENSG00000182165	TP53TG1	lncRNA	NA
ENSG00000182173	TSEN54	protein_coding	NA
ENSG00000182179	UBA7	protein_coding	NA
ENSG00000182180	MRPS16	protein_coding	NA
ENSG00000182185	RAD51B	protein_coding	NA
ENSG00000182195	LDOC1	protein_coding	NA
ENSG00000182196	ARL6IP4	protein_coding	NA
ENSG00000182197	EXT1	protein_coding	NA
ENSG00000182199	SHMT2	protein_coding	NA
ENSG00000182208	MOB2	protein_coding	NA
ENSG00000182220	ATP6AP2	protein_coding	NA
ENSG00000182224	CYB5D1	protein_coding	NA
ENSG00000182240	BACE2	protein_coding	NA
ENSG00000182247	UBE2E2	protein_coding	NA
ENSG00000182261	NLRP10	protein_coding	NA
ENSG00000182263	FIGN	protein_coding	NA
ENSG00000182287	AP1S2	protein_coding	NA
ENSG00000182307	C8orf33	protein_coding	NA
ENSG00000182310	SPACA6	protein_coding	NA
ENSG00000182318	ZSCAN22	protein_coding	NA
ENSG00000182325	FBXL6	protein_coding	NA
ENSG00000182326	C1S	protein_coding	NA
ENSG00000182359	KBTBD3	protein_coding	NA
ENSG00000182362	YBEY	protein_coding	NA
ENSG00000182372	CLN8	protein_coding	NA
ENSG00000182378	PLCXD1	protein_coding	NA
ENSG00000182400	TRAPPC6B	protein_coding	NA
ENSG00000182446	NPLOC4	protein_coding	NA
ENSG00000182472	CAPN12	protein_coding	NA
ENSG00000182473	EXOC7	protein_coding	NA
ENSG00000182481	KPNA2	protein_coding	NA
ENSG00000182484	WASH6P	protein_coding	NA
ENSG00000182489	XKRX	protein_coding	NA
ENSG00000182492	BGN	protein_coding	NA
ENSG00000182504	CEP97	protein_coding	NA
ENSG00000182508	LHFPL1	protein_coding	NA
ENSG00000182511	FES	protein_coding	NA
ENSG00000182512	GLRX5	protein_coding	NA
ENSG00000182518	FAM104B	protein_coding	NA
ENSG00000182534	MXRA7	protein_coding	NA
ENSG00000182541	LIMK2	protein_coding	NA
ENSG00000182544	MFSD5	protein_coding	NA
ENSG00000182551	ADI1	protein_coding	NA
ENSG00000182552	RWDD4	protein_coding	NA
ENSG00000182566	CLEC4G	protein_coding	NA
ENSG00000182568	SATB1	protein_coding	NA
ENSG00000182578	CSF1R	protein_coding	NA
ENSG00000182583	VCX	protein_coding	NA
ENSG00000182606	TRAK1	protein_coding	NA
ENSG00000182612	TSPAN10	protein_coding	NA
ENSG00000182621	PLCB1	protein_coding	NA
ENSG00000182628	SKA2	protein_coding	NA
ENSG00000182670	TTC3	protein_coding	NA
ENSG00000182685	BRICD5	protein_coding	NA
ENSG00000182704	TSKU	protein_coding	NA
ENSG00000182712	CMC4	protein_coding	NA
ENSG00000182718	ANXA2	protein_coding	NA
ENSG00000182749	PAQR7	protein_coding	NA
ENSG00000182752	PAPPA	protein_coding	NA
ENSG00000182768	NGRN	protein_coding	NA
ENSG00000182774	RPS17	protein_coding	NA
ENSG00000182809	CRIP2	protein_coding	NA
ENSG00000182827	ACBD3	protein_coding	NA
ENSG00000182831	HAPSTR1	protein_coding	NA
ENSG00000182841	RRP7BP	lncRNA	NA
ENSG00000182853	VMO1	protein_coding	NA
ENSG00000182858	ALG12	protein_coding	NA
ENSG00000182866	LCK	protein_coding	NA
ENSG00000182871	COL18A1	protein_coding	NA
ENSG00000182872	RBM10	protein_coding	NA
ENSG00000182899	RPL35A	protein_coding	NA
ENSG00000182903	ZNF721	protein_coding	NA
ENSG00000182916	TCEAL7	protein_coding	NA
ENSG00000182919	C11orf54	protein_coding	NA
ENSG00000182923	CEP63	protein_coding	NA
ENSG00000182934	SRPRA	protein_coding	NA
ENSG00000182944	EWSR1	protein_coding	NA
ENSG00000182950	CIMAP1C	protein_coding	NA
ENSG00000182952	HMGN4	protein_coding	NA
ENSG00000182957	SPATA13	protein_coding	NA
ENSG00000182963	GJC1	protein_coding	NA
ENSG00000182973	CNOT10	protein_coding	NA
ENSG00000182985	CADM1	protein_coding	NA
ENSG00000182986	ZNF320	protein_coding	NA
ENSG00000182993	C12orf60	protein_coding	NA
ENSG00000183010	PYCR1	protein_coding	NA
ENSG00000183011	NAA38	protein_coding	NA
ENSG00000183018	SPNS2	protein_coding	NA
ENSG00000183019	MCEMP1	protein_coding	NA
ENSG00000183020	AP2A2	protein_coding	NA
ENSG00000183023	SLC8A1	protein_coding	NA
ENSG00000183036	PCP4	protein_coding	NA
ENSG00000183044	ABAT	protein_coding	NA
ENSG00000183048	SLC25A10	protein_coding	NA
ENSG00000183054	RGPD6	protein_coding	NA
ENSG00000183060	LYSMD4	protein_coding	NA
ENSG00000183066	WBP2NL	protein_coding	NA
ENSG00000183067	IGSF5	protein_coding	NA
ENSG00000183077	AFMID	protein_coding	NA
ENSG00000183091	NEB	protein_coding	NA
ENSG00000183128	CALHM3	protein_coding	NA
ENSG00000183137	CEP57L1	protein_coding	NA
ENSG00000183155	RABIF	protein_coding	NA
ENSG00000183172	SMDT1	protein_coding	NA
ENSG00000183207	RUVBL2	protein_coding	NA
ENSG00000183208	GDPGP1	protein_coding	NA
ENSG00000183250	LINC01547	lncRNA	NA
ENSG00000183255	PTTG1IP	protein_coding	NA
ENSG00000183258	DDX41	protein_coding	NA
ENSG00000183273	CCDC60	protein_coding	NA
ENSG00000183283	DAZAP2	protein_coding	NA
ENSG00000183291	SELENOF	protein_coding	NA
ENSG00000183309	ZNF623	protein_coding	NA
ENSG00000183323	CCDC125	protein_coding	NA
ENSG00000183337	BCOR	protein_coding	NA
ENSG00000183340	JRKL	protein_coding	NA
ENSG00000183346	CABCOCO1	protein_coding	NA
ENSG00000183354	KIAA2026	protein_coding	NA
ENSG00000183386	FHL3	protein_coding	NA
ENSG00000183401	CCDC159	protein_coding	NA
ENSG00000183426	NPIPA1	protein_coding	NA
ENSG00000183431	SF3A3	protein_coding	NA
ENSG00000183444		lncRNA	NA
ENSG00000183474	GTF2H2C	protein_coding	NA
ENSG00000183475	ASB7	protein_coding	NA
ENSG00000183476	SH2D7	protein_coding	NA
ENSG00000183486	MX2	protein_coding	NA
ENSG00000183495	EP400	protein_coding	NA
ENSG00000183508	TENT5C	protein_coding	NA
ENSG00000183513	COA5	protein_coding	NA
ENSG00000183520	UTP11	protein_coding	NA
ENSG00000183527	PSMG1	protein_coding	NA
ENSG00000183530	PRR14L	protein_coding	NA
ENSG00000183549	ACSM5	protein_coding	NA
ENSG00000183569	SERHL2	protein_coding	NA
ENSG00000183576	SETD3	protein_coding	NA
ENSG00000183579	ZNRF3	protein_coding	NA
ENSG00000183597	TANGO2	protein_coding	NA
ENSG00000183605	SFXN4	protein_coding	NA
ENSG00000183615	FAM167B	protein_coding	NA
ENSG00000183617	MRPL54	protein_coding	NA
ENSG00000183621	ZNF438	protein_coding	NA
ENSG00000183624	HMCES	protein_coding	NA
ENSG00000183625	CCR3	protein_coding	NA
ENSG00000183644	HOATZ	protein_coding	NA
ENSG00000183647	ZNF530	protein_coding	NA
ENSG00000183648	NDUFB1	protein_coding	NA
ENSG00000183665	TRMT12	protein_coding	NA
ENSG00000183668	PSG9	protein_coding	NA
ENSG00000183671	CMKLR2	protein_coding	NA
ENSG00000183684	ALYREF	protein_coding	NA
ENSG00000183696	UPP1	protein_coding	NA
ENSG00000183722	LHFPL6	protein_coding	NA
ENSG00000183726	TMEM50A	protein_coding	NA
ENSG00000183735	TBK1	protein_coding	NA
ENSG00000183741	CBX6	protein_coding	NA
ENSG00000183751	TBL3	protein_coding	NA
ENSG00000183763	TRAIP	protein_coding	NA
ENSG00000183765	CHEK2	protein_coding	NA
ENSG00000183779	ZNF703	protein_coding	NA
ENSG00000183785	TUBA8	protein_coding	NA
ENSG00000183801	OLFML1	protein_coding	NA
ENSG00000183807	FAM162B	protein_coding	NA
ENSG00000183808	RBM12B	protein_coding	NA
ENSG00000183814	LIN9	protein_coding	NA
ENSG00000183822	NCF4-AS1	lncRNA	NA
ENSG00000183826	BTBD9	protein_coding	NA
ENSG00000183828	NUDT14	protein_coding	NA
ENSG00000183844	FAM3B	protein_coding	NA
ENSG00000183850	ZNF730	protein_coding	NA
ENSG00000183853	KIRREL1	protein_coding	NA
ENSG00000183864	TOB2	protein_coding	NA
ENSG00000183876	ARSI	protein_coding	NA
ENSG00000183878	UTY	protein_coding	NA
ENSG00000183891	TTC32	protein_coding	NA
ENSG00000183914	DNAH2	protein_coding	NA
ENSG00000183918	SH2D1A	protein_coding	NA
ENSG00000183943	PRKX	protein_coding	NA
ENSG00000183955	KMT5A	protein_coding	NA
ENSG00000183963	SMTN	protein_coding	NA
ENSG00000183978	COA3	protein_coding	NA
ENSG00000183979	NPB	protein_coding	NA
ENSG00000184005	ST6GALNAC3	protein_coding	NA
ENSG00000184007	PTP4A2	protein_coding	NA
ENSG00000184009	ACTG1	protein_coding	NA
ENSG00000184012	TMPRSS2	protein_coding	NA
ENSG00000184014	DENND5A	protein_coding	NA
ENSG00000184029	DSCR4	lncRNA	NA
ENSG00000184047	DIABLO	protein_coding	NA
ENSG00000184056	VPS33B	protein_coding	NA
ENSG00000184060	ADAP2	protein_coding	NA
ENSG00000184076	UQCR10	protein_coding	NA
ENSG00000184108	TRIML1	protein_coding	NA
ENSG00000184110	EIF3C	protein_coding	NA
ENSG00000184117	NIPSNAP1	protein_coding	NA
ENSG00000184154	LRRC51	protein_coding	NA
ENSG00000184162	NR2C2AP	protein_coding	NA
ENSG00000184163	C1QTNF12	protein_coding	NA
ENSG00000184164	CRELD2	protein_coding	NA
ENSG00000184178	SCFD2	protein_coding	NA
ENSG00000184182	UBE2F	protein_coding	NA
ENSG00000184203	PPP1R2	protein_coding	NA
ENSG00000184205	TSPYL2	protein_coding	NA
ENSG00000184207	PGP	protein_coding	NA
ENSG00000184209	SNRNP35	protein_coding	NA
ENSG00000184220	CMSS1	protein_coding	NA
ENSG00000184232	OAF	protein_coding	NA
ENSG00000184254	ALDH1A3	protein_coding	NA
ENSG00000184277	TM2D3	protein_coding	NA
ENSG00000184281	TSSC4	protein_coding	NA
ENSG00000184347	SLIT3	protein_coding	NA
ENSG00000184363	PKP3	protein_coding	NA
ENSG00000184368	MAP7D2	protein_coding	NA
ENSG00000184374	COLEC10	protein_coding	NA
ENSG00000184378	ACTRT3	protein_coding	NA
ENSG00000184381	PLA2G6	protein_coding	NA
ENSG00000184402	SS18L1	protein_coding	NA
ENSG00000184428	TOP1MT	protein_coding	NA
ENSG00000184432	COPB2	protein_coding	NA
ENSG00000184436	THAP7	protein_coding	NA
ENSG00000184445	KNTC1	protein_coding	NA
ENSG00000184454	NCMAP	protein_coding	NA
ENSG00000184470	TXNRD2	protein_coding	NA
ENSG00000184481	FOXO4	protein_coding	NA
ENSG00000184489	PTP4A3	protein_coding	NA
ENSG00000184497	TMEM255B	protein_coding	NA
ENSG00000184500	PROS1	protein_coding	NA
ENSG00000184502	GAST	protein_coding	NA
ENSG00000184508	HDDC3	protein_coding	NA
ENSG00000184517	ZFP1	protein_coding	NA
ENSG00000184575	XPOT	protein_coding	NA
ENSG00000184584	STING1	protein_coding	NA
ENSG00000184588	PDE4B	protein_coding	NA
ENSG00000184619	KRBA2	protein_coding	NA
ENSG00000184634	MED12	protein_coding	NA
ENSG00000184635	ZNF93	protein_coding	NA
ENSG00000184640	SEPTIN9	protein_coding	NA
ENSG00000184677	ZBTB40	protein_coding	NA
ENSG00000184697	CLDN6	protein_coding	NA
ENSG00000184702	SEPTIN5	protein_coding	NA
ENSG00000184708	EIF4ENIF1	protein_coding	NA
ENSG00000184719	RNLS	protein_coding	NA
ENSG00000184730	APOBR	protein_coding	NA
ENSG00000184743	ATL3	protein_coding	NA
ENSG00000184752	NDUFA12	protein_coding	NA
ENSG00000184787	UBE2G2	protein_coding	NA
ENSG00000184831	APOO	protein_coding	NA
ENSG00000184840	TMED9	protein_coding	NA
ENSG00000184857	TMEM186	protein_coding	NA
ENSG00000184863	RBM33	protein_coding	NA
ENSG00000184867	ARMCX2	protein_coding	NA
ENSG00000184887	BTBD6	protein_coding	NA
ENSG00000184898	RBM43	protein_coding	NA
ENSG00000184900	SUMO3	protein_coding	NA
ENSG00000184903	IMMP2L	protein_coding	NA
ENSG00000184922	FMNL1	protein_coding	NA
ENSG00000184924	PTRHD1	protein_coding	NA
ENSG00000184937	WT1	protein_coding	NA
ENSG00000184967	NOC4L	protein_coding	NA
ENSG00000184979	USP18	protein_coding	NA
ENSG00000184983	NDUFA6	protein_coding	NA
ENSG00000184988	TMEM106A	protein_coding	NA
ENSG00000184990	SIVA1	protein_coding	NA
ENSG00000185000	DGAT1	protein_coding	NA
ENSG00000185009	AP3M1	protein_coding	NA
ENSG00000185019	UBOX5	protein_coding	NA
ENSG00000185022	MAFF	protein_coding	NA
ENSG00000185033	SEMA4B	protein_coding	NA
ENSG00000185043	CIB1	protein_coding	NA
ENSG00000185049	NELFA	protein_coding	NA
ENSG00000185085	INTS5	protein_coding	NA
ENSG00000185088	RPS27L	protein_coding	NA
ENSG00000185100	ADSS1	protein_coding	NA
ENSG00000185104	FAF1	protein_coding	NA
ENSG00000185122	HSF1	protein_coding	NA
ENSG00000185158	LRRC37B	protein_coding	NA
ENSG00000185163	DDX51	protein_coding	NA
ENSG00000185168	LINC00482	lncRNA	NA
ENSG00000185187	SIGIRR	protein_coding	NA
ENSG00000185201	IFITM2	protein_coding	NA
ENSG00000185215	TNFAIP2	protein_coding	NA
ENSG00000185220	PGBD2	protein_coding	NA
ENSG00000185222	TCEAL9	protein_coding	NA
ENSG00000185236	RAB11B	protein_coding	NA
ENSG00000185238	PRMT3	protein_coding	NA
ENSG00000185246	PRPF39	protein_coding	NA
ENSG00000185247	MAGEA11	protein_coding	NA
ENSG00000185250	PPIL6	protein_coding	NA
ENSG00000185262	UBALD2	protein_coding	NA
ENSG00000185267	CDNF	protein_coding	NA
ENSG00000185269	NOTUM	protein_coding	NA
ENSG00000185272	RBM11	protein_coding	NA
ENSG00000185278	ZBTB37	protein_coding	NA
ENSG00000185290	NUPR2	protein_coding	NA
ENSG00000185291	IL3RA	protein_coding	NA
ENSG00000185298	CCDC137	protein_coding	NA
ENSG00000185305	ARL15	protein_coding	NA
ENSG00000185306	C12orf56	protein_coding	NA
ENSG00000185324	CDK10	protein_coding	NA
ENSG00000185332	TMEM105	lncRNA	NA
ENSG00000185339	TCN2	protein_coding	NA
ENSG00000185344	ATP6V0A2	protein_coding	NA
ENSG00000185347	TEDC1	protein_coding	NA
ENSG00000185359	HGS	protein_coding	NA
ENSG00000185379	RAD51D	protein_coding	NA
ENSG00000185404	SP140L	protein_coding	NA
ENSG00000185414	MRPL30	protein_coding	NA
ENSG00000185420	SMYD3	protein_coding	NA
ENSG00000185432	TMT1A	protein_coding	NA
ENSG00000185437	SH3BGR	protein_coding	NA
ENSG00000185442	FAM174B	protein_coding	NA
ENSG00000185475	TMEM179B	protein_coding	NA
ENSG00000185480	PARPBP	protein_coding	NA
ENSG00000185485	SDHAP1	lncRNA	NA
ENSG00000185499	MUC1	protein_coding	NA
ENSG00000185504	FAAP100	protein_coding	NA
ENSG00000185507	IRF7	protein_coding	NA
ENSG00000185527	PDE6G	protein_coding	NA
ENSG00000185551	NR2F2	protein_coding	NA
ENSG00000185559	DLK1	protein_coding	NA
ENSG00000185561	TLCD2	protein_coding	NA
ENSG00000185591	SP1	protein_coding	NA
ENSG00000185608	MRPL40	protein_coding	NA
ENSG00000185614	INKA1	protein_coding	NA
ENSG00000185615	PDIA2	protein_coding	NA
ENSG00000185619	PCGF3	protein_coding	NA
ENSG00000185624	P4HB	protein_coding	NA
ENSG00000185627	PSMD13	protein_coding	NA
ENSG00000185630	PBX1	protein_coding	NA
ENSG00000185633	NDUFA4L2	protein_coding	NA
ENSG00000185650	ZFP36L1	protein_coding	NA
ENSG00000185651	UBE2L3	protein_coding	NA
ENSG00000185652	NTF3	protein_coding	NA
ENSG00000185658	BRWD1	protein_coding	NA
ENSG00000185664	PMEL	protein_coding	NA
ENSG00000185666	SYN3	protein_coding	NA
ENSG00000185670	ZBTB3	protein_coding	NA
ENSG00000185697	MYBL1	protein_coding	NA
ENSG00000185716	MOSMO	protein_coding	NA
ENSG00000185721	DRG1	protein_coding	NA
ENSG00000185722	ANKFY1	protein_coding	NA
ENSG00000185728	YTHDF3	protein_coding	NA
ENSG00000185745	IFIT1	protein_coding	NA
ENSG00000185753	CXorf38	protein_coding	NA
ENSG00000185787	MORF4L1	protein_coding	NA
ENSG00000185798	WDR53	protein_coding	NA
ENSG00000185800	DMWD	protein_coding	NA
ENSG00000185803	SLC52A2	protein_coding	NA
ENSG00000185808	PIGP	protein_coding	NA
ENSG00000185813	PCYT2	protein_coding	NA
ENSG00000185825	BCAP31	protein_coding	NA
ENSG00000185829	ARL17A	protein_coding	NA
ENSG00000185838	GNB1L	protein_coding	NA
ENSG00000185842	DNAH14	protein_coding	NA
ENSG00000185862	EVI2B	protein_coding	NA
ENSG00000185869	ZNF829	protein_coding	NA
ENSG00000185875	THNSL1	protein_coding	NA
ENSG00000185880	TRIM69	protein_coding	NA
ENSG00000185883	ATP6V0C	protein_coding	NA
ENSG00000185885	IFITM1	protein_coding	NA
ENSG00000185896	LAMP1	protein_coding	NA
ENSG00000185900	POMK	protein_coding	NA
ENSG00000185904	LINC00839	lncRNA	NA
ENSG00000185909	KLHDC8B	protein_coding	NA
ENSG00000185917	SETD4	protein_coding	NA
ENSG00000185946	RNPC3	protein_coding	NA
ENSG00000185947	ZNF267	protein_coding	NA
ENSG00000185950	IRS2	protein_coding	NA
ENSG00000185955	SPACDR	protein_coding	NA
ENSG00000185973	TMLHE	protein_coding	NA
ENSG00000185989	RASA3	protein_coding	NA
ENSG00000186001	LRCH3	protein_coding	NA
ENSG00000186007	LEMD1	protein_coding	NA
ENSG00000186010	NDUFA13	protein_coding	NA
ENSG00000186017	ZNF566	protein_coding	NA
ENSG00000186073	CDIN1	protein_coding	NA
ENSG00000186081	KRT5	protein_coding	NA
ENSG00000186088	GSAP	protein_coding	NA
ENSG00000186094	AGBL4	protein_coding	NA
ENSG00000186104	CYP2R1	protein_coding	NA
ENSG00000186105	LRRC70	protein_coding	NA
ENSG00000186106	ANKRD46	protein_coding	NA
ENSG00000186132	C2orf76	protein_coding	NA
ENSG00000186141	POLR3C	protein_coding	NA
ENSG00000186153	WWOX	protein_coding	NA
ENSG00000186162	CIDECP1	lncRNA	NA
ENSG00000186166	CENATAC	protein_coding	NA
ENSG00000186184	POLR1D	protein_coding	NA
ENSG00000186187	ZNRF1	protein_coding	NA
ENSG00000186197	EDARADD	protein_coding	NA
ENSG00000186205	MTARC1	protein_coding	NA
ENSG00000186230	ZNF749	protein_coding	NA
ENSG00000186260	MRTFB	protein_coding	NA
ENSG00000186272	ZNF17	protein_coding	NA
ENSG00000186281	GPAT2	protein_coding	NA
ENSG00000186283	TOR3A	protein_coding	NA
ENSG00000186298	PPP1CC	protein_coding	NA
ENSG00000186300	ZNF555	protein_coding	NA
ENSG00000186314	PRELID2	protein_coding	NA
ENSG00000186350	RXRA	protein_coding	NA
ENSG00000186352	ANKRD37	protein_coding	NA
ENSG00000186364	NUDT17	protein_coding	NA
ENSG00000186395	KRT10	protein_coding	NA
ENSG00000186409	CCDC30	protein_coding	NA
ENSG00000186416	NKRF	protein_coding	NA
ENSG00000186417	GLDN	protein_coding	NA
ENSG00000186431	FCAR	protein_coding	NA
ENSG00000186432	KPNA4	protein_coding	NA
ENSG00000186448	ZNF197	protein_coding	NA
ENSG00000186452	TMPRSS12	protein_coding	NA
ENSG00000186468	RPS23	protein_coding	NA
ENSG00000186469	GNG2	protein_coding	NA
ENSG00000186470	BTN3A2	protein_coding	NA
ENSG00000186480	INSIG1	protein_coding	NA
ENSG00000186481	ANKRD20A5P	lncRNA	NA
ENSG00000186501	TMEM222	protein_coding	NA
ENSG00000186522	SEPTIN10	protein_coding	NA
ENSG00000186566	GPATCH8	protein_coding	NA
ENSG00000186567	CEACAM19	protein_coding	NA
ENSG00000186575	NF2	protein_coding	NA
ENSG00000186577	SMIM29	protein_coding	NA
ENSG00000186591	UBE2H	protein_coding	NA
ENSG00000186594	MIR22HG	lncRNA	NA
ENSG00000186625	KATNA1	protein_coding	NA
ENSG00000186635	ARAP1	protein_coding	NA
ENSG00000186652	PRG2	protein_coding	NA
ENSG00000186654	PRR5	protein_coding	NA
ENSG00000186660	ZFP91	protein_coding	NA
ENSG00000186665	C17orf58	protein_coding	NA
ENSG00000186666	BCDIN3D	protein_coding	NA
ENSG00000186687	LYRM7	protein_coding	NA
ENSG00000186716	BCR	protein_coding	NA
ENSG00000186777	ZNF732	protein_coding	NA
ENSG00000186787	SPIN2B	protein_coding	NA
ENSG00000186792	HYAL3	protein_coding	NA
ENSG00000186812	ZNF397	protein_coding	NA
ENSG00000186814	ZSCAN30	protein_coding	NA
ENSG00000186815	TPCN1	protein_coding	NA
ENSG00000186818	LILRB4	protein_coding	NA
ENSG00000186827	TNFRSF4	protein_coding	NA
ENSG00000186847	KRT14	protein_coding	NA
ENSG00000186854	TRABD2A	protein_coding	NA
ENSG00000186866	POFUT2	protein_coding	NA
ENSG00000186889	TMEM17	protein_coding	NA
ENSG00000186908	ZDHHC17	protein_coding	NA
ENSG00000186973	CFAP144	protein_coding	NA
ENSG00000186994	KANK3	protein_coding	NA
ENSG00000187024	PTRH1	protein_coding	NA
ENSG00000187049	TMEM216	protein_coding	NA
ENSG00000187051	RPS19BP1	protein_coding	NA
ENSG00000187079	TEAD1	protein_coding	NA
ENSG00000187091	PLCD1	protein_coding	NA
ENSG00000187094	CCK	protein_coding	NA
ENSG00000187097	ENTPD5	protein_coding	NA
ENSG00000187109	NAP1L1	protein_coding	NA
ENSG00000187116	LILRA5	protein_coding	NA
ENSG00000187118	CMC1	protein_coding	NA
ENSG00000187123	LYPD6	protein_coding	NA
ENSG00000187134	AKR1C1	protein_coding	NA
ENSG00000187147	RNF220	protein_coding	NA
ENSG00000187164	SHTN1	protein_coding	NA
ENSG00000187186	ENSG00000187186	protein_coding	NA
ENSG00000187189	TSPYL4	protein_coding	NA
ENSG00000187193	MT1X	protein_coding	NA
ENSG00000187210	GCNT1	protein_coding	NA
ENSG00000187231	SESTD1	protein_coding	NA
ENSG00000187239	FNBP1	protein_coding	NA
ENSG00000187244	BCAM	protein_coding	NA
ENSG00000187257	RSBN1L	protein_coding	NA
ENSG00000187266	EPOR	protein_coding	NA
ENSG00000187325	TAF9B	protein_coding	NA
ENSG00000187446	CHP1	protein_coding	NA
ENSG00000187474	FPR3	protein_coding	NA
ENSG00000187498	COL4A1	protein_coding	NA
ENSG00000187513	GJA4	protein_coding	NA
ENSG00000187514	PTMA	protein_coding	NA
ENSG00000187522	HSPA14	protein_coding	NA
ENSG00000187531	SIRT7	protein_coding	NA
ENSG00000187555	USP7	protein_coding	NA
ENSG00000187556	NANOS3	protein_coding	NA
ENSG00000187581	COX8C	protein_coding	NA
ENSG00000187600	LINC02583	lncRNA	NA
ENSG00000187605	TET3	protein_coding	NA
ENSG00000187608	ISG15	protein_coding	NA
ENSG00000187609	EXD3	protein_coding	NA
ENSG00000187621	TCL6	lncRNA	NA
ENSG00000187626	ZKSCAN4	protein_coding	NA
ENSG00000187630	DHRS4L2	protein_coding	NA
ENSG00000187650	VMAC	protein_coding	NA
ENSG00000187688	TRPV2	protein_coding	NA
ENSG00000187699	C2orf88	protein_coding	NA
ENSG00000187726	DNAJB13	protein_coding	NA
ENSG00000187735	TCEA1	protein_coding	NA
ENSG00000187736	NHEJ1	protein_coding	NA
ENSG00000187741	FANCA	protein_coding	NA
ENSG00000187742	SECISBP2	protein_coding	NA
ENSG00000187753	C9orf153	protein_coding	NA
ENSG00000187764	SEMA4D	protein_coding	NA
ENSG00000187772	LIN28B	protein_coding	NA
ENSG00000187778	MCRS1	protein_coding	NA
ENSG00000187790	FANCM	protein_coding	NA
ENSG00000187824	TMEM220	protein_coding	NA
ENSG00000187838	PLSCR3	protein_coding	NA
ENSG00000187840	EIF4EBP1	protein_coding	NA
ENSG00000187860	CCDC157	protein_coding	NA
ENSG00000187953	PMS2CL	lncRNA	NA
ENSG00000187954	ZFTRAF1	protein_coding	NA
ENSG00000187955	COL14A1	protein_coding	NA
ENSG00000187980	PLA2G2C	protein_coding	NA
ENSG00000187994	RINL	protein_coding	NA
ENSG00000188001	TPRG1	protein_coding	NA
ENSG00000188002	PDCD6P1	lncRNA	NA
ENSG00000188010	MORN2	protein_coding	NA
ENSG00000188015	S100A3	protein_coding	NA
ENSG00000188026	RILPL1	protein_coding	NA
ENSG00000188033	ZNF490	protein_coding	NA
ENSG00000188038	NRN1L	protein_coding	NA
ENSG00000188042	ARL4C	protein_coding	NA
ENSG00000188092	GPR89B	protein_coding	NA
ENSG00000188100	FAM25A	protein_coding	NA
ENSG00000188112	C6orf132	protein_coding	NA
ENSG00000188153	COL4A5	protein_coding	NA
ENSG00000188171	ZNF626	protein_coding	NA
ENSG00000188177	ZC3H6	protein_coding	NA
ENSG00000188186	LAMTOR4	protein_coding	NA
ENSG00000188191	PRKAR1B	protein_coding	NA
ENSG00000188211	NCR3LG1	protein_coding	NA
ENSG00000188215	DCUN1D3	protein_coding	NA
ENSG00000188223	ENSG00000188223	protein_coding	NA
ENSG00000188229	TUBB4B	protein_coding	NA
ENSG00000188242	SLC9A3-OT1	lncRNA	NA
ENSG00000188243	COMMD6	protein_coding	NA
ENSG00000188257	PLA2G2A	protein_coding	NA
ENSG00000188266	HYKK	protein_coding	NA
ENSG00000188283	ZNF383	protein_coding	NA
ENSG00000188295	ZNF669	protein_coding	NA
ENSG00000188312	CENPP	protein_coding	NA
ENSG00000188313	PLSCR1	protein_coding	NA
ENSG00000188315	C3orf62	protein_coding	NA
ENSG00000188342	GTF2F2	protein_coding	NA
ENSG00000188343	CIBAR1	protein_coding	NA
ENSG00000188352	FOCAD	protein_coding	NA
ENSG00000188368	PRR19	protein_coding	NA
ENSG00000188372	ZP3	protein_coding	NA
ENSG00000188404	SELL	protein_coding	NA
ENSG00000188419	CHM	protein_coding	NA
ENSG00000188428	BLOC1S5	protein_coding	NA
ENSG00000188486	H2AX	protein_coding	NA
ENSG00000188493	ACTMAP	protein_coding	NA
ENSG00000188505	NCCRP1	protein_coding	NA
ENSG00000188529	SRSF10	protein_coding	NA
ENSG00000188536	HBA2	protein_coding	NA
ENSG00000188542	DUSP28	protein_coding	NA
ENSG00000188554	NBR1	protein_coding	NA
ENSG00000188559	RALGAPA2	protein_coding	NA
ENSG00000188566	NDOR1	protein_coding	NA
ENSG00000188603	CLN3	protein_coding	NA
ENSG00000188610	FAM72B	protein_coding	NA
ENSG00000188612	SUMO2	protein_coding	NA
ENSG00000188641	DPYD	protein_coding	NA
ENSG00000188643	S100A16	protein_coding	NA
ENSG00000188647	PTAR1	protein_coding	NA
ENSG00000188649	CC2D2B	protein_coding	NA
ENSG00000188659	SAXO2	protein_coding	NA
ENSG00000188676	IDO2	protein_coding	NA
ENSG00000188677	PARVB	protein_coding	NA
ENSG00000188690	UROS	protein_coding	NA
ENSG00000188693	CYP51A1-AS1	lncRNA	NA
ENSG00000188725	SMIM15	protein_coding	NA
ENSG00000188732	FAM221A	protein_coding	NA
ENSG00000188739	RBM34	protein_coding	NA
ENSG00000188760	TMEM198	protein_coding	NA
ENSG00000188766	SPRED3	protein_coding	NA
ENSG00000188783	PRELP	protein_coding	NA
ENSG00000188785	ZNF548	protein_coding	NA
ENSG00000188786	MTF1	protein_coding	NA
ENSG00000188811	NHLRC3	protein_coding	NA
ENSG00000188817	SNTN	protein_coding	NA
ENSG00000188820	CALHM6	protein_coding	NA
ENSG00000188825	LINC00910	lncRNA	NA
ENSG00000188846	RPL14	protein_coding	NA
ENSG00000188868	ZNF563	protein_coding	NA
ENSG00000188895	MSL1	protein_coding	NA
ENSG00000188906	LRRK2	protein_coding	NA
ENSG00000188921	HACD4	protein_coding	NA
ENSG00000188938	FAM120AOS	protein_coding	NA
ENSG00000188976	NOC2L	protein_coding	NA
ENSG00000188986	NELFB	protein_coding	NA
ENSG00000188994	ZNF292	protein_coding	NA
ENSG00000188997	KCTD21	protein_coding	NA
ENSG00000189042	ZNF567	protein_coding	NA
ENSG00000189043	NDUFA4	protein_coding	NA
ENSG00000189045	ANKDD1B	protein_coding	NA
ENSG00000189046	ALKBH2	protein_coding	NA
ENSG00000189050	RNFT1	protein_coding	NA
ENSG00000189052	CGB5	protein_coding	NA
ENSG00000189057	FAM111B	protein_coding	NA
ENSG00000189058	APOD	protein_coding	NA
ENSG00000189067	LITAF	protein_coding	NA
ENSG00000189068	VSTM1	protein_coding	NA
ENSG00000189077	TMEM120A	protein_coding	NA
ENSG00000189079	ARID2	protein_coding	NA
ENSG00000189091	SF3B3	protein_coding	NA
ENSG00000189108	IL1RAPL2	protein_coding	NA
ENSG00000189129	PLAC9	protein_coding	NA
ENSG00000189144	ZNF573	protein_coding	NA
ENSG00000189157	FAM47E	protein_coding	NA
ENSG00000189159	JPT1	protein_coding	NA
ENSG00000189171	S100A13	protein_coding	NA
ENSG00000189180	ZNF33A	protein_coding	NA
ENSG00000189184	PCDH18	protein_coding	NA
ENSG00000189190	ZNF600	protein_coding	NA
ENSG00000189195	BTBD8	protein_coding	NA
ENSG00000189221	MAOA	protein_coding	NA
ENSG00000189223	PAX8-AS1	lncRNA	NA
ENSG00000189227	C15orf61	protein_coding	NA
ENSG00000189229	ENSG00000189229	lncRNA	NA
ENSG00000189253	TRIM64B	protein_coding	NA
ENSG00000189266	PNRC2	protein_coding	NA
ENSG00000189280	GJB5	protein_coding	NA
ENSG00000189283	FHIT	protein_coding	NA
ENSG00000189292	ALKAL2	protein_coding	NA
ENSG00000189306	RRP7A	protein_coding	NA
ENSG00000189308	LIN54	protein_coding	NA
ENSG00000189334	S100A14	protein_coding	NA
ENSG00000189337	KAZN	protein_coding	NA
ENSG00000189376	C8orf76	protein_coding	NA
ENSG00000189403	HMGB1	protein_coding	NA
ENSG00000189409	MMP23B	protein_coding	NA
ENSG00000189410	SH2D5	protein_coding	NA
ENSG00000189433	GJB4	protein_coding	NA
ENSG00000196072	BLOC1S2	protein_coding	NA
ENSG00000196074	SYCP2	protein_coding	NA
ENSG00000196081	ZNF724	protein_coding	NA
ENSG00000196083	IL1RAP	protein_coding	NA
ENSG00000196109	ZNF676	protein_coding	NA
ENSG00000196116	TDRD7	protein_coding	NA
ENSG00000196126	HLA-DRB1	protein_coding	NA
ENSG00000196136	SERPINA3	protein_coding	NA
ENSG00000196139	AKR1C3	protein_coding	NA
ENSG00000196141	SPATS2L	protein_coding	NA
ENSG00000196150	ZNF250	protein_coding	NA
ENSG00000196151	WDSUB1	protein_coding	NA
ENSG00000196152	ZNF79	protein_coding	NA
ENSG00000196154	S100A4	protein_coding	NA
ENSG00000196159	FAT4	protein_coding	NA
ENSG00000196167	COLCA1	lncRNA	NA
ENSG00000196172	ZNF681	protein_coding	NA
ENSG00000196177	ACADSB	protein_coding	NA
ENSG00000196182	STK40	protein_coding	NA
ENSG00000196187	TMEM63A	protein_coding	NA
ENSG00000196189	SEMA4A	protein_coding	NA
ENSG00000196199	MPHOSPH8	protein_coding	NA
ENSG00000196204	RNF216P1	lncRNA	NA
ENSG00000196214	ZNF766	protein_coding	NA
ENSG00000196218	RYR1	protein_coding	NA
ENSG00000196227	FAM217B	protein_coding	NA
ENSG00000196230	TUBB	protein_coding	NA
ENSG00000196233	LCOR	protein_coding	NA
ENSG00000196235	SUPT5H	protein_coding	NA
ENSG00000196236	XPNPEP3	protein_coding	NA
ENSG00000196247	ZNF107	protein_coding	NA
ENSG00000196260	SFTA2	protein_coding	NA
ENSG00000196262	PPIA	protein_coding	NA
ENSG00000196263	ZNF471	protein_coding	NA
ENSG00000196267	ZNF836	protein_coding	NA
ENSG00000196268	ZNF493	protein_coding	NA
ENSG00000196277	GRM7	protein_coding	NA
ENSG00000196284	SUPT3H	protein_coding	NA
ENSG00000196290	NIF3L1	protein_coding	NA
ENSG00000196295	GARS1-DT	lncRNA	NA
ENSG00000196305	IARS1	protein_coding	NA
ENSG00000196313	POM121	protein_coding	NA
ENSG00000196323	ZBTB44	protein_coding	NA
ENSG00000196329	GIMAP5	protein_coding	NA
ENSG00000196335	STK31	protein_coding	NA
ENSG00000196337	CGB7	protein_coding	NA
ENSG00000196352	CD55	protein_coding	NA
ENSG00000196357	ZNF565	protein_coding	NA
ENSG00000196363	WDR5	protein_coding	NA
ENSG00000196365	LONP1	protein_coding	NA
ENSG00000196367	TRRAP	protein_coding	NA
ENSG00000196378	ZNF34	protein_coding	NA
ENSG00000196387	ZNF140	protein_coding	NA
ENSG00000196396	PTPN1	protein_coding	NA
ENSG00000196405	EVL	protein_coding	NA
ENSG00000196407	THEM5	protein_coding	NA
ENSG00000196408	NOXO1	protein_coding	NA
ENSG00000196411	EPHB4	protein_coding	NA
ENSG00000196415	PRTN3	protein_coding	NA
ENSG00000196417	ZNF765	protein_coding	NA
ENSG00000196418	ZNF124	protein_coding	NA
ENSG00000196419	XRCC6	protein_coding	NA
ENSG00000196428	TSC22D2	protein_coding	NA
ENSG00000196436	NPIPB15	protein_coding	NA
ENSG00000196437	ZNF569	protein_coding	NA
ENSG00000196440	ARMCX4	protein_coding	NA
ENSG00000196449	YRDC	protein_coding	NA
ENSG00000196455	PIK3R4	protein_coding	NA
ENSG00000196458	ZNF605	protein_coding	NA
ENSG00000196465	MYL6B	protein_coding	NA
ENSG00000196466	ZNF799	protein_coding	NA
ENSG00000196470	SIAH1	protein_coding	NA
ENSG00000196476	C20orf96	protein_coding	NA
ENSG00000196482	ESRRG	protein_coding	NA
ENSG00000196497	IPO4	protein_coding	NA
ENSG00000196498	NCOR2	protein_coding	NA
ENSG00000196502	SULT1A1	protein_coding	NA
ENSG00000196504	PRPF40A	protein_coding	NA
ENSG00000196505	GDAP2	protein_coding	NA
ENSG00000196507	TCEAL3	protein_coding	NA
ENSG00000196510	ANAPC7	protein_coding	NA
ENSG00000196511	TPK1	protein_coding	NA
ENSG00000196531	NACA	protein_coding	NA
ENSG00000196535	MYO18A	protein_coding	NA
ENSG00000196547	MAN2A2	protein_coding	NA
ENSG00000196549	MME	protein_coding	NA
ENSG00000196550	FAM72A	protein_coding	NA
ENSG00000196562	SULF2	protein_coding	NA
ENSG00000196565	HBG2	protein_coding	NA
ENSG00000196569	LAMA2	protein_coding	NA
ENSG00000196576	PLXNB2	protein_coding	NA
ENSG00000196584	XRCC2	protein_coding	NA
ENSG00000196586	MYO6	protein_coding	NA
ENSG00000196588	MRTFA	protein_coding	NA
ENSG00000196591	HDAC2	protein_coding	NA
ENSG00000196597	ZNF782	protein_coding	NA
ENSG00000196605	ZNF846	protein_coding	NA
ENSG00000196611	MMP1	protein_coding	NA
ENSG00000196616	ADH1B	protein_coding	NA
ENSG00000196628	TCF4	protein_coding	NA
ENSG00000196636	SDHAF3	protein_coding	NA
ENSG00000196642	RABL6	protein_coding	NA
ENSG00000196646	ZNF136	protein_coding	NA
ENSG00000196652	ZKSCAN5	protein_coding	NA
ENSG00000196653	ZNF502	protein_coding	NA
ENSG00000196655	TRAPPC4	protein_coding	NA
ENSG00000196663	TECPR2	protein_coding	NA
ENSG00000196668	LINC00173	lncRNA	NA
ENSG00000196670	ZFP62	protein_coding	NA
ENSG00000196678	ERI2	protein_coding	NA
ENSG00000196683	TOMM7	protein_coding	NA
ENSG00000196684	HSH2D	protein_coding	NA
ENSG00000196693	ZNF33B	protein_coding	NA
ENSG00000196700	ZNF512B	protein_coding	NA
ENSG00000196704	AMZ2	protein_coding	NA
ENSG00000196705	ZNF431	protein_coding	NA
ENSG00000196712	NF1	protein_coding	NA
ENSG00000196715	VKORC1L1	protein_coding	NA
ENSG00000196724	ZNF418	protein_coding	NA
ENSG00000196730	DAPK1	protein_coding	NA
ENSG00000196735	HLA-DQA1	protein_coding	NA
ENSG00000196743	GM2A	protein_coding	NA
ENSG00000196754	S100A2	protein_coding	NA
ENSG00000196756	SNHG17	lncRNA	NA
ENSG00000196757	ZNF700	protein_coding	NA
ENSG00000196776	CD47	protein_coding	NA
ENSG00000196781	TLE1	protein_coding	NA
ENSG00000196782	MAML3	protein_coding	NA
ENSG00000196792	STRN3	protein_coding	NA
ENSG00000196810	CTBP1-DT	lncRNA	NA
ENSG00000196812	ZSCAN16	protein_coding	NA
ENSG00000196814	MVB12B	protein_coding	NA
ENSG00000196821	ILRUN	protein_coding	NA
ENSG00000196839	ADA	protein_coding	NA
ENSG00000196843	ARID5A	protein_coding	NA
ENSG00000196859	KRT39	protein_coding	NA
ENSG00000196865	NHLRC2	protein_coding	NA
ENSG00000196867	ZFP28	protein_coding	NA
ENSG00000196872	CRACDL	protein_coding	NA
ENSG00000196873	ZNG1C	protein_coding	NA
ENSG00000196878	LAMB3	protein_coding	NA
ENSG00000196911	KPNA5	protein_coding	NA
ENSG00000196914	ARHGEF12	protein_coding	NA
ENSG00000196923	PDLIM7	protein_coding	NA
ENSG00000196924	FLNA	protein_coding	NA
ENSG00000196935	SRGAP1	protein_coding	NA
ENSG00000196937	FAM3C	protein_coding	NA
ENSG00000196943	NOP9	protein_coding	NA
ENSG00000196950	SLC39A10	protein_coding	NA
ENSG00000196951	SCOC-AS1	lncRNA	NA
ENSG00000196954	CASP4	protein_coding	NA
ENSG00000196961	AP2A1	protein_coding	NA
ENSG00000196967	ZNF585A	protein_coding	NA
ENSG00000196968	FUT11	protein_coding	NA
ENSG00000196975	ANXA4	protein_coding	NA
ENSG00000196976	LAGE3	protein_coding	NA
ENSG00000196998	WDR45	protein_coding	NA
ENSG00000197006	METTL9	protein_coding	NA
ENSG00000197008	ZNF138	protein_coding	NA
ENSG00000197013	ZNF429	protein_coding	NA
ENSG00000197019	SERTAD1	protein_coding	NA
ENSG00000197020	ZNF100	protein_coding	NA
ENSG00000197021	EOLA2	protein_coding	NA
ENSG00000197024	ZNF398	protein_coding	NA
ENSG00000197037	ZSCAN25	protein_coding	NA
ENSG00000197043	ANXA6	protein_coding	NA
ENSG00000197044	ZNF441	protein_coding	NA
ENSG00000197045	GMFB	protein_coding	NA
ENSG00000197050	ZNF420	protein_coding	NA
ENSG00000197054	ZNF763	protein_coding	NA
ENSG00000197056	ZMYM1	protein_coding	NA
ENSG00000197062	ZSCAN26	protein_coding	NA
ENSG00000197070	ARRDC1	protein_coding	NA
ENSG00000197081	IGF2R	protein_coding	NA
ENSG00000197093	GAL3ST4	protein_coding	NA
ENSG00000197102	DYNC1H1	protein_coding	NA
ENSG00000197111	PCBP2	protein_coding	NA
ENSG00000197114	ZGPAT	protein_coding	NA
ENSG00000197124	ZNF682	protein_coding	NA
ENSG00000197128	ZNF772	protein_coding	NA
ENSG00000197134	ZNF257	protein_coding	NA
ENSG00000197136	PCNX3	protein_coding	NA
ENSG00000197142	ACSL5	protein_coding	NA
ENSG00000197150	ABCB8	protein_coding	NA
ENSG00000197157	SND1	protein_coding	NA
ENSG00000197165	SULT1A2	protein_coding	NA
ENSG00000197170	PSMD12	protein_coding	NA
ENSG00000197172	MAGEA6	protein_coding	NA
ENSG00000197176	LINC02291	lncRNA	NA
ENSG00000197180	ATP6AP1-DT	lncRNA	NA
ENSG00000197182	MIRLET7BHG	lncRNA	NA
ENSG00000197183	NOL4L	protein_coding	NA
ENSG00000197208	SLC22A4	protein_coding	NA
ENSG00000197217	ENTPD4	protein_coding	NA
ENSG00000197223	C1D	protein_coding	NA
ENSG00000197226	TBC1D9B	protein_coding	NA
ENSG00000197249	SERPINA1	protein_coding	NA
ENSG00000197253	TPSB2	protein_coding	NA
ENSG00000197256	KANK2	protein_coding	NA
ENSG00000197265	GTF2E2	protein_coding	NA
ENSG00000197272	IL27	protein_coding	NA
ENSG00000197273	GUCA2A	protein_coding	NA
ENSG00000197279	ZNF165	protein_coding	NA
ENSG00000197299	BLM	protein_coding	NA
ENSG00000197302	KRBOX5	protein_coding	NA
ENSG00000197312	DDI2	protein_coding	NA
ENSG00000197321	SVIL	protein_coding	NA
ENSG00000197323	TRIM33	protein_coding	NA
ENSG00000197324	LRP10	protein_coding	NA
ENSG00000197329	PELI1	protein_coding	NA
ENSG00000197343	ZNF655	protein_coding	NA
ENSG00000197345	MRPL21	protein_coding	NA
ENSG00000197353	LYPD2	protein_coding	NA
ENSG00000197363	ZNF517	protein_coding	NA
ENSG00000197372	ZNF675	protein_coding	NA
ENSG00000197375	SLC22A5	protein_coding	NA
ENSG00000197386	HTT	protein_coding	NA
ENSG00000197405	C5AR1	protein_coding	NA
ENSG00000197415	VEPH1	protein_coding	NA
ENSG00000197417	SHPK	protein_coding	NA
ENSG00000197429	IPP	protein_coding	NA
ENSG00000197448	GSTK1	protein_coding	NA
ENSG00000197451	HNRNPAB	protein_coding	NA
ENSG00000197461	PDGFA	protein_coding	NA
ENSG00000197498	RPF2	protein_coding	NA
ENSG00000197520	FAM177B	protein_coding	NA
ENSG00000197530	MIB2	protein_coding	NA
ENSG00000197535	MYO5A	protein_coding	NA
ENSG00000197536	IRF1-AS1	lncRNA	NA
ENSG00000197540	GZMM	protein_coding	NA
ENSG00000197548	ATG7	protein_coding	NA
ENSG00000197555	SIPA1L1	protein_coding	NA
ENSG00000197561	ELANE	protein_coding	NA
ENSG00000197563	PIGN	protein_coding	NA
ENSG00000197568	ANKRD13C-DT	lncRNA	NA
ENSG00000197579	TOPORS	protein_coding	NA
ENSG00000197580	BCO2	protein_coding	NA
ENSG00000197586	ENTPD6	protein_coding	NA
ENSG00000197594	ENPP1	protein_coding	NA
ENSG00000197599	CCDC154	protein_coding	NA
ENSG00000197601	FAR1	protein_coding	NA
ENSG00000197603	CPLANE1	protein_coding	NA
ENSG00000197608	ZNF841	protein_coding	NA
ENSG00000197614	MFAP5	protein_coding	NA
ENSG00000197619	ZNF615	protein_coding	NA
ENSG00000197620	EOLA1	protein_coding	NA
ENSG00000197622	CDC42SE1	protein_coding	NA
ENSG00000197632	SERPINB2	protein_coding	NA
ENSG00000197635	DPP4	protein_coding	NA
ENSG00000197646	PDCD1LG2	protein_coding	NA
ENSG00000197647	ZNF433	protein_coding	NA
ENSG00000197694	SPTAN1	protein_coding	NA
ENSG00000197696	NMB	protein_coding	NA
ENSG00000197702	PARVA	protein_coding	NA
ENSG00000197712	FAM114A1	protein_coding	NA
ENSG00000197713	RPE	protein_coding	NA
ENSG00000197714	ZNF460	protein_coding	NA
ENSG00000197721	CR1L	protein_coding	NA
ENSG00000197728	RPS26	protein_coding	NA
ENSG00000197746	PSAP	protein_coding	NA
ENSG00000197747	S100A10	protein_coding	NA
ENSG00000197748	CFAP43	protein_coding	NA
ENSG00000197756	RPL37A	protein_coding	NA
ENSG00000197763	TXNRD3	protein_coding	NA
ENSG00000197766	CFD	protein_coding	NA
ENSG00000197769	MAP1LC3C	protein_coding	NA
ENSG00000197771	MCMBP	protein_coding	NA
ENSG00000197776	KLHDC1	protein_coding	NA
ENSG00000197779	ZNF81	protein_coding	NA
ENSG00000197780	TAF13	protein_coding	NA
ENSG00000197782	ZNF780A	protein_coding	NA
ENSG00000197798	FAM118B	protein_coding	NA
ENSG00000197808	ZNF461	protein_coding	NA
ENSG00000197818	SLC9A8	protein_coding	NA
ENSG00000197822	OCLN	protein_coding	NA
ENSG00000197837	H4C16	protein_coding	NA
ENSG00000197841	ZNF181	protein_coding	NA
ENSG00000197852	INKA2	protein_coding	NA
ENSG00000197857	ZNF44	protein_coding	NA
ENSG00000197858	GPAA1	protein_coding	NA
ENSG00000197860	SGTB	protein_coding	NA
ENSG00000197863	ZNF790	protein_coding	NA
ENSG00000197872	CYRIA	protein_coding	NA
ENSG00000197879	MYO1C	protein_coding	NA
ENSG00000197885	NKIRAS1	protein_coding	NA
ENSG00000197889	MEIG1	protein_coding	NA
ENSG00000197892	KIF13B	protein_coding	NA
ENSG00000197894	ADH5	protein_coding	NA
ENSG00000197905	TEAD4	protein_coding	NA
ENSG00000197912	SPG7	protein_coding	NA
ENSG00000197928	ZNF677	protein_coding	NA
ENSG00000197930	ERO1A	protein_coding	NA
ENSG00000197933	ZNF823	protein_coding	NA
ENSG00000197937	ZNF347	protein_coding	NA
ENSG00000197943	PLCG2	protein_coding	NA
ENSG00000197948	FCHSD1	protein_coding	NA
ENSG00000197951	ZNF71	protein_coding	NA
ENSG00000197956	S100A6	protein_coding	NA
ENSG00000197958	RPL12	protein_coding	NA
ENSG00000197961	ZNF121	protein_coding	NA
ENSG00000197965	MPZL1	protein_coding	NA
ENSG00000197969	VPS13A	protein_coding	NA
ENSG00000197976	AKAP17A	protein_coding	NA
ENSG00000197977	ELOVL2	protein_coding	NA
ENSG00000197982	C1orf122	protein_coding	NA
ENSG00000197989	SNHG12	lncRNA	NA
ENSG00000198000	NOL8	protein_coding	NA
ENSG00000198001	IRAK4	protein_coding	NA
ENSG00000198003	ODAD3	protein_coding	NA
ENSG00000198015	MRPL42	protein_coding	NA
ENSG00000198018	ENTPD7	protein_coding	NA
ENSG00000198019	FCGR1BP	lncRNA	NA
ENSG00000198026	ZNF335	protein_coding	NA
ENSG00000198034	RPS4X	protein_coding	NA
ENSG00000198039	ZNF273	protein_coding	NA
ENSG00000198040	ZNF84	protein_coding	NA
ENSG00000198042	MAK16	protein_coding	NA
ENSG00000198053	SIRPA	protein_coding	NA
ENSG00000198054	DSCR8	lncRNA	NA
ENSG00000198055	GRK6	protein_coding	NA
ENSG00000198056	PRIM1	protein_coding	NA
ENSG00000198060	MARCHF5	protein_coding	NA
ENSG00000198075	SULT1C4	protein_coding	NA
ENSG00000198081	ZBTB14	protein_coding	NA
ENSG00000198087	CD2AP	protein_coding	NA
ENSG00000198089	SFI1	protein_coding	NA
ENSG00000198093	ZNF649	protein_coding	NA
ENSG00000198105	ZNF248	protein_coding	NA
ENSG00000198121	LPAR1	protein_coding	NA
ENSG00000198125	MB	protein_coding	NA
ENSG00000198130	HIBCH	protein_coding	NA
ENSG00000198131	ZNF544	protein_coding	NA
ENSG00000198133	TMEM229B	protein_coding	NA
ENSG00000198146	ZNF770	protein_coding	NA
ENSG00000198157	HMGN5	protein_coding	NA
ENSG00000198160	MIER1	protein_coding	NA
ENSG00000198162	MAN1A2	protein_coding	NA
ENSG00000198168	SVIP	protein_coding	NA
ENSG00000198169	ZNF251	protein_coding	NA
ENSG00000198171	DDRGK1	protein_coding	NA
ENSG00000198176	TFDP1	protein_coding	NA
ENSG00000198189	HSD17B11	protein_coding	NA
ENSG00000198198	SZT2	protein_coding	NA
ENSG00000198218	QRICH1	protein_coding	NA
ENSG00000198221	AFDN-DT	lncRNA	NA
ENSG00000198223	CSF2RA	protein_coding	NA
ENSG00000198231	DDX42	protein_coding	NA
ENSG00000198242	RPL23A	protein_coding	NA
ENSG00000198246	SLC29A3	protein_coding	NA
ENSG00000198252	STYX	protein_coding	NA
ENSG00000198258	UBL5	protein_coding	NA
ENSG00000198265	HELZ	protein_coding	NA
ENSG00000198270	TMEM116	protein_coding	NA
ENSG00000198276	UCKL1	protein_coding	NA
ENSG00000198298	ZNF485	protein_coding	NA
ENSG00000198300	PEG3	protein_coding	NA
ENSG00000198301	SDAD1	protein_coding	NA
ENSG00000198315	ZKSCAN8	protein_coding	NA
ENSG00000198331	HYLS1	protein_coding	NA
ENSG00000198336	MYL4	protein_coding	NA
ENSG00000198355	PIM3	protein_coding	NA
ENSG00000198356	GET3	protein_coding	NA
ENSG00000198363	ASPH	protein_coding	NA
ENSG00000198369	SPRED2	protein_coding	NA
ENSG00000198373	WWP2	protein_coding	NA
ENSG00000198380	GFPT1	protein_coding	NA
ENSG00000198382	UVRAG	protein_coding	NA
ENSG00000198399	ITSN2	protein_coding	NA
ENSG00000198408	OGA	protein_coding	NA
ENSG00000198417	MT1F	protein_coding	NA
ENSG00000198420	TCAF1	protein_coding	NA
ENSG00000198429	ZNF69	protein_coding	NA
ENSG00000198431	TXNRD1	protein_coding	NA
ENSG00000198440	ZNF583	protein_coding	NA
ENSG00000198453	ZNF568	protein_coding	NA
ENSG00000198464	ZNF480	protein_coding	NA
ENSG00000198466	ZNF587	protein_coding	NA
ENSG00000198467	TPM2	protein_coding	NA
ENSG00000198468	FLVCR1-DT	lncRNA	NA
ENSG00000198478	SH3BGRL2	protein_coding	NA
ENSG00000198482	ZNF808	protein_coding	NA
ENSG00000198492	YTHDF2	protein_coding	NA
ENSG00000198496	NBR2	lncRNA	NA
ENSG00000198498	TMA16	protein_coding	NA
ENSG00000198502	HLA-DRB5	protein_coding	NA
ENSG00000198515	CNGA1	protein_coding	NA
ENSG00000198517	MAFK	protein_coding	NA
ENSG00000198521	ZNF43	protein_coding	NA
ENSG00000198522	GPN1	protein_coding	NA
ENSG00000198538	ZNF28	protein_coding	NA
ENSG00000198542	ITGBL1	protein_coding	NA
ENSG00000198546	ZNF511	protein_coding	NA
ENSG00000198551	ZNF627	protein_coding	NA
ENSG00000198554	WDHD1	protein_coding	NA
ENSG00000198556	ZNF789	protein_coding	NA
ENSG00000198561	CTNND1	protein_coding	NA
ENSG00000198563	DDX39B	protein_coding	NA
ENSG00000198585	NUDT16	protein_coding	NA
ENSG00000198586	TLK1	protein_coding	NA
ENSG00000198589	LRBA	protein_coding	NA
ENSG00000198590	APRG1	lncRNA	NA
ENSG00000198604	BAZ1A	protein_coding	NA
ENSG00000198612	COPS8	protein_coding	NA
ENSG00000198624	CCDC69	protein_coding	NA
ENSG00000198625	MDM4	protein_coding	NA
ENSG00000198626	RYR2	protein_coding	NA
ENSG00000198642	KLHL9	protein_coding	NA
ENSG00000198643	FAM3D	protein_coding	NA
ENSG00000198646	NCOA6	protein_coding	NA
ENSG00000198663	C6orf89	protein_coding	NA
ENSG00000198668	CALM1	protein_coding	NA
ENSG00000198673	TAFA2	protein_coding	NA
ENSG00000198677	SKIC3	protein_coding	NA
ENSG00000198682	PAPSS2	protein_coding	NA
ENSG00000198689	SLC9A6	protein_coding	NA
ENSG00000198690	FAN1	protein_coding	NA
ENSG00000198692	EIF1AY	protein_coding	NA
ENSG00000198700	IPO9	protein_coding	NA
ENSG00000198707	CEP290	protein_coding	NA
ENSG00000198715	GLMP	protein_coding	NA
ENSG00000198718	TOGARAM1	protein_coding	NA
ENSG00000198721	ECI2	protein_coding	NA
ENSG00000198722	UNC13B	protein_coding	NA
ENSG00000198728	LDB1	protein_coding	NA
ENSG00000198729	PPP1R14C	protein_coding	NA
ENSG00000198730	CTR9	protein_coding	NA
ENSG00000198732	SMOC1	protein_coding	NA
ENSG00000198734	F5	protein_coding	NA
ENSG00000198736	MSRB1	protein_coding	NA
ENSG00000198742	SMURF1	protein_coding	NA
ENSG00000198743	SLC5A3	protein_coding	NA
ENSG00000198746	GPATCH3	protein_coding	NA
ENSG00000198752	CDC42BPB	protein_coding	NA
ENSG00000198755	RPL10A	protein_coding	NA
ENSG00000198759	EGFL6	protein_coding	NA
ENSG00000198771	RCSD1	protein_coding	NA
ENSG00000198783	ZNF830	protein_coding	NA
ENSG00000198791	CNOT7	protein_coding	NA
ENSG00000198792	TMEM184B	protein_coding	NA
ENSG00000198793	MTOR	protein_coding	NA
ENSG00000198795	ZNF521	protein_coding	NA
ENSG00000198799	LRIG2	protein_coding	NA
ENSG00000198805	PNP	protein_coding	NA
ENSG00000198814	GK	protein_coding	NA
ENSG00000198815	FOXJ3	protein_coding	NA
ENSG00000198818	SFT2D1	protein_coding	NA
ENSG00000198825	INPP5F	protein_coding	NA
ENSG00000198826	ARHGAP11A	protein_coding	NA
ENSG00000198830	HMGN2	protein_coding	NA
ENSG00000198832	SELENOM	protein_coding	NA
ENSG00000198833	UBE2J1	protein_coding	NA
ENSG00000198836	OPA1	protein_coding	NA
ENSG00000198837	DENND4B	protein_coding	NA
ENSG00000198839	ZNF277	protein_coding	NA
ENSG00000198843	SELENOT	protein_coding	NA
ENSG00000198844	ARHGEF15	protein_coding	NA
ENSG00000198846	TOX	protein_coding	NA
ENSG00000198848	CES1	protein_coding	NA
ENSG00000198851	CD3E	protein_coding	NA
ENSG00000198855	FICD	protein_coding	NA
ENSG00000198856	OSTC	protein_coding	NA
ENSG00000198858	R3HDM4	protein_coding	NA
ENSG00000198860	TSEN15	protein_coding	NA
ENSG00000198862	LTN1	protein_coding	NA
ENSG00000198865	CCDC152	protein_coding	NA
ENSG00000198873	GRK5	protein_coding	NA
ENSG00000198874	TYW1	protein_coding	NA
ENSG00000198876	DCAF12	protein_coding	NA
ENSG00000198887	SMC5	protein_coding	NA
ENSG00000198892	SHISA4	protein_coding	NA
ENSG00000198894	CIPC	protein_coding	NA
ENSG00000198898	CAPZA2	protein_coding	NA
ENSG00000198900	TOP1	protein_coding	NA
ENSG00000198901	PRC1	protein_coding	NA
ENSG00000198911	SREBF2	protein_coding	NA
ENSG00000198912	C1orf174	protein_coding	NA
ENSG00000198915	RASGEF1A	protein_coding	NA
ENSG00000198917	SPOUT1	protein_coding	NA
ENSG00000198918	RPL39	protein_coding	NA
ENSG00000198919	DZIP3	protein_coding	NA
ENSG00000198924	DCLRE1A	protein_coding	NA
ENSG00000198925	ATG9A	protein_coding	NA
ENSG00000198929	NOS1AP	protein_coding	NA
ENSG00000198930	CSAG1	protein_coding	NA
ENSG00000198931	APRT	protein_coding	NA
ENSG00000198937	CCDC167	protein_coding	NA
ENSG00000198939	ZFP2	protein_coding	NA
ENSG00000198945	L3MBTL3	protein_coding	NA
ENSG00000198947	DMD	protein_coding	NA
ENSG00000198948	MFAP3L	protein_coding	NA
ENSG00000198951	NAGA	protein_coding	NA
ENSG00000198952	SMG5	protein_coding	NA
ENSG00000198954	KIFBP	protein_coding	NA
ENSG00000198959	TGM2	protein_coding	NA
ENSG00000198960	ARMCX6	protein_coding	NA
ENSG00000198961	PJA2	protein_coding	NA
ENSG00000198964	SGMS1	protein_coding	NA
ENSG00000203288	TDRKH-AS1	lncRNA	NA
ENSG00000203326	ZNF525	protein_coding	NA
ENSG00000203327	ENSG00000203327	lncRNA	NA
ENSG00000203485	INF2	protein_coding	NA
ENSG00000203499	IQANK1	protein_coding	NA
ENSG00000203546	ENSG00000203546	protein_coding	NA
ENSG00000203666	EFCAB2	protein_coding	NA
ENSG00000203667	COX20	protein_coding	NA
ENSG00000203668	CHML	protein_coding	NA
ENSG00000203697	CAPN8	protein_coding	NA
ENSG00000203705	TATDN3	protein_coding	NA
ENSG00000203706	SERTAD4-AS1	lncRNA	NA
ENSG00000203709	MIR29B2CHG	lncRNA	NA
ENSG00000203711	LINC02901	lncRNA	NA
ENSG00000203724	C1orf53	protein_coding	NA
ENSG00000203739	PRDX6-AS1	lncRNA	NA
ENSG00000203747	FCGR3A	protein_coding	NA
ENSG00000203760	CENPW	protein_coding	NA
ENSG00000203778	FAM229B	protein_coding	NA
ENSG00000203780	FANK1	protein_coding	NA
ENSG00000203783	PRR9	protein_coding	NA
ENSG00000203791	EEF1AKMT2	protein_coding	NA
ENSG00000203797	DDO	protein_coding	NA
ENSG00000203857	HSD3B1	protein_coding	NA
ENSG00000203859	HSD3B2	protein_coding	NA
ENSG00000203865	ATP1A1-AS1	lncRNA	NA
ENSG00000203867	RBM20	protein_coding	NA
ENSG00000203872	C6orf163	protein_coding	NA
ENSG00000203875	SNHG5	lncRNA	NA
ENSG00000203879	GDI1	protein_coding	NA
ENSG00000203880	PCMTD2	protein_coding	NA
ENSG00000203896	LIME1	protein_coding	NA
ENSG00000203897	SPATA42	lncRNA	NA
ENSG00000203907	OOEP	protein_coding	NA
ENSG00000203950	RTL8A	protein_coding	NA
ENSG00000203965	EFCAB7	protein_coding	NA
ENSG00000203993	ARRDC1-AS1	lncRNA	NA
ENSG00000204010	IFIT1B	protein_coding	NA
ENSG00000204019	CT83	protein_coding	NA
ENSG00000204049	ENSG00000204049	lncRNA	NA
ENSG00000204054	LINC00963	lncRNA	NA
ENSG00000204065	TCEAL5	protein_coding	NA
ENSG00000204070	SYS1	protein_coding	NA
ENSG00000204084	INPP5B	protein_coding	NA
ENSG00000204104	TRAF3IP1	protein_coding	NA
ENSG00000204116	CHIC1	protein_coding	NA
ENSG00000204120	GIGYF2	protein_coding	NA
ENSG00000204128	C2orf72	protein_coding	NA
ENSG00000204130	RUFY2	protein_coding	NA
ENSG00000204136	GGTA1	protein_coding	NA
ENSG00000204138	PHACTR4	protein_coding	NA
ENSG00000204147	ASAH2B	protein_coding	NA
ENSG00000204148	LINC00474	lncRNA	NA
ENSG00000204152	TIMM23B	protein_coding	NA
ENSG00000204160	ZDHHC18	protein_coding	NA
ENSG00000204161	TMEM273	protein_coding	NA
ENSG00000204178	MACO1	protein_coding	NA
ENSG00000204186	ZDBF2	protein_coding	NA
ENSG00000204209	DAXX	protein_coding	NA
ENSG00000204217	BMPR2	protein_coding	NA
ENSG00000204219	TCEA3	protein_coding	NA
ENSG00000204220	PFDN6	protein_coding	NA
ENSG00000204227	RING1	protein_coding	NA
ENSG00000204228	HSD17B8	protein_coding	NA
ENSG00000204231	RXRB	protein_coding	NA
ENSG00000204237	OXLD1	protein_coding	NA
ENSG00000204256	BRD2	protein_coding	NA
ENSG00000204257	HLA-DMA	protein_coding	NA
ENSG00000204261	PSMB8-AS1	lncRNA	NA
ENSG00000204262	COL5A2	protein_coding	NA
ENSG00000204264	PSMB8	protein_coding	NA
ENSG00000204267	TAP2	protein_coding	NA
ENSG00000204272	NBDY	protein_coding	NA
ENSG00000204287	HLA-DRA	protein_coding	NA
ENSG00000204291	COL15A1	protein_coding	NA
ENSG00000204304	PBX2	protein_coding	NA
ENSG00000204305	AGER	protein_coding	NA
ENSG00000204308	RNF5	protein_coding	NA
ENSG00000204310	AGPAT1	protein_coding	NA
ENSG00000204311	PJVK	protein_coding	NA
ENSG00000204315	FKBPL	protein_coding	NA
ENSG00000204316	MRPL38	protein_coding	NA
ENSG00000204323	SMIM5	protein_coding	NA
ENSG00000204334	ERICH2	protein_coding	NA
ENSG00000204344	STK19	protein_coding	NA
ENSG00000204348	DXO	protein_coding	NA
ENSG00000204351	SKIC2	protein_coding	NA
ENSG00000204356	NELFE	protein_coding	NA
ENSG00000204363	SPANXN5	protein_coding	NA
ENSG00000204370	SDHD	protein_coding	NA
ENSG00000204371	EHMT2	protein_coding	NA
ENSG00000204379	XAGE1A	protein_coding	NA
ENSG00000204381	LAYN	protein_coding	NA
ENSG00000204382	XAGE1B	protein_coding	NA
ENSG00000204386	NEU1	protein_coding	NA
ENSG00000204387	SNHG32	lncRNA	NA
ENSG00000204392	LSM2	protein_coding	NA
ENSG00000204394	VARS1	protein_coding	NA
ENSG00000204397	CARD16	protein_coding	NA
ENSG00000204406	MBD5	protein_coding	NA
ENSG00000204410	MSH5	protein_coding	NA
ENSG00000204414	CSHL1	protein_coding	NA
ENSG00000204420	MPIG6B	protein_coding	NA
ENSG00000204421	LY6G6C	protein_coding	NA
ENSG00000204427	ABHD16A	protein_coding	NA
ENSG00000204428	LY6G5C	protein_coding	NA
ENSG00000204435	CSNK2B	protein_coding	NA
ENSG00000204438	GPANK1	protein_coding	NA
ENSG00000204444	APOM	protein_coding	NA
ENSG00000204446	LINC02872	lncRNA	NA
ENSG00000204463	BAG6	protein_coding	NA
ENSG00000204469	PRRC2A	protein_coding	NA
ENSG00000204472	AIF1	protein_coding	NA
ENSG00000204475	NCR3	protein_coding	NA
ENSG00000204482	LST1	protein_coding	NA
ENSG00000204498	NFKBIL1	protein_coding	NA
ENSG00000204514	ZNF814	protein_coding	NA
ENSG00000204519	ZNF551	protein_coding	NA
ENSG00000204520	MICA	protein_coding	NA
ENSG00000204524	ZNF805	protein_coding	NA
ENSG00000204525	HLA-C	protein_coding	NA
ENSG00000204539	CDSN	protein_coding	NA
ENSG00000204540	PSORS1C1	protein_coding	NA
ENSG00000204556		lncRNA	NA
ENSG00000204560	DHX16	protein_coding	NA
ENSG00000204564	C6orf136	protein_coding	NA
ENSG00000204568	MRPS18B	protein_coding	NA
ENSG00000204569	PPP1R10	protein_coding	NA
ENSG00000204574	ABCF1	protein_coding	NA
ENSG00000204576	PRR3	protein_coding	NA
ENSG00000204577	LILRB3	protein_coding	NA
ENSG00000204580	DDR1	protein_coding	NA
ENSG00000204590	GNL1	protein_coding	NA
ENSG00000204592	HLA-E	protein_coding	NA
ENSG00000204595	DPRX	protein_coding	NA
ENSG00000204599	TRIM39	protein_coding	NA
ENSG00000204604	ZNF468	protein_coding	NA
ENSG00000204611	ZNF616	protein_coding	NA
ENSG00000204614	TRIM40	protein_coding	NA
ENSG00000204619	PPP1R11	protein_coding	NA
ENSG00000204620	ENSG00000204620	lncRNA	NA
ENSG00000204628	RACK1	protein_coding	NA
ENSG00000204632	HLA-G	protein_coding	NA
ENSG00000204642	HLA-F	protein_coding	NA
ENSG00000204644	ZFP57	protein_coding	NA
ENSG00000204673	AKT1S1	protein_coding	NA
ENSG00000204681	GABBR1	protein_coding	NA
ENSG00000204685	STARD7-AS1	lncRNA	NA
ENSG00000204709	LINC01556	lncRNA	NA
ENSG00000204710	SPDYC	protein_coding	NA
ENSG00000204713	TRIM27	protein_coding	NA
ENSG00000204740	MALRD1	protein_coding	NA
ENSG00000204764	RANBP17	protein_coding	NA
ENSG00000204778	ZNG1DP	lncRNA	NA
ENSG00000204815	ODAD4	protein_coding	NA
ENSG00000204822	MRPL53	protein_coding	NA
ENSG00000204832	ST8SIA6-AS1	lncRNA	NA
ENSG00000204842	ATXN2	protein_coding	NA
ENSG00000204843	DCTN1	protein_coding	NA
ENSG00000204852	TCTN1	protein_coding	NA
ENSG00000204856	FAM216A	protein_coding	NA
ENSG00000204859	ZBTB48	protein_coding	NA
ENSG00000204866	IGFL2	protein_coding	NA
ENSG00000204899	MZT1	protein_coding	NA
ENSG00000204920	ZNF155	protein_coding	NA
ENSG00000204922	UQCC3	protein_coding	NA
ENSG00000204923	FBXO48	protein_coding	NA
ENSG00000204941		protein_coding	NA
ENSG00000204954	UQCC6	protein_coding	NA
ENSG00000204959	ARHGEF34P	lncRNA	NA
ENSG00000204977	TRIM13	protein_coding	NA
ENSG00000204991	SPIRE2	protein_coding	NA
ENSG00000205002	AARD	protein_coding	NA
ENSG00000205060	SLC35B4	protein_coding	NA
ENSG00000205078	SYCE1L	protein_coding	NA
ENSG00000205106	LINC02716	lncRNA	NA
ENSG00000205133	TRIQK	protein_coding	NA
ENSG00000205155	PSENEN	protein_coding	NA
ENSG00000205177	C11orf91	protein_coding	NA
ENSG00000205181	LINC00654	lncRNA	NA
ENSG00000205189	ZBTB10	protein_coding	NA
ENSG00000205208	C4orf46	protein_coding	NA
ENSG00000205213	LGR4	protein_coding	NA
ENSG00000205220	PSMB10	protein_coding	NA
ENSG00000205221	VIT	protein_coding	NA
ENSG00000205250	E2F4	protein_coding	NA
ENSG00000205274	TRBV20OR9-2	lncRNA	NA
ENSG00000205293	LINC01602	lncRNA	NA
ENSG00000205302	SNX2	protein_coding	NA
ENSG00000205307	SAP25	protein_coding	NA
ENSG00000205323	SARNP	protein_coding	NA
ENSG00000205325	ENSG00000205325	lncRNA	NA
ENSG00000205336	ADGRG1	protein_coding	NA
ENSG00000205339	IPO7	protein_coding	NA
ENSG00000205352	PRR13	protein_coding	NA
ENSG00000205356	TECPR1	protein_coding	NA
ENSG00000205358	MT1H	protein_coding	NA
ENSG00000205362	MT1A	protein_coding	NA
ENSG00000205364	MT1M	protein_coding	NA
ENSG00000205403	CFI	protein_coding	NA
ENSG00000205413	SAMD9	protein_coding	NA
ENSG00000205420	KRT6A	protein_coding	NA
ENSG00000205423	CNEP1R1	protein_coding	NA
ENSG00000205426	KRT81	protein_coding	NA
ENSG00000205517	RGL3	protein_coding	NA
ENSG00000205531	NAP1L4	protein_coding	NA
ENSG00000205542	TMSB4X	protein_coding	NA
ENSG00000205544	TMEM256	protein_coding	NA
ENSG00000205559	CHKB-DT	lncRNA	NA
ENSG00000205560	CPT1B	protein_coding	NA
ENSG00000205571	SMN2	protein_coding	NA
ENSG00000205581	HMGN1	protein_coding	NA
ENSG00000205609	EIF3CL	protein_coding	NA
ENSG00000205628	LINC01446	lncRNA	NA
ENSG00000205629	LCMT1	protein_coding	NA
ENSG00000205643	CDPF1	protein_coding	NA
ENSG00000205659	LIN52	protein_coding	NA
ENSG00000205707	ETFRF1	protein_coding	NA
ENSG00000205726	ITSN1	protein_coding	NA
ENSG00000205758	CRYZL1	protein_coding	NA
ENSG00000205765	RIMOC1	protein_coding	NA
ENSG00000205791	LOH12CR2	lncRNA	NA
ENSG00000205822	TPTE2P6	lncRNA	NA
ENSG00000205846	CLEC6A	protein_coding	NA
ENSG00000205861	PCOTH	lncRNA	NA
ENSG00000205930	C21orf62-AS1	lncRNA	NA
ENSG00000205937	RNPS1	protein_coding	NA
ENSG00000205981	DNAJC19	protein_coding	NA
ENSG00000206052	DOK6	protein_coding	NA
ENSG00000206053	JPT2	protein_coding	NA
ENSG00000206073	SERPINB4	protein_coding	NA
ENSG00000206140	TMEM191C	protein_coding	NA
ENSG00000206172	HBA1	protein_coding	NA
ENSG00000206177	HBM	protein_coding	NA
ENSG00000206199	ANKUB1	protein_coding	NA
ENSG00000206337	HCP5	lncRNA	NA
ENSG00000206417	H1-10-AS1	lncRNA	NA
ENSG00000206418	RAB12	protein_coding	NA
ENSG00000206503	HLA-A	protein_coding	NA
ENSG00000206527	HACD2	protein_coding	NA
ENSG00000206530	CFAP44	protein_coding	NA
ENSG00000206535	LNP1	protein_coding	NA
ENSG00000206538	VGLL3	protein_coding	NA
ENSG00000206559	ZCWPW2	protein_coding	NA
ENSG00000206562	METTL6	protein_coding	NA
ENSG00000206573	THUMPD3-AS1	lncRNA	NA
ENSG00000207751	ENSG00000207751	lncRNA	NA
ENSG00000211445	GPX3	protein_coding	NA
ENSG00000211448	DIO2	protein_coding	NA
ENSG00000211450	SELENOH	protein_coding	NA
ENSG00000211455	STK38L	protein_coding	NA
ENSG00000211456	SACM1L	protein_coding	NA
ENSG00000211460	TSN	protein_coding	NA
ENSG00000211584	SLC48A1	protein_coding	NA
ENSG00000211598	IGKV4-1	lncRNA	NA
ENSG00000211638	IGLV8-61	lncRNA	NA
ENSG00000211640	IGLV6-57	lncRNA	NA
ENSG00000211644	IGLV1-51	lncRNA	NA
ENSG00000211648	IGLV1-47	lncRNA	NA
ENSG00000211650	IGLV5-45	lncRNA	NA
ENSG00000211651	IGLV1-44	lncRNA	NA
ENSG00000211653	IGLV1-40	lncRNA	NA
ENSG00000211659	IGLV3-25	lncRNA	NA
ENSG00000211660	IGLV2-23	lncRNA	NA
ENSG00000211663	IGLV3-19	lncRNA	NA
ENSG00000211666	IGLV2-14	lncRNA	NA
ENSG00000211668	IGLV2-11	lncRNA	NA
ENSG00000211669	IGLV3-10	lncRNA	NA
ENSG00000211673	IGLV3-1	lncRNA	NA
ENSG00000211695	TRGV9	lncRNA	NA
ENSG00000211697	TRGV5	lncRNA	NA
ENSG00000211747	TRBV20-1	lncRNA	NA
ENSG00000211751	TRBC1	lncRNA	NA
ENSG00000211772	TRBC2	lncRNA	NA
ENSG00000211790	TRAV8-4	lncRNA	NA
ENSG00000211825		protein_coding	NA
ENSG00000211827		protein_coding	NA
ENSG00000211890	IGHA2	lncRNA	NA
ENSG00000211891	IGHE	lncRNA	NA
ENSG00000211892	IGHG4	lncRNA	NA
ENSG00000211893	IGHG2	lncRNA	NA
ENSG00000211895	IGHA1	lncRNA	NA
ENSG00000211896	IGHG1	lncRNA	NA
ENSG00000211897	IGHG3	lncRNA	NA
ENSG00000211899	IGHM	lncRNA	NA
ENSG00000211934	IGHV1-2	lncRNA	NA
ENSG00000211937	IGHV2-5	lncRNA	NA
ENSG00000211938	IGHV3-7	lncRNA	NA
ENSG00000211941	IGHV3-11	lncRNA	NA
ENSG00000211943	IGHV3-15	lncRNA	NA
ENSG00000211945	IGHV1-18	lncRNA	NA
ENSG00000211947	IGHV3-21	lncRNA	NA
ENSG00000211949	IGHV3-23	lncRNA	NA
ENSG00000211959	IGHV4-39	lncRNA	NA
ENSG00000211962	IGHV1-46	lncRNA	NA
ENSG00000211964	IGHV3-48	lncRNA	NA
ENSG00000211965	IGHV3-49	lncRNA	NA
ENSG00000211966	IGHV5-51	lncRNA	NA
ENSG00000212124		lncRNA	NA
ENSG00000212127	TAS2R14	protein_coding	NA
ENSG00000212694	LINC01089	lncRNA	NA
ENSG00000212802	RPL15P3	lncRNA	NA
ENSG00000212978	C2orf74-DT	lncRNA	NA
ENSG00000213015	ZNF580	protein_coding	NA
ENSG00000213020	ZNF611	protein_coding	NA
ENSG00000213024	NUP62	protein_coding	NA
ENSG00000213030	CGB8	protein_coding	NA
ENSG00000213047	DENND1B	protein_coding	NA
ENSG00000213064	SFT2D2	protein_coding	NA
ENSG00000213066	CEP43	protein_coding	NA
ENSG00000213079	SCAF8	protein_coding	NA
ENSG00000213085	CFAP45	protein_coding	NA
ENSG00000213088	ACKR1	protein_coding	NA
ENSG00000213096	ZNF254	protein_coding	NA
ENSG00000213123	DYNLT2B	protein_coding	NA
ENSG00000213139	CRYGS	protein_coding	NA
ENSG00000213145	CRIP1	protein_coding	NA
ENSG00000213160	KLHL23	protein_coding	NA
ENSG00000213185	FAM24B	protein_coding	NA
ENSG00000213186	TRIM59	protein_coding	NA
ENSG00000213190	MLLT11	protein_coding	NA
ENSG00000213203	GIMAP1	protein_coding	NA
ENSG00000213214	ARHGEF35	protein_coding	NA
ENSG00000213215	OR2F1	protein_coding	NA
ENSG00000213218	CSH2	protein_coding	NA
ENSG00000213221	DNLZ	protein_coding	NA
ENSG00000213231	TCL1B	protein_coding	NA
ENSG00000213246	SUPT4H1	protein_coding	NA
ENSG00000213265	TSGA13	protein_coding	NA
ENSG00000213281	NRAS	protein_coding	NA
ENSG00000213316	LTC4S	protein_coding	NA
ENSG00000213337	ANKRD39	protein_coding	NA
ENSG00000213339	QTRT1	protein_coding	NA
ENSG00000213341	CHUK	protein_coding	NA
ENSG00000213347	MXD3	protein_coding	NA
ENSG00000213366	GSTM2	protein_coding	NA
ENSG00000213373	LINC00671	lncRNA	NA
ENSG00000213380	COG8	protein_coding	NA
ENSG00000213397	HAUS7	protein_coding	NA
ENSG00000213398	LCAT	protein_coding	NA
ENSG00000213402	PTPRCAP	protein_coding	NA
ENSG00000213442	RPL18AP3	lncRNA	NA
ENSG00000213445	SIPA1	protein_coding	NA
ENSG00000213462	ERV3-1	protein_coding	NA
ENSG00000213463	SYNJ2BP	protein_coding	NA
ENSG00000213465	ARL2	protein_coding	NA
ENSG00000213468	FIRRE	lncRNA	NA
ENSG00000213516	RBMXL1	protein_coding	NA
ENSG00000213523	SRA1	protein_coding	NA
ENSG00000213533	STIMATE	protein_coding	NA
ENSG00000213551	DNAJC9	protein_coding	NA
ENSG00000213563	C8orf82	protein_coding	NA
ENSG00000213585	VDAC1	protein_coding	NA
ENSG00000213588	ZBTB9	protein_coding	NA
ENSG00000213593	TMX2	protein_coding	NA
ENSG00000213614	HEXA	protein_coding	NA
ENSG00000213619	NDUFS3	protein_coding	NA
ENSG00000213625	LEPROT	protein_coding	NA
ENSG00000213626	LBH	protein_coding	NA
ENSG00000213639	PPP1CB	protein_coding	NA
ENSG00000213648	SULT1A4	protein_coding	NA
ENSG00000213654	GPSM3	protein_coding	NA
ENSG00000213658	LAT	protein_coding	NA
ENSG00000213672	NCKIPSD	protein_coding	NA
ENSG00000213676	ATF6B	protein_coding	NA
ENSG00000213689	TREX1	protein_coding	NA
ENSG00000213694	S1PR3	protein_coding	NA
ENSG00000213699	SLC35F6	protein_coding	NA
ENSG00000213714	FAM209B	protein_coding	NA
ENSG00000213719	CLIC1	protein_coding	NA
ENSG00000213722	DDAH2	protein_coding	NA
ENSG00000213741	RPS29	protein_coding	NA
ENSG00000213762	ZNF134	protein_coding	NA
ENSG00000213780	GTF2H4	protein_coding	NA
ENSG00000213782	DDX47	protein_coding	NA
ENSG00000213793	ZNF888	protein_coding	NA
ENSG00000213799	ZNF845	protein_coding	NA
ENSG00000213809	KLRK1	protein_coding	NA
ENSG00000213853	EMP2	protein_coding	NA
ENSG00000213886	UBD	protein_coding	NA
ENSG00000213889	PPM1N	protein_coding	NA
ENSG00000213904	LIPE-AS1	lncRNA	NA
ENSG00000213918	DNASE1	protein_coding	NA
ENSG00000213920	MDP1	protein_coding	NA
ENSG00000213923	CSNK1E	protein_coding	NA
ENSG00000213927	CCL27	protein_coding	NA
ENSG00000213928	IRF9	protein_coding	NA
ENSG00000213930	GALT	protein_coding	NA
ENSG00000213931	HBE1	protein_coding	NA
ENSG00000213934	HBG1	protein_coding	NA
ENSG00000213949	ITGA1	protein_coding	NA
ENSG00000213963	ENSG00000213963	lncRNA	NA
ENSG00000213965	NUDT19	protein_coding	NA
ENSG00000213967	ZNF726	protein_coding	NA
ENSG00000213977	TAX1BP3	protein_coding	NA
ENSG00000213983	AP1G2	protein_coding	NA
ENSG00000213988	ZNF90	protein_coding	NA
ENSG00000213995	NAXD	protein_coding	NA
ENSG00000213996	TM6SF2	protein_coding	NA
ENSG00000214013	GANC	protein_coding	NA
ENSG00000214021	TTLL3	protein_coding	NA
ENSG00000214026	MRPL23	protein_coding	NA
ENSG00000214029	ZNF891	protein_coding	NA
ENSG00000214046	SMIM7	protein_coding	NA
ENSG00000214049	UCA1	lncRNA	NA
ENSG00000214063	TSPAN4	protein_coding	NA
ENSG00000214078	CPNE1	protein_coding	NA
ENSG00000214087	ARL16	protein_coding	NA
ENSG00000214106	PAXIP1-AS2	lncRNA	NA
ENSG00000214113	LYRM4	protein_coding	NA
ENSG00000214114	MYCBP	protein_coding	NA
ENSG00000214140	PRCD	protein_coding	NA
ENSG00000214160	ALG3	protein_coding	NA
ENSG00000214193	SH3D21	protein_coding	NA
ENSG00000214194	SMIM30	protein_coding	NA
ENSG00000214212	C19orf38	protein_coding	NA
ENSG00000214253	FIS1	protein_coding	NA
ENSG00000214274	ANG	protein_coding	NA
ENSG00000214293	APTR	lncRNA	NA
ENSG00000214367	HAUS3	protein_coding	NA
ENSG00000214376	VSTM5	protein_coding	NA
ENSG00000214401	KANSL1-AS1	lncRNA	NA
ENSG00000214413	BBIP1	protein_coding	NA
ENSG00000214517	PPME1	protein_coding	NA
ENSG00000214530	STARD10	protein_coding	NA
ENSG00000214548	MEG3	lncRNA	NA
ENSG00000214654	B3GALT9	protein_coding	NA
ENSG00000214655	ZSWIM8	protein_coding	NA
ENSG00000214694	ARHGEF33	protein_coding	NA
ENSG00000214706	IFRD2	protein_coding	NA
ENSG00000214719	ENSG00000214719	lncRNA	NA
ENSG00000214736	TOMM6	protein_coding	NA
ENSG00000214753	HNRNPUL2	protein_coding	NA
ENSG00000214772		lncRNA	NA
ENSG00000214870	LINC02981	lncRNA	NA
ENSG00000214900	LINC01588	lncRNA	NA
ENSG00000214941	ZSWIM7	protein_coding	NA
ENSG00000214944	ARHGEF28	protein_coding	NA
ENSG00000214954	LRRC69	protein_coding	NA
ENSG00000214960	CRPPA	protein_coding	NA
ENSG00000215012	RTL10	protein_coding	NA
ENSG00000215018	COL28A1	protein_coding	NA
ENSG00000215021	PHB2	protein_coding	NA
ENSG00000215039	CD27-AS1	lncRNA	NA
ENSG00000215041	NEURL4	protein_coding	NA
ENSG00000215067	ALOX12-AS1	lncRNA	NA
ENSG00000215068	ANXA2R-AS1	lncRNA	NA
ENSG00000215114	UBXN2B	protein_coding	NA
ENSG00000215126	ZNG1F	protein_coding	NA
ENSG00000215183	MSMP	protein_coding	NA
ENSG00000215190	LINC00680	lncRNA	NA
ENSG00000215193	PEX26	protein_coding	NA
ENSG00000215217	CFAP90	protein_coding	NA
ENSG00000215237	ENSG00000215237	lncRNA	NA
ENSG00000215251	FASTKD5	protein_coding	NA
ENSG00000215256	DHRS4-AS1	lncRNA	NA
ENSG00000215301	DDX3X	protein_coding	NA
ENSG00000215305	VPS16	protein_coding	NA
ENSG00000215375	MYL5	protein_coding	NA
ENSG00000215386	MIR99AHG	lncRNA	NA
ENSG00000215421	ZNF407	protein_coding	NA
ENSG00000215440	NPEPL1	protein_coding	NA
ENSG00000215472	RPL17-C18orf32	protein_coding	NA
ENSG00000215533	LINC00189	lncRNA	NA
ENSG00000215548	FRG1JP	lncRNA	NA
ENSG00000215595	C20orf202	protein_coding	NA
ENSG00000215712	TMEM242	protein_coding	NA
ENSG00000215717	TMEM167B	protein_coding	NA
ENSG00000215769	ARHGAP27P1-BPTFP1-KPNA2P3	lncRNA	NA
ENSG00000215788	TNFRSF25	protein_coding	NA
ENSG00000215808	LINC01139	lncRNA	NA
ENSG00000215841	ENSG00000215841	lncRNA	NA
ENSG00000215845	TSTD1	protein_coding	NA
ENSG00000215861	ENSG00000215861	lncRNA	NA
ENSG00000215866	LINC01356	lncRNA	NA
ENSG00000215910	C1orf167	protein_coding	NA
ENSG00000215915	ATAD3C	protein_coding	NA
ENSG00000216490	IFI30	protein_coding	NA
ENSG00000216588	IGSF23	protein_coding	NA
ENSG00000216895	RBM33-DT	lncRNA	NA
ENSG00000216921	FAM240C	protein_coding	NA
ENSG00000217128	FNIP1	protein_coding	NA
ENSG00000217442	SYCE3	protein_coding	NA
ENSG00000217555	CKLF	protein_coding	NA
ENSG00000217930	PAM16	protein_coding	NA
ENSG00000218336	TENM3	protein_coding	NA
ENSG00000218416	GPC1-AS1	lncRNA	NA
ENSG00000218510	LINC00339	lncRNA	NA
ENSG00000218739	CEBPZOS	protein_coding	NA
ENSG00000219200	RNASEK	protein_coding	NA
ENSG00000219435	CATSPERZ	protein_coding	NA
ENSG00000219481	NBPF1	protein_coding	NA
ENSG00000219545	UMAD1	protein_coding	NA
ENSG00000219626	FAM228B	protein_coding	NA
ENSG00000219665	ZNF433-AS1	lncRNA	NA
ENSG00000220201	ZGLP1	protein_coding	NA
ENSG00000220205	VAMP2	protein_coding	NA
ENSG00000221817	PPP3CB-AS1	lncRNA	NA
ENSG00000221823	PPP3R1	protein_coding	NA
ENSG00000221826	PSG3	protein_coding	NA
ENSG00000221829	FANCG	protein_coding	NA
ENSG00000221838	AP4M1	protein_coding	NA
ENSG00000221867	MAGEA3	protein_coding	NA
ENSG00000221878	PSG7	protein_coding	NA
ENSG00000221886	FAM200C	protein_coding	NA
ENSG00000221909	FAM200A	protein_coding	NA
ENSG00000221914	PPP2R2A	protein_coding	NA
ENSG00000221923	ZNF880	protein_coding	NA
ENSG00000221926	TRIM16	protein_coding	NA
ENSG00000221955	SLC12A8	protein_coding	NA
ENSG00000221963	APOL6	protein_coding	NA
ENSG00000221968	FADS3	protein_coding	NA
ENSG00000221978	CCNL2	protein_coding	NA
ENSG00000221983	UBA52	protein_coding	NA
ENSG00000221988	PPT2	protein_coding	NA
ENSG00000221994	ZNF630	protein_coding	NA
ENSG00000222001	ENSG00000222001	lncRNA	NA
ENSG00000222005	LINC01118	lncRNA	NA
ENSG00000222011	FAM185A	protein_coding	NA
ENSG00000222017	ENSG00000222017	lncRNA	NA
ENSG00000222020	HDAC4-AS1	lncRNA	NA
ENSG00000222041	CYTOR	lncRNA	NA
ENSG00000222612	RNU2-52P	lncRNA	NA
ENSG00000223350	IGLV9-49	lncRNA	NA
ENSG00000223403	MEG9	lncRNA	NA
ENSG00000223478	ZDHHC12-DT	lncRNA	NA
ENSG00000223482	NUTM2A-AS1	lncRNA	NA
ENSG00000223501	VPS52	protein_coding	NA
ENSG00000223537	ZBTB24-DT	lncRNA	NA
ENSG00000223547	ZNF844	protein_coding	NA
ENSG00000223552	CCR5AS	lncRNA	NA
ENSG00000223572	CKMT1A	protein_coding	NA
ENSG00000223573	TINCR	protein_coding	NA
ENSG00000223608	DSCR4-IT1	lncRNA	NA
ENSG00000223609	HBD	protein_coding	NA
ENSG00000223745	CCDC18-AS1	lncRNA	NA
ENSG00000223749	MIR503HG	lncRNA	NA
ENSG00000223768	LINC00205	lncRNA	NA
ENSG00000223783	LINC01983	lncRNA	NA
ENSG00000223797	ENTPD3-AS1	lncRNA	NA
ENSG00000223799	IL10RB-DT	lncRNA	NA
ENSG00000223813	PRR15-DT	lncRNA	NA
ENSG00000223850	MYCNUT	lncRNA	NA
ENSG00000223855	PDGFA-DT	lncRNA	NA
ENSG00000223865	HLA-DPB1	protein_coding	NA
ENSG00000223891	OSER1-DT	lncRNA	NA
ENSG00000224020	MIR181A2HG	lncRNA	NA
ENSG00000224023	EDRF1-DT	lncRNA	NA
ENSG00000224032	EPB41L4A-AS1	lncRNA	NA
ENSG00000224043	CCNT2-AS1	lncRNA	NA
ENSG00000224046	DMTF1-AS1	lncRNA	NA
ENSG00000224051	CPTP	protein_coding	NA
ENSG00000224057	EGFR-AS1	lncRNA	NA
ENSG00000224063	CALCRL-AS1	lncRNA	NA
ENSG00000224137	LINC01857	lncRNA	NA
ENSG00000224165	DNAJC27-AS1	lncRNA	NA
ENSG00000224167	LINC01357	lncRNA	NA
ENSG00000224174	ENSG00000224174	lncRNA	NA
ENSG00000224177	LINC00570	lncRNA	NA
ENSG00000224259	LINC01133	lncRNA	NA
ENSG00000224307	LINC02975	lncRNA	NA
ENSG00000224371	ENSG00000224371	lncRNA	NA
ENSG00000224373	IGHV4-59	lncRNA	NA
ENSG00000224397	PELATON	lncRNA	NA
ENSG00000224420	ADM5	protein_coding	NA
ENSG00000224429	LINC00539	lncRNA	NA
ENSG00000224459	SLC25A34-AS1	lncRNA	NA
ENSG00000224470	ATXN1L	protein_coding	NA
ENSG00000224525	ENSG00000224525	lncRNA	NA
ENSG00000224531	SMIM13	protein_coding	NA
ENSG00000224536	CSRP1-AS1	lncRNA	NA
ENSG00000224597	SVIL-AS1	lncRNA	NA
ENSG00000224616	RTCA-AS1	lncRNA	NA
ENSG00000224650	IGHV3-74	lncRNA	NA
ENSG00000224652	LINC00885	lncRNA	NA
ENSG00000224660	SH3BP5-AS1	lncRNA	NA
ENSG00000224687	RASAL2-AS1	lncRNA	NA
ENSG00000224699	LAMTOR5-AS1	lncRNA	NA
ENSG00000224790	HLCS-AS1	lncRNA	NA
ENSG00000224794	ENSG00000224794	lncRNA	NA
ENSG00000224817	LINC03046	lncRNA	NA
ENSG00000224843	LINC00240	lncRNA	NA
ENSG00000224846	NQO2-AS1	lncRNA	NA
ENSG00000224848	ENSG00000224848	lncRNA	NA
ENSG00000224870	MRPL20-AS1	lncRNA	NA
ENSG00000224877	NDUFAF8	protein_coding	NA
ENSG00000224893	LINC02840	lncRNA	NA
ENSG00000224945	ENSG00000224945	lncRNA	NA
ENSG00000224958	PGM5-AS1	lncRNA	NA
ENSG00000224961	LINC01752	lncRNA	NA
ENSG00000224970	ENSG00000224970	lncRNA	NA
ENSG00000225062	CATIP-AS1	lncRNA	NA
ENSG00000225077	ICMT-DT	lncRNA	NA
ENSG00000225096	ENSG00000225096	lncRNA	NA
ENSG00000225177	NHSL1-AS1	lncRNA	NA
ENSG00000225190	PLEKHM1	protein_coding	NA
ENSG00000225265	TAF1A-AS1	lncRNA	NA
ENSG00000225285	LINC01770	lncRNA	NA
ENSG00000225339	ENSG00000225339	lncRNA	NA
ENSG00000225377	NRSN2-AS1	lncRNA	NA
ENSG00000225392		protein_coding	NA
ENSG00000225434	LINC01504	lncRNA	NA
ENSG00000225470	JPX	lncRNA	NA
ENSG00000225484	NUTM2B-AS1	lncRNA	NA
ENSG00000225489	LINC02851	lncRNA	NA
ENSG00000225526	MKRN2OS	protein_coding	NA
ENSG00000225548	LINC01980	lncRNA	NA
ENSG00000225606	ENSG00000225606	lncRNA	NA
ENSG00000225648	SBDSP1	lncRNA	NA
ENSG00000225663	MCRIP1	protein_coding	NA
ENSG00000225697	SLC26A6	protein_coding	NA
ENSG00000225706	PTPRD-AS1	lncRNA	NA
ENSG00000225731	PDE9A-AS1	lncRNA	NA
ENSG00000225733	FGD5-AS1	lncRNA	NA
ENSG00000225746	MEG8	lncRNA	NA
ENSG00000225783	MIAT	lncRNA	NA
ENSG00000225791	TRAM2-AS1	lncRNA	NA
ENSG00000225792	SNX10-AS1	lncRNA	NA
ENSG00000225828	FAM229A	protein_coding	NA
ENSG00000225830	ERCC6	protein_coding	NA
ENSG00000225833	ACE2-DT	lncRNA	NA
ENSG00000225855	RUSC1-AS1	lncRNA	NA
ENSG00000225882	LINC01456	lncRNA	NA
ENSG00000225889	ENSG00000225889	lncRNA	NA
ENSG00000225921	NOL7	protein_coding	NA
ENSG00000225936	SLC18A2-AS1	lncRNA	NA
ENSG00000225950	NTF4	protein_coding	NA
ENSG00000225973	PIGBOS1	protein_coding	NA
ENSG00000225975	ZNF567-DT	lncRNA	NA
ENSG00000225982	ENSG00000225982	lncRNA	NA
ENSG00000226005	LINC02660	lncRNA	NA
ENSG00000226025	ENSG00000226025	lncRNA	NA
ENSG00000226051	ZNF503-AS1	lncRNA	NA
ENSG00000226067	LINC00623	lncRNA	NA
ENSG00000226089	ENSG00000226089	lncRNA	NA
ENSG00000226091	LINC00937	lncRNA	NA
ENSG00000226124	FTCDNL1	protein_coding	NA
ENSG00000226197	ENSG00000226197	lncRNA	NA
ENSG00000226206	ENSG00000226206	lncRNA	NA
ENSG00000226210	WASH8P	lncRNA	NA
ENSG00000226237	GAS1RR	lncRNA	NA
ENSG00000226266	ENSG00000226266	lncRNA	NA
ENSG00000226278	PSPHP1	lncRNA	NA
ENSG00000226291	ENSG00000226291	lncRNA	NA
ENSG00000226328	NUP50-DT	lncRNA	NA
ENSG00000226332	ENSG00000226332	lncRNA	NA
ENSG00000226419	SLC16A1-AS1	lncRNA	NA
ENSG00000226465	ENSG00000226465	lncRNA	NA
ENSG00000226471	ENSG00000226471	lncRNA	NA
ENSG00000226548	ENSG00000226548	lncRNA	NA
ENSG00000226688	ENTPD1-AS1	lncRNA	NA
ENSG00000226696	LENG8-AS1	lncRNA	NA
ENSG00000226742	HSBP1L1	protein_coding	NA
ENSG00000226754	MAGOH-DT	lncRNA	NA
ENSG00000226762	LINC02668	lncRNA	NA
ENSG00000226791	LINC02611	lncRNA	NA
ENSG00000226824	ENSG00000226824	lncRNA	NA
ENSG00000226853	GPR155-DT	lncRNA	NA
ENSG00000226856	THORLNC	lncRNA	NA
ENSG00000226887	ERVMER34-1	protein_coding	NA
ENSG00000226900	ENSG00000226900	lncRNA	NA
ENSG00000226950	DANCR	lncRNA	NA
ENSG00000226956	ENSG00000226956	lncRNA	NA
ENSG00000226965	ENSG00000226965	lncRNA	NA
ENSG00000226985	LINC01203	lncRNA	NA
ENSG00000227051	C14orf132	protein_coding	NA
ENSG00000227053	MUC12-AS1	lncRNA	NA
ENSG00000227057	WDR46	protein_coding	NA
ENSG00000227060	LINC00629	lncRNA	NA
ENSG00000227121	LINC02672	lncRNA	NA
ENSG00000227124	ZNF717	protein_coding	NA
ENSG00000227191	TRGC2	lncRNA	NA
ENSG00000227218	ENSG00000227218	lncRNA	NA
ENSG00000227232	WASH7P	lncRNA	NA
ENSG00000227258	SMIM2-AS1	lncRNA	NA
ENSG00000227306	LINC02708	lncRNA	NA
ENSG00000227338	ENSG00000227338	lncRNA	NA
ENSG00000227345	PARG	protein_coding	NA
ENSG00000227355	ENSG00000227355	lncRNA	NA
ENSG00000227388	ENSG00000227388	lncRNA	NA
ENSG00000227398	KIF9-AS1	lncRNA	NA
ENSG00000227403	LINC01806	lncRNA	NA
ENSG00000227471	AKR1B15	protein_coding	NA
ENSG00000227479	ENSG00000227479	lncRNA	NA
ENSG00000227486	ENSG00000227486	lncRNA	NA
ENSG00000227500	SCAMP4	protein_coding	NA
ENSG00000227507	LTB	protein_coding	NA
ENSG00000227517	LINC01483	lncRNA	NA
ENSG00000227533	SLC2A1-DT	lncRNA	NA
ENSG00000227540	DNAJC9-AS1	lncRNA	NA
ENSG00000227544	LINC03013	lncRNA	NA
ENSG00000227695	DNMBP-AS1	lncRNA	NA
ENSG00000227733	ENSG00000227733	lncRNA	NA
ENSG00000227811	INKA2-AS1	lncRNA	NA
ENSG00000227885	ENSG00000227885	lncRNA	NA
ENSG00000227896	WAPL-DT	lncRNA	NA
ENSG00000227946	INO80D-AS1	lncRNA	NA
ENSG00000227953	LINC01341	lncRNA	NA
ENSG00000228013	IL6R-AS1	lncRNA	NA
ENSG00000228044	ENSG00000228044	lncRNA	NA
ENSG00000228049	POLR2J2	protein_coding	NA
ENSG00000228058	LINC01736	lncRNA	NA
ENSG00000228084	ENSG00000228084	lncRNA	NA
ENSG00000228100	LINC01820	lncRNA	NA
ENSG00000228201	ENSG00000228201	lncRNA	NA
ENSG00000228288	PCAT6	lncRNA	NA
ENSG00000228300	FAM174C	protein_coding	NA
ENSG00000228315	GUSBP11	lncRNA	NA
ENSG00000228393	LINC01004	lncRNA	NA
ENSG00000228395	ENSG00000228395	lncRNA	NA
ENSG00000228401	ENSG00000228401	lncRNA	NA
ENSG00000228404	ENSG00000228404	lncRNA	NA
ENSG00000228427	ENSG00000228427	lncRNA	NA
ENSG00000228436	RRAGC-DT	lncRNA	NA
ENSG00000228474	OST4	protein_coding	NA
ENSG00000228486	C2orf92	protein_coding	NA
ENSG00000228506	PNISR-AS1	lncRNA	NA
ENSG00000228521	ENSG00000228521	lncRNA	NA
ENSG00000228560	ENSG00000228560	lncRNA	NA
ENSG00000228566	ENSG00000228566	lncRNA	NA
ENSG00000228589	SPCS2P4	lncRNA	NA
ENSG00000228623	ZNF883	protein_coding	NA
ENSG00000228649	SNHG26	lncRNA	NA
ENSG00000228661	STIM1-AS1	lncRNA	NA
ENSG00000228696	ARL17B	protein_coding	NA
ENSG00000228701	TNKS2-DT	lncRNA	NA
ENSG00000228707	ENSG00000228707	lncRNA	NA
ENSG00000228714	ENSG00000228714	lncRNA	NA
ENSG00000228716	DHFR	protein_coding	NA
ENSG00000228727	SAPCD1	protein_coding	NA
ENSG00000228737	ENSG00000228737	lncRNA	NA
ENSG00000228782	MRPL45P2	lncRNA	NA
ENSG00000228794	LINC01128	lncRNA	NA
ENSG00000228801	PCMTD1-DT	lncRNA	NA
ENSG00000228889	UBAC2-AS1	lncRNA	NA
ENSG00000228917	NECTIN4-AS1	lncRNA	NA
ENSG00000228933	ENSG00000228933	lncRNA	NA
ENSG00000228980	LINC01205	lncRNA	NA
ENSG00000229043	ZFAND2A-DT	lncRNA	NA
ENSG00000229056	HECW2-AS1	lncRNA	NA
ENSG00000229108	LINC02587	lncRNA	NA
ENSG00000229117	RPL41	protein_coding	NA
ENSG00000229153	EPHA1-AS1	lncRNA	NA
ENSG00000229196	LINC03008	lncRNA	NA
ENSG00000229205	LINC00200	lncRNA	NA
ENSG00000229278	ENSG00000229278	lncRNA	NA
ENSG00000229291	LINC02768	lncRNA	NA
ENSG00000229299	ZBTB46-AS2	lncRNA	NA
ENSG00000229308	ENSG00000229308	lncRNA	NA
ENSG00000229388	TAF12-DT	lncRNA	NA
ENSG00000229425	ENSG00000229425	lncRNA	NA
ENSG00000229474	PATL2	protein_coding	NA
ENSG00000229619	MBNL1-AS1	lncRNA	NA
ENSG00000229642	ENSG00000229642	lncRNA	NA
ENSG00000229666	MAST4-AS1	lncRNA	NA
ENSG00000229671	LINC01150	lncRNA	NA
ENSG00000229739	PDC-AS1	lncRNA	NA
ENSG00000229807	XIST	lncRNA	NA
ENSG00000229809	ZNF688	protein_coding	NA
ENSG00000229833	PET100	protein_coding	NA
ENSG00000229851	ARSD-AS1	lncRNA	NA
ENSG00000229852	KHDC1-AS1	lncRNA	NA
ENSG00000229950	TFAP2A-AS1	lncRNA	NA
ENSG00000229951	FOSL2-AS1	lncRNA	NA
ENSG00000229967	MAGEA4-AS1	lncRNA	NA
ENSG00000229980	TOB1-AS1	lncRNA	NA
ENSG00000229989	MIR181A1HG	lncRNA	NA
ENSG00000230074	ENSG00000230074	lncRNA	NA
ENSG00000230082	PRRT3-AS1	lncRNA	NA
ENSG00000230084	ZBTB47-AS1	lncRNA	NA
ENSG00000230092	ENSG00000230092	lncRNA	NA
ENSG00000230102	LINC02028	lncRNA	NA
ENSG00000230124	ACBD6	protein_coding	NA
ENSG00000230138	LINC02812	lncRNA	NA
ENSG00000230148	HOXB-AS1	lncRNA	NA
ENSG00000230155	CEP250-AS1	lncRNA	NA
ENSG00000230197	ENSG00000230197	lncRNA	NA
ENSG00000230266	XXYLT1-AS2	lncRNA	NA
ENSG00000230317	LINC01284	lncRNA	NA
ENSG00000230337	EXOSC10-AS1	lncRNA	NA
ENSG00000230368	FAM41C	lncRNA	NA
ENSG00000230424	EMC1-AS1	lncRNA	NA
ENSG00000230487	PSMG3-AS1	lncRNA	NA
ENSG00000230490	ENSG00000230490	lncRNA	NA
ENSG00000230513	THAP7-AS1	lncRNA	NA
ENSG00000230551	ENSG00000230551	lncRNA	NA
ENSG00000230555	LINC02916	lncRNA	NA
ENSG00000230590	FTX	lncRNA	NA
ENSG00000230615	ENSG00000230615	lncRNA	NA
ENSG00000230630	DNM3OS	lncRNA	NA
ENSG00000230712	GGTLC4P	lncRNA	NA
ENSG00000230753	ZNF341-AS1	lncRNA	NA
ENSG00000230773	ENSG00000230773	lncRNA	NA
ENSG00000230795	HLA-K	lncRNA	NA
ENSG00000230825	LINC03016	lncRNA	NA
ENSG00000230844	ZNF674-AS1	lncRNA	NA
ENSG00000230899	MAGEA8-AS1	lncRNA	NA
ENSG00000230937	MIR205HG	lncRNA	NA
ENSG00000230989	HSBP1	protein_coding	NA
ENSG00000231074	HCG18	lncRNA	NA
ENSG00000231131	LNCAROD	lncRNA	NA
ENSG00000231138	ENSG00000231138	lncRNA	NA
ENSG00000231160	KLF3-AS1	lncRNA	NA
ENSG00000231170	PDK4-AS1	lncRNA	NA
ENSG00000231233	CFAP58-DT	lncRNA	NA
ENSG00000231304	SGO1-AS1	lncRNA	NA
ENSG00000231312	MAP4K3-DT	lncRNA	NA
ENSG00000231327	LINC01816	lncRNA	NA
ENSG00000231346	LINC01160	lncRNA	NA
ENSG00000231365	WARS2-AS1	lncRNA	NA
ENSG00000231389	HLA-DPA1	protein_coding	NA
ENSG00000231412	LINC03078	lncRNA	NA
ENSG00000231426	FILNC1	lncRNA	NA
ENSG00000231473	RB1-DT	lncRNA	NA
ENSG00000231500	RPS18	protein_coding	NA
ENSG00000231533	ENSG00000231533	lncRNA	NA
ENSG00000231535	LINC00278	lncRNA	NA
ENSG00000231566	LINC02595	lncRNA	NA
ENSG00000231607	DLEU2	lncRNA	NA
ENSG00000231663	COA6-AS1	lncRNA	NA
ENSG00000231713	ENSG00000231713	lncRNA	NA
ENSG00000231721	LINC-PINT	lncRNA	NA
ENSG00000231742	LINC01273	lncRNA	NA
ENSG00000231764	DLX6-AS1	lncRNA	NA
ENSG00000231770	TMEM44-AS1	lncRNA	NA
ENSG00000231789	PIK3CD-AS2	lncRNA	NA
ENSG00000231806	PCAT7	lncRNA	NA
ENSG00000231887	PRH1	protein_coding	NA
ENSG00000231889	TRAF3IP2-AS1	lncRNA	NA
ENSG00000231890	DARS1-AS1	lncRNA	NA
ENSG00000231908	IDH1-AS1	lncRNA	NA
ENSG00000231920	NEBL-AS1	lncRNA	NA
ENSG00000231924	PSG1	protein_coding	NA
ENSG00000231925	TAPBP	protein_coding	NA
ENSG00000231948	HS1BP3-IT1	lncRNA	NA
ENSG00000231952	DPY19L1P2	lncRNA	NA
ENSG00000231999	LRRC8C-DT	lncRNA	NA
ENSG00000232023	LINC01807	lncRNA	NA
ENSG00000232065	LINC01063	lncRNA	NA
ENSG00000232070	TMEM253	protein_coding	NA
ENSG00000232112	TMA7	protein_coding	NA
ENSG00000232119	MCTS1	protein_coding	NA
ENSG00000232284	GNG12-AS1	lncRNA	NA
ENSG00000232310	LINC03002	lncRNA	NA
ENSG00000232316	LINC02518	lncRNA	NA
ENSG00000232352	SEMA3B-AS1	lncRNA	NA
ENSG00000232363	ENSG00000232363	lncRNA	NA
ENSG00000232388	SMIM26	protein_coding	NA
ENSG00000232412	STAG2-AS1	lncRNA	NA
ENSG00000232442	MHENCR	lncRNA	NA
ENSG00000232444	ENSG00000232444	lncRNA	NA
ENSG00000232485	RPL37A-DT	lncRNA	NA
ENSG00000232533	FAM131B-AS2	lncRNA	NA
ENSG00000232628	ENSG00000232628	lncRNA	NA
ENSG00000232671	ZNF687-AS1	lncRNA	NA
ENSG00000232677	LINC00665	lncRNA	NA
ENSG00000232721	ENSG00000232721	lncRNA	NA
ENSG00000232729	GTF2I-AS1	lncRNA	NA
ENSG00000232807	ENSG00000232807	lncRNA	NA
ENSG00000232838	PET117	protein_coding	NA
ENSG00000232859	LYRM9	protein_coding	NA
ENSG00000232884	ENSG00000232884	lncRNA	NA
ENSG00000232896	ENSG00000232896	lncRNA	NA
ENSG00000232956	SNHG15	lncRNA	NA
ENSG00000233006	MIR3936HG	lncRNA	NA
ENSG00000233008	LINC01725	lncRNA	NA
ENSG00000233016	SNHG7	lncRNA	NA
ENSG00000233056	ERVH48-1	protein_coding	NA
ENSG00000233070	ZFY-AS1	lncRNA	NA
ENSG00000233093	LINC00892	lncRNA	NA
ENSG00000233098	CCDC144NL-AS1	lncRNA	NA
ENSG00000233101	HOXB-AS3	lncRNA	NA
ENSG00000233117	LINC00702	lncRNA	NA
ENSG00000233123	LINC01007	lncRNA	NA
ENSG00000233124	LINC00456	lncRNA	NA
ENSG00000233154	LINC01762	lncRNA	NA
ENSG00000233184	DPH5-DT	lncRNA	NA
ENSG00000233208	LINC00642	lncRNA	NA
ENSG00000233222	ENSG00000233222	lncRNA	NA
ENSG00000233223	MPDU1-AS1	lncRNA	NA
ENSG00000233230	ENSG00000233230	lncRNA	NA
ENSG00000233251	ENSG00000233251	lncRNA	NA
ENSG00000233276	GPX1	protein_coding	NA
ENSG00000233369	GTF2IP4	lncRNA	NA
ENSG00000233379	ENSG00000233379	lncRNA	NA
ENSG00000233429	HOTAIRM1	lncRNA	NA
ENSG00000233461	ENSG00000233461	lncRNA	NA
ENSG00000233527	ZNF529-AS1	lncRNA	NA
ENSG00000233581	ENSG00000233581	lncRNA	NA
ENSG00000233608	TWIST2	protein_coding	NA
ENSG00000233621	ZC3H12A-DT	lncRNA	NA
ENSG00000233725	NRAD1	lncRNA	NA
ENSG00000233746	LINC00656	lncRNA	NA
ENSG00000233799	ENSG00000233799	lncRNA	NA
ENSG00000233806	LINC01237	lncRNA	NA
ENSG00000233822	H2BC15	protein_coding	NA
ENSG00000233834	GIRGL	lncRNA	NA
ENSG00000233850	ENSG00000233850	lncRNA	NA
ENSG00000233854	POU6F2-AS2	lncRNA	NA
ENSG00000233871	DLG5-AS1	lncRNA	NA
ENSG00000233901	LINC01503	lncRNA	NA
ENSG00000233912	ENSG00000233912	lncRNA	NA
ENSG00000233913	RPL10P9	lncRNA	NA
ENSG00000233927	RPS28	protein_coding	NA
ENSG00000233937	CTC-338M12.4	lncRNA	NA
ENSG00000233967	ENSG00000233967	lncRNA	NA
ENSG00000233987	ENSG00000233987	lncRNA	NA
ENSG00000234068	PAGE2	protein_coding	NA
ENSG00000234072	GTF3C2-AS2	lncRNA	NA
ENSG00000234127	TRIM26	protein_coding	NA
ENSG00000234147	ENSG00000234147	lncRNA	NA
ENSG00000234171	RNASEH1-DT	lncRNA	NA
ENSG00000234222	LIX1L-AS1	lncRNA	NA
ENSG00000234283	LINC01731	lncRNA	NA
ENSG00000234284	ZNF879	protein_coding	NA
ENSG00000234323	LINC01505	lncRNA	NA
ENSG00000234327	ZNF232-AS1	lncRNA	NA
ENSG00000234378	ENSG00000234378	lncRNA	NA
ENSG00000234380	LINC01426	lncRNA	NA
ENSG00000234444	ZNF736	protein_coding	NA
ENSG00000234456	MAGI2-AS3	lncRNA	NA
ENSG00000234465	PINLYP	protein_coding	NA
ENSG00000234494	SP2-AS1	lncRNA	NA
ENSG00000234506	LINC01506	lncRNA	NA
ENSG00000234511	C5orf58	protein_coding	NA
ENSG00000234545	FAM133B	protein_coding	NA
ENSG00000234546	LNCTAM34A	lncRNA	NA
ENSG00000234608	MAPKAPK5-AS1	lncRNA	NA
ENSG00000234616	JRK	protein_coding	NA
ENSG00000234636	MED14OS	lncRNA	NA
ENSG00000234665	LERFS	lncRNA	NA
ENSG00000234678	ELF3-AS1	lncRNA	NA
ENSG00000234684	SDCBP2-AS1	lncRNA	NA
ENSG00000234694	CDC20-DT	lncRNA	NA
ENSG00000234695	TFPI2-DT	lncRNA	NA
ENSG00000234699	ENSG00000234699	lncRNA	NA
ENSG00000234705	HMGA1P4	lncRNA	NA
ENSG00000234719	NPIPB2	protein_coding	NA
ENSG00000234741	GAS5	lncRNA	NA
ENSG00000234745	HLA-B	protein_coding	NA
ENSG00000234807	LINC01135	lncRNA	NA
ENSG00000234883	MIR155HG	lncRNA	NA
ENSG00000234896	OR7E62P	lncRNA	NA
ENSG00000234906	APOC2	protein_coding	NA
ENSG00000234912	SNHG20	lncRNA	NA
ENSG00000235021	ENSG00000235021	lncRNA	NA
ENSG00000235026	DPP10-AS1	lncRNA	NA
ENSG00000235043	TECRP1	lncRNA	NA
ENSG00000235098	ANKRD65	protein_coding	NA
ENSG00000235109	ZSCAN31	protein_coding	NA
ENSG00000235142	LINC02532	lncRNA	NA
ENSG00000235146	ENSG00000235146	lncRNA	NA
ENSG00000235162	C12orf75	protein_coding	NA
ENSG00000235169	SMIM1	protein_coding	NA
ENSG00000235173	HGH1	protein_coding	NA
ENSG00000235194	PPP1R3E	protein_coding	NA
ENSG00000235257	ITGA9-AS1	lncRNA	NA
ENSG00000235387	SPAAR	protein_coding	NA
ENSG00000235437	LINC01278	lncRNA	NA
ENSG00000235453	SMIM27	protein_coding	NA
ENSG00000235523	ENSG00000235523	lncRNA	NA
ENSG00000235531	MSC-AS1	lncRNA	NA
ENSG00000235706	DICER1-AS1	lncRNA	NA
ENSG00000235750	KIAA0040	protein_coding	NA
ENSG00000235790	PEF1-AS1	lncRNA	NA
ENSG00000235823	OLMALINC	lncRNA	NA
ENSG00000235831	BHLHE40-AS1	lncRNA	NA
ENSG00000235954	TTC28-AS1	lncRNA	NA
ENSG00000236017	ASMTL-AS1	lncRNA	NA
ENSG00000236028	EYA2-AS1	lncRNA	NA
ENSG00000236054	SYN3-AS1	lncRNA	NA
ENSG00000236088	COX10-DT	lncRNA	NA
ENSG00000236104	ZBTB22	protein_coding	NA
ENSG00000236120	LINC03070	lncRNA	NA
ENSG00000236204	LINC01376	lncRNA	NA
ENSG00000236283	ENSG00000236283	lncRNA	NA
ENSG00000236287	ZBED5	protein_coding	NA
ENSG00000236304	ENSG00000236304	lncRNA	NA
ENSG00000236305	SLC12A9-AS1	lncRNA	NA
ENSG00000236347	ENSG00000236347	lncRNA	NA
ENSG00000236352	ENSG00000236352	lncRNA	NA
ENSG00000236449	ENSG00000236449	lncRNA	NA
ENSG00000236507	ENSG00000236507	lncRNA	NA
ENSG00000236618	PITPNA-AS1	lncRNA	NA
ENSG00000236682	MAP3K2-DT	lncRNA	NA
ENSG00000236751	LINC01186	lncRNA	NA
ENSG00000236778	INTS6-AS1	lncRNA	NA
ENSG00000236810	ELOA-AS1	lncRNA	NA
ENSG00000236830	CBR3-AS1	lncRNA	NA
ENSG00000236859	NIFK-AS1	lncRNA	NA
ENSG00000236861	BET1-AS1	lncRNA	NA
ENSG00000236924	ENSG00000236924	lncRNA	NA
ENSG00000236939	BAALC-AS2	lncRNA	NA
ENSG00000237101	ENSG00000237101	lncRNA	NA
ENSG00000237125	HAND2-AS1	lncRNA	NA
ENSG00000237181	PRKAR1B-AS1	lncRNA	NA
ENSG00000237187	NR2F1-AS1	lncRNA	NA
ENSG00000237188	ENSG00000237188	lncRNA	NA
ENSG00000237190	CDKN2AIPNL	protein_coding	NA
ENSG00000237222	LINC01968	lncRNA	NA
ENSG00000237238	BMS1P10	lncRNA	NA
ENSG00000237248	LINC00987	lncRNA	NA
ENSG00000237281	CATIP-AS2	lncRNA	NA
ENSG00000237289	CKMT1B	protein_coding	NA
ENSG00000237298	TTN-AS1	lncRNA	NA
ENSG00000237310	LINC03011	lncRNA	NA
ENSG00000237356	ENSG00000237356	lncRNA	NA
ENSG00000237372	LINC03062	lncRNA	NA
ENSG00000237380	HOXD-AS2	lncRNA	NA
ENSG00000237429	ENSG00000237429	lncRNA	NA
ENSG00000237440	ZNF737	protein_coding	NA
ENSG00000237441	RGL2	protein_coding	NA
ENSG00000237476	LINC01637	lncRNA	NA
ENSG00000237489	C10orf143	protein_coding	NA
ENSG00000237512	UNC5B-AS1	lncRNA	NA
ENSG00000237594	TIAM1-AS1	lncRNA	NA
ENSG00000237638	LINC02245	lncRNA	NA
ENSG00000237643	LINC01610	lncRNA	NA
ENSG00000237649	KIFC1	protein_coding	NA
ENSG00000237651	C2orf74	protein_coding	NA
ENSG00000237765	FAM200B	protein_coding	NA
ENSG00000237773	ENSG00000237773	lncRNA	NA
ENSG00000237797	MACORIS	lncRNA	NA
ENSG00000237836	PHKA2-AS1	lncRNA	NA
ENSG00000237877	LINC01473	lncRNA	NA
ENSG00000237883	DGUOK-AS1	lncRNA	NA
ENSG00000237945	LINC00649	lncRNA	NA
ENSG00000237976	RFX5-AS1	lncRNA	NA
ENSG00000237978	KCNMB2-AS1	lncRNA	NA
ENSG00000238039	ENSG00000238039	lncRNA	NA
ENSG00000238057	ZEB2-AS1	lncRNA	NA
ENSG00000238083	LRRC37A2	protein_coding	NA
ENSG00000238097	LINC02037	lncRNA	NA
ENSG00000238142	ENSG00000238142	lncRNA	NA
ENSG00000238164	TNFRSF14-AS1	lncRNA	NA
ENSG00000238287	EXO5-DT	lncRNA	NA
ENSG00000239213	NCK1-DT	lncRNA	NA
ENSG00000239264	TXNDC5	protein_coding	NA
ENSG00000239282	CASTOR1	protein_coding	NA
ENSG00000239305	RNF103	protein_coding	NA
ENSG00000239306	RBM14	protein_coding	NA
ENSG00000239322	ATP6V1B1-AS1	lncRNA	NA
ENSG00000239332	LINC01119	lncRNA	NA
ENSG00000239382	ALKBH6	protein_coding	NA
ENSG00000239407	ENSG00000239407	lncRNA	NA
ENSG00000239445	ST3GAL6-AS1	lncRNA	NA
ENSG00000239523	MYLK-AS1	lncRNA	NA
ENSG00000239569	KMT2E-AS1	lncRNA	NA
ENSG00000239636	TFAP2E-AS1	lncRNA	NA
ENSG00000239672	NME1	protein_coding	NA
ENSG00000239697	TNFSF12	protein_coding	NA
ENSG00000239713	APOBEC3G	protein_coding	NA
ENSG00000239775	ENSG00000239775	lncRNA	NA
ENSG00000239779	WBP1	protein_coding	NA
ENSG00000239789	MRPS17	protein_coding	NA
ENSG00000239828	CCDC54-AS1	lncRNA	NA
ENSG00000239839	DEFA3	protein_coding	NA
ENSG00000239855	IGKV1-6	lncRNA	NA
ENSG00000239857	GET4	protein_coding	NA
ENSG00000239900	ADSL	protein_coding	NA
ENSG00000239951	IGKV3-20	lncRNA	NA
ENSG00000239998	LILRA2	protein_coding	NA
ENSG00000240005	STIM2-AS1	lncRNA	NA
ENSG00000240006	LINC02004	lncRNA	NA
ENSG00000240038	AMY2B	protein_coding	NA
ENSG00000240065	PSMB9	protein_coding	NA
ENSG00000240137	ERICH6-AS1	lncRNA	NA
ENSG00000240184	PCDHGC3	protein_coding	NA
ENSG00000240204	SMKR1	protein_coding	NA
ENSG00000240211	PPP1R35-AS1	lncRNA	NA
ENSG00000240230	COX19	protein_coding	NA
ENSG00000240303	ACAD11	protein_coding	NA
ENSG00000240344	PPIL3	protein_coding	NA
ENSG00000240350	SOCAR	lncRNA	NA
ENSG00000240382	IGKV1-17	lncRNA	NA
ENSG00000240563	L1TD1	protein_coding	NA
ENSG00000240583	AQP1	protein_coding	NA
ENSG00000240654	C1QTNF9	protein_coding	NA
ENSG00000240682	ISY1	protein_coding	NA
ENSG00000240747	KRBOX1	protein_coding	NA
ENSG00000240771	ARHGEF25	protein_coding	NA
ENSG00000240801		lncRNA	NA
ENSG00000240849	PEDS1	protein_coding	NA
ENSG00000240857	RDH14	protein_coding	NA
ENSG00000240864	IGKV1-16	lncRNA	NA
ENSG00000240972	MIF	protein_coding	NA
ENSG00000241058	NSUN6	protein_coding	NA
ENSG00000241106	HLA-DOB	protein_coding	NA
ENSG00000241127	YAE1	protein_coding	NA
ENSG00000241163	LINC00877	lncRNA	NA
ENSG00000241258	CRCP	protein_coding	NA
ENSG00000241316	SUCLG2-DT	lncRNA	NA
ENSG00000241343	RPL36A	protein_coding	NA
ENSG00000241370	RPP21	protein_coding	NA
ENSG00000241399	CD302	protein_coding	NA
ENSG00000241404	EGFL8	protein_coding	NA
ENSG00000241468	ATP5MF	protein_coding	NA
ENSG00000241484	ARHGAP8	protein_coding	NA
ENSG00000241553	ARPC4	protein_coding	NA
ENSG00000241563	CORT	protein_coding	NA
ENSG00000241644	INMT	protein_coding	NA
ENSG00000241685	ARPC1A	protein_coding	NA
ENSG00000241697	TMEFF1	protein_coding	NA
ENSG00000241755	IGKV1-9	lncRNA	NA
ENSG00000241764	CBLL1-AS1	lncRNA	NA
ENSG00000241769	EOLA1-DT	lncRNA	NA
ENSG00000241837	ATP5PO	protein_coding	NA
ENSG00000241839	PLEKHO2	protein_coding	NA
ENSG00000241852	C8orf58	protein_coding	NA
ENSG00000241878	PISD	protein_coding	NA
ENSG00000241973	PI4KA	protein_coding	NA
ENSG00000241990	PRR34-AS1	lncRNA	NA
ENSG00000242028	HYPK	protein_coding	NA
ENSG00000242086	MUC20-OT1	lncRNA	NA
ENSG00000242110	AMACR	protein_coding	NA
ENSG00000242114	MTFP1	protein_coding	NA
ENSG00000242125	SNHG3	lncRNA	NA
ENSG00000242173	ARHGDIG	protein_coding	NA
ENSG00000242221		lncRNA	NA
ENSG00000242242	NECTIN3-AS1	lncRNA	NA
ENSG00000242247	ARFGAP3	protein_coding	NA
ENSG00000242252	BGLAP	protein_coding	NA
ENSG00000242259	C22orf39	protein_coding	NA
ENSG00000242265	PEG10	protein_coding	NA
ENSG00000242282	ENSG00000242282	lncRNA	NA
ENSG00000242372	EIF6	protein_coding	NA
ENSG00000242396	ENSG00000242396	lncRNA	NA
ENSG00000242441	GTF2A1L	protein_coding	NA
ENSG00000242485	MRPL20	protein_coding	NA
ENSG00000242498	ARPIN	protein_coding	NA
ENSG00000242553	ENSG00000242553	lncRNA	NA
ENSG00000242574	HLA-DMB	protein_coding	NA
ENSG00000242612	DECR2	protein_coding	NA
ENSG00000242616	GNG10	protein_coding	NA
ENSG00000242715	CCDC169	protein_coding	NA
ENSG00000242732	RTL5	protein_coding	NA
ENSG00000242759	LINC00882	lncRNA	NA
ENSG00000242779		lncRNA	NA
ENSG00000242802	AP5Z1	protein_coding	NA
ENSG00000242828	ENSG00000242828	lncRNA	NA
ENSG00000242852	ZNF709	protein_coding	NA
ENSG00000242950	ERVW-1	protein_coding	NA
ENSG00000243008	ENSG00000243008	lncRNA	NA
ENSG00000243018	ENSG00000243018	lncRNA	NA
ENSG00000243056	EIF4EBP3	protein_coding	NA
ENSG00000243130	PSG11	protein_coding	NA
ENSG00000243137	PSG4	protein_coding	NA
ENSG00000243147	MRPL33	protein_coding	NA
ENSG00000243176	ENSG00000243176	lncRNA	NA
ENSG00000243232	PCDHAC2	protein_coding	NA
ENSG00000243238	IGKV2-30	lncRNA	NA
ENSG00000243244	STON1	protein_coding	NA
ENSG00000243273	ENSG00000243273	lncRNA	NA
ENSG00000243279	PRAF2	protein_coding	NA
ENSG00000243290	IGKV1-12	lncRNA	NA
ENSG00000243317	STMP1	protein_coding	NA
ENSG00000243364	EFNA4	protein_coding	NA
ENSG00000243449	C4orf48	protein_coding	NA
ENSG00000243466	IGKV1-5	lncRNA	NA
ENSG00000243477	NAA80	protein_coding	NA
ENSG00000243509	TNFRSF6B	protein_coding	NA
ENSG00000243646	IL10RB	protein_coding	NA
ENSG00000243649	CFB	protein_coding	NA
ENSG00000243660	ZNF487	protein_coding	NA
ENSG00000243667	DNAAF10	protein_coding	NA
ENSG00000243678	NME2	protein_coding	NA
ENSG00000243701	DUBR	lncRNA	NA
ENSG00000243725	TTC4	protein_coding	NA
ENSG00000243749	TMEM35B	protein_coding	NA
ENSG00000243766	HOTTIP	lncRNA	NA
ENSG00000243789	JMJD7	protein_coding	NA
ENSG00000243832	LINC02000	lncRNA	NA
ENSG00000243836	WDR86-AS1	lncRNA	NA
ENSG00000243926	TIPARP-AS1	lncRNA	NA
ENSG00000243927	MRPS6	protein_coding	NA
ENSG00000243943	ZNF512	protein_coding	NA
ENSG00000243944	ENSG00000243944	lncRNA	NA
ENSG00000243955	GSTA1	protein_coding	NA
ENSG00000243989	ACY1	protein_coding	NA
ENSG00000244005	NFS1	protein_coding	NA
ENSG00000244038	DDOST	protein_coding	NA
ENSG00000244041	LINC01011	lncRNA	NA
ENSG00000244045	TMEM199	protein_coding	NA
ENSG00000244067	GSTA2	protein_coding	NA
ENSG00000244187	TMEM141	protein_coding	NA
ENSG00000244274	DBNDD2	protein_coding	NA
ENSG00000244300	GATA2-AS1	lncRNA	NA
ENSG00000244355	LY6G6D	protein_coding	NA
ENSG00000244405	ETV5	protein_coding	NA
ENSG00000244459	ENSG00000244459	lncRNA	NA
ENSG00000244462	RBM12	protein_coding	NA
ENSG00000244476	ERVFRD-1	protein_coding	NA
ENSG00000244509	APOBEC3C	protein_coding	NA
ENSG00000244575	IGKV1-27	lncRNA	NA
ENSG00000244625	MIATNB	lncRNA	NA
ENSG00000244675	ENSG00000244675	lncRNA	NA
ENSG00000244682	FCGR2C	protein_coding	NA
ENSG00000244687	UBE2V1	protein_coding	NA
ENSG00000244716	RPL17P7	lncRNA	NA
ENSG00000244734	HBB	protein_coding	NA
ENSG00000244752	CRYBB2	protein_coding	NA
ENSG00000244754	N4BP2L2	protein_coding	NA
ENSG00000244879	GABPB1-AS1	lncRNA	NA
ENSG00000245060	LINC00847	lncRNA	NA
ENSG00000245146	MALINC1	lncRNA	NA
ENSG00000245164	LINC00861	lncRNA	NA
ENSG00000245281	ASAH1-AS1	lncRNA	NA
ENSG00000245293	CYP2U1-AS1	lncRNA	NA
ENSG00000245317	MRNIP-DT	lncRNA	NA
ENSG00000245468	LINC02447	lncRNA	NA
ENSG00000245532	NEAT1	lncRNA	NA
ENSG00000245552	LNCRNA-IUR	lncRNA	NA
ENSG00000245556	SCAMP1-AS1	lncRNA	NA
ENSG00000245571	FAM111A-DT	lncRNA	NA
ENSG00000245573	BDNF-AS	lncRNA	NA
ENSG00000245614	DDX11-AS1	lncRNA	NA
ENSG00000245648	KLRK1-AS1	lncRNA	NA
ENSG00000245680	ZNF585B	protein_coding	NA
ENSG00000245694	CRNDE	lncRNA	NA
ENSG00000245812	LINC02202	lncRNA	NA
ENSG00000245849	RAD51-AS1	lncRNA	NA
ENSG00000245888	NSMCE1-DT	lncRNA	NA
ENSG00000245904	BTG1-DT	lncRNA	NA
ENSG00000245910	SNHG6	lncRNA	NA
ENSG00000245937	SLC12A2-DT	lncRNA	NA
ENSG00000246067	RAB30-DT	lncRNA	NA
ENSG00000246089	MCPH1-DT	lncRNA	NA
ENSG00000246090	ENSG00000246090	lncRNA	NA
ENSG00000246263	UBR5-DT	lncRNA	NA
ENSG00000246273	SBF2-AS1	lncRNA	NA
ENSG00000246430	LINC00968	lncRNA	NA
ENSG00000246523	FZD4-DT	lncRNA	NA
ENSG00000246560	UBE2D3-AS1	lncRNA	NA
ENSG00000246695	RASSF8-AS1	lncRNA	NA
ENSG00000246705	H2AJ	protein_coding	NA
ENSG00000246763	RGMB-AS1	lncRNA	NA
ENSG00000246898	LINC00920	lncRNA	NA
ENSG00000246922	UBAP1L	protein_coding	NA
ENSG00000246985	SOCS2-AS1	lncRNA	NA
ENSG00000247077	PGAM5	protein_coding	NA
ENSG00000247092	SNHG10	lncRNA	NA
ENSG00000247095	MIR210HG	lncRNA	NA
ENSG00000247134	ENSG00000247134	lncRNA	NA
ENSG00000247137	ANKRD42-DT	lncRNA	NA
ENSG00000247240	UBL7-DT	lncRNA	NA
ENSG00000247271	ZBED5-AS1	lncRNA	NA
ENSG00000247287	PRKCH-AS1	lncRNA	NA
ENSG00000247317	LY6E-DT	lncRNA	NA
ENSG00000247498	GPRC5D-AS1	lncRNA	NA
ENSG00000247516	MIR4458HG	lncRNA	NA
ENSG00000247556	OIP5-AS1	lncRNA	NA
ENSG00000247595	MISFA	protein_coding	NA
ENSG00000247596	TWF2	protein_coding	NA
ENSG00000247675	LRP4-AS1	lncRNA	NA
ENSG00000247774	PCED1B-AS1	lncRNA	NA
ENSG00000247796	MOCS2-DT	lncRNA	NA
ENSG00000247809	NR2F2-AS1	lncRNA	NA
ENSG00000247828	TMEM161B-DT	lncRNA	NA
ENSG00000247970	ENSG00000247970	lncRNA	NA
ENSG00000247982	LINC00926	lncRNA	NA
ENSG00000248008	NRAV	lncRNA	NA
ENSG00000248027	ARHGAP42-AS1	lncRNA	NA
ENSG00000248049	UBA6-DT	lncRNA	NA
ENSG00000248092	NNT-AS1	lncRNA	NA
ENSG00000248098	BCKDHA	protein_coding	NA
ENSG00000248161	ENSG00000248161	lncRNA	NA
ENSG00000248174	LINC02268	lncRNA	NA
ENSG00000248268	ENSG00000248268	lncRNA	NA
ENSG00000248275	TRIM52-AS1	lncRNA	NA
ENSG00000248329	APELA	protein_coding	NA
ENSG00000248333	CDK11B	protein_coding	NA
ENSG00000248367	ENSG00000248367	lncRNA	NA
ENSG00000248370	LINC02434	lncRNA	NA
ENSG00000248429	GASK1B-AS1	lncRNA	NA
ENSG00000248445	SEMA6A-AS1	lncRNA	NA
ENSG00000248461	LINC02119	lncRNA	NA
ENSG00000248485	PCP4L1	protein_coding	NA
ENSG00000248487	ABHD14A	protein_coding	NA
ENSG00000248494	LNX1-AS2	lncRNA	NA
ENSG00000248508	SRP14-DT	lncRNA	NA
ENSG00000248515	ENSG00000248515	lncRNA	NA
ENSG00000248538	PPP1R3B-DT	lncRNA	NA
ENSG00000248634	ENSG00000248634	lncRNA	NA
ENSG00000248636	ENSG00000248636	lncRNA	NA
ENSG00000248663	LINC00992	lncRNA	NA
ENSG00000248712	CCDC153	protein_coding	NA
ENSG00000248783	ENSG00000248783	lncRNA	NA
ENSG00000248809	LINC01095	lncRNA	NA
ENSG00000248810	LINC02432	lncRNA	NA
ENSG00000248866	USP46-DT	lncRNA	NA
ENSG00000248874	LINC02899	lncRNA	NA
ENSG00000248905	FMN1	protein_coding	NA
ENSG00000248932	COPB2-DT	lncRNA	NA
ENSG00000249042	FAM151B-DT	lncRNA	NA
ENSG00000249087	ZNF436-AS1	lncRNA	NA
ENSG00000249115	HAUS5	protein_coding	NA
ENSG00000249167	SEMA6A-AS2	lncRNA	NA
ENSG00000249242	TMEM150C	protein_coding	NA
ENSG00000249249	TICAM2-AS1	lncRNA	NA
ENSG00000249267	LINC00939	lncRNA	NA
ENSG00000249307	LINC01088	lncRNA	NA
ENSG00000249348	UGDH-AS1	lncRNA	NA
ENSG00000249379	GCLC-AS1	lncRNA	NA
ENSG00000249395	CASC9	lncRNA	NA
ENSG00000249437	NAIP	protein_coding	NA
ENSG00000249464	LINC01091	lncRNA	NA
ENSG00000249491	EGFLAM-AS1	lncRNA	NA
ENSG00000249592	PCGF3-AS1	lncRNA	NA
ENSG00000249641	HOXC13-AS	lncRNA	NA
ENSG00000249669	CARMN	lncRNA	NA
ENSG00000249673	NOP14-AS1	lncRNA	NA
ENSG00000249679	ENSG00000249679	lncRNA	NA
ENSG00000249709	ZNF564	protein_coding	NA
ENSG00000249740	OSMR-DT	lncRNA	NA
ENSG00000249751	ECSCR	protein_coding	NA
ENSG00000249816	LINC00964	lncRNA	NA
ENSG00000249859	PVT1	lncRNA	NA
ENSG00000249861	LGALS16	protein_coding	NA
ENSG00000249884	RNF103-CHMP3	protein_coding	NA
ENSG00000249898	MCPH1-AS1	lncRNA	NA
ENSG00000249915	PDCD6	protein_coding	NA
ENSG00000249978	TRGV7	lncRNA	NA
ENSG00000250033	SLC7A11-AS1	lncRNA	NA
ENSG00000250067	YJEFN3	protein_coding	NA
ENSG00000250072	SH3TC2-DT	lncRNA	NA
ENSG00000250073	ESAM-AS1	lncRNA	NA
ENSG00000250103	PANCR	lncRNA	NA
ENSG00000250129	ENSG00000250129	lncRNA	NA
ENSG00000250131	AGA-DT	lncRNA	NA
ENSG00000250132	ENSG00000250132	lncRNA	NA
ENSG00000250159	PKD2L2-DT	lncRNA	NA
ENSG00000250208	FZD10-AS1	lncRNA	NA
ENSG00000250222	TRIM7-AS2	lncRNA	NA
ENSG00000250266	LINC01612	lncRNA	NA
ENSG00000250302	LINC01618	lncRNA	NA
ENSG00000250303	LINC02762	lncRNA	NA
ENSG00000250305	TRMT9B	protein_coding	NA
ENSG00000250312	ZNF718	protein_coding	NA
ENSG00000250317	SMIM20	protein_coding	NA
ENSG00000250361	GYPB	protein_coding	NA
ENSG00000250362	ENSG00000250362	lncRNA	NA
ENSG00000250379	ENSG00000250379	lncRNA	NA
ENSG00000250407	ENSG00000250407	lncRNA	NA
ENSG00000250479	CHCHD10	protein_coding	NA
ENSG00000250506	CDK3	protein_coding	NA
ENSG00000250509	ENSG00000250509	lncRNA	NA
ENSG00000250565	ATP6V1E2	protein_coding	NA
ENSG00000250616	YPEL3-DT	lncRNA	NA
ENSG00000250682	LINC00491	lncRNA	NA
ENSG00000250722	SELENOP	protein_coding	NA
ENSG00000250742	LINC02381	lncRNA	NA
ENSG00000250777	ENSG00000250777	lncRNA	NA
ENSG00000250786	SNHG18	lncRNA	NA
ENSG00000250988	SNHG21	lncRNA	NA
ENSG00000250999	ENSG00000250999	lncRNA	NA
ENSG00000251003	ZFPM2-AS1	lncRNA	NA
ENSG00000251022	THAP9-AS1	lncRNA	NA
ENSG00000251026	NIHCOLE	lncRNA	NA
ENSG00000251095	ENSG00000251095	lncRNA	NA
ENSG00000251136	RIPK2-DT	lncRNA	NA
ENSG00000251184	ENSG00000251184	protein_coding	NA
ENSG00000251201	TMED7-TICAM2	protein_coding	NA
ENSG00000251230	MIR3945HG	lncRNA	NA
ENSG00000251247	ZNF345	protein_coding	NA
ENSG00000251250	ENSG00000251250	lncRNA	NA
ENSG00000251257	ENSG00000251257	lncRNA	NA
ENSG00000251271	ALG1L7P	lncRNA	NA
ENSG00000251273	LINC02228	lncRNA	NA
ENSG00000251357	ENSG00000251357	protein_coding	NA
ENSG00000251363	LINC02315	lncRNA	NA
ENSG00000251369	ZNF550	protein_coding	NA
ENSG00000251381	LINC00958	lncRNA	NA
ENSG00000251396	LINC01301	lncRNA	NA
ENSG00000251411		lncRNA	NA
ENSG00000251432	LINC02615	lncRNA	NA
ENSG00000251442	LINC01094	lncRNA	NA
ENSG00000251503	CENPS-CORT	protein_coding	NA
ENSG00000251504	LINC01099	lncRNA	NA
ENSG00000251546	IGKV1D-39	lncRNA	NA
ENSG00000251562	MALAT1	lncRNA	NA
ENSG00000251580	LINC02482	lncRNA	NA
ENSG00000251584	ENSG00000251584	lncRNA	NA
ENSG00000253133	GPAT4-AS1	lncRNA	NA
ENSG00000253138	LINC00967	lncRNA	NA
ENSG00000253168	ENSG00000253168	lncRNA	NA
ENSG00000253194	ENSG00000253194	lncRNA	NA
ENSG00000253196	ENSG00000253196	lncRNA	NA
ENSG00000253210	DENND3-AS1	lncRNA	NA
ENSG00000253250	C8orf88	protein_coding	NA
ENSG00000253251	SHLD3	protein_coding	NA
ENSG00000253270	ENSG00000253270	lncRNA	NA
ENSG00000253293	HOXA10	protein_coding	NA
ENSG00000253313	C1orf210	protein_coding	NA
ENSG00000253315	LINC01932	lncRNA	NA
ENSG00000253320	MAILR	lncRNA	NA
ENSG00000253352	TUG1	protein_coding	NA
ENSG00000253368	TRNP1	protein_coding	NA
ENSG00000253392	ENSG00000253392	lncRNA	NA
ENSG00000253408	IKBKB-DT	lncRNA	NA
ENSG00000253414	LINC01605	lncRNA	NA
ENSG00000253515	ENSG00000253515	lncRNA	NA
ENSG00000253636	ENSG00000253636	lncRNA	NA
ENSG00000253669	GASAL1	lncRNA	NA
ENSG00000253671	ENSG00000253671	lncRNA	NA
ENSG00000253686	LINC01484	lncRNA	NA
ENSG00000253692	IGHEP1	lncRNA	NA
ENSG00000253706	ENSG00000253706	lncRNA	NA
ENSG00000253710	ALG11	protein_coding	NA
ENSG00000253716	MINCR	lncRNA	NA
ENSG00000253729	PRKDC	protein_coding	NA
ENSG00000253738	OTUD6B-AS1	lncRNA	NA
ENSG00000253773	CFAP418-AS1	lncRNA	NA
ENSG00000253796	ENSG00000253796	lncRNA	NA
ENSG00000253797	UTP14C	protein_coding	NA
ENSG00000253837	LOXL2-AS1	lncRNA	NA
ENSG00000253896	ENSG00000253896	lncRNA	NA
ENSG00000253944	MTUS1-DT	lncRNA	NA
ENSG00000253948	VPS13B-DT	lncRNA	NA
ENSG00000253967	LINC03020	lncRNA	NA
ENSG00000253982	CLN8-AS1	lncRNA	NA
ENSG00000253983	ENSG00000253983	lncRNA	NA
ENSG00000253998	IGKV2-29	lncRNA	NA
ENSG00000254004	ZNF260	protein_coding	NA
ENSG00000254024	ENSG00000254024	lncRNA	NA
ENSG00000254039	ENSG00000254039	lncRNA	NA
ENSG00000254087	LYN	protein_coding	NA
ENSG00000254093	PINX1	protein_coding	NA
ENSG00000254101	LINC02055	lncRNA	NA
ENSG00000254139	LINC03018	lncRNA	NA
ENSG00000254153	LINC02950	lncRNA	NA
ENSG00000254233	LINC02365	lncRNA	NA
ENSG00000254290	ENSG00000254290	lncRNA	NA
ENSG00000254333	NDST1-AS1	lncRNA	NA
ENSG00000254363	ENSG00000254363	lncRNA	NA
ENSG00000254416	LINC02732	lncRNA	NA
ENSG00000254453	NAV2-AS2	lncRNA	NA
ENSG00000254461	ENSG00000254461	lncRNA	NA
ENSG00000254469	XNDC1N	protein_coding	NA
ENSG00000254473	UBQLN1-AS1	lncRNA	NA
ENSG00000254480	LINC02749	lncRNA	NA
ENSG00000254505		protein_coding	NA
ENSG00000254531	FLJ20021	lncRNA	NA
ENSG00000254554	ADM-DT	lncRNA	NA
ENSG00000254560	BBOX1-AS1	lncRNA	NA
ENSG00000254622	NAV2-AS4	lncRNA	NA
ENSG00000254636	ARMS2	protein_coding	NA
ENSG00000254682	DHCR7-DT	lncRNA	NA
ENSG00000254685	FPGT	protein_coding	NA
ENSG00000254703	SENCR	lncRNA	NA
ENSG00000254706	ENSG00000254706	protein_coding	NA
ENSG00000254709	IGLL5	protein_coding	NA
ENSG00000254772	EEF1G	protein_coding	NA
ENSG00000254780	ENSG00000254780	lncRNA	NA
ENSG00000254788	CKLF-CMTM1	protein_coding	NA
ENSG00000254802	ENSG00000254802	lncRNA	NA
ENSG00000254806	SYS1-DBNDD2	protein_coding	NA
ENSG00000254827	SLC22A18AS	lncRNA	NA
ENSG00000254837	LIPT2-AS1	lncRNA	NA
ENSG00000254858	MPV17L2	protein_coding	NA
ENSG00000254874	ENSG00000254874	lncRNA	NA
ENSG00000254901	BORCS8	protein_coding	NA
ENSG00000254929	ENSG00000254929	lncRNA	NA
ENSG00000254966	IGSF22-AS1	lncRNA	NA
ENSG00000254986	DPP3	protein_coding	NA
ENSG00000254996	ANKHD1-EIF4EBP3	protein_coding	NA
ENSG00000254999	BRK1	protein_coding	NA
ENSG00000255007	LINC02489	lncRNA	NA
ENSG00000255008	LINC02739	lncRNA	NA
ENSG00000255031	ENSG00000255031	lncRNA	NA
ENSG00000255042	SEPTIN7P11	lncRNA	NA
ENSG00000255062	TIRAP-AS1	lncRNA	NA
ENSG00000255073	ZFP91-CNTF	protein_coding	NA
ENSG00000255100	TSKU-AS1	lncRNA	NA
ENSG00000255121	CENATAC-DT	lncRNA	NA
ENSG00000255129	TTC12-DT	lncRNA	NA
ENSG00000255135	EMSY-DT	lncRNA	NA
ENSG00000255154	HTD2	protein_coding	NA
ENSG00000255197	SLC39A13-AS1	lncRNA	NA
ENSG00000255198	SNHG9	lncRNA	NA
ENSG00000255248	MIR100HG	lncRNA	NA
ENSG00000255284	GATD1-DT	lncRNA	NA
ENSG00000255363	LINC02757	lncRNA	NA
ENSG00000255375	ENSG00000255375	lncRNA	NA
ENSG00000255399	TBX5-AS1	lncRNA	NA
ENSG00000255404	ENSG00000255404	lncRNA	NA
ENSG00000255422	ENSG00000255422	lncRNA	NA
ENSG00000255462	ENSG00000255462	lncRNA	NA
ENSG00000255468	B4GAT1-DT	lncRNA	NA
ENSG00000255501	CARD18	protein_coding	NA
ENSG00000255507	UVRAG-DT	lncRNA	NA
ENSG00000255517	DPP3-DT	lncRNA	NA
ENSG00000255526	NEDD8-MDP1	protein_coding	NA
ENSG00000255529	POLR2M	protein_coding	NA
ENSG00000255561	FDXACB1	protein_coding	NA
ENSG00000255639	ENSG00000255639	protein_coding	NA
ENSG00000255717	SNHG1	lncRNA	NA
ENSG00000255730	ENSG00000255730	protein_coding	NA
ENSG00000255737	AGAP2-AS1	lncRNA	NA
ENSG00000255833	TIFAB	protein_coding	NA
ENSG00000255857	PXN-AS1	lncRNA	NA
ENSG00000255874	PRECSIT	lncRNA	NA
ENSG00000255980	LINC02953	lncRNA	NA
ENSG00000256039	LINC02446	lncRNA	NA
ENSG00000256043	CTSO	protein_coding	NA
ENSG00000256053	COA8	protein_coding	NA
ENSG00000256060	TRAPPC2B	protein_coding	NA
ENSG00000256061	DNAAF4	protein_coding	NA
ENSG00000256087	ZNF432	protein_coding	NA
ENSG00000256092	SBNO1-AS1	lncRNA	NA
ENSG00000256116	ENSG00000256116	lncRNA	NA
ENSG00000256223	ZNF10	protein_coding	NA
ENSG00000256229	ZNF486	protein_coding	NA
ENSG00000256232	LINC02387	lncRNA	NA
ENSG00000256235	SMIM3	protein_coding	NA
ENSG00000256262	USP30-AS1	lncRNA	NA
ENSG00000256269	HMBS	protein_coding	NA
ENSG00000256417	ENSG00000256417	lncRNA	NA
ENSG00000256443	ENSG00000256443	lncRNA	NA
ENSG00000256514	ENSG00000256514	protein_coding	NA
ENSG00000256525	POLG2	protein_coding	NA
ENSG00000256540	IQSEC3-AS1	lncRNA	NA
ENSG00000256546	LINC02985	lncRNA	NA
ENSG00000256591	ENSG00000256591	protein_coding	NA
ENSG00000256646	ENSG00000256646	protein_coding	NA
ENSG00000256671	LIMS4	protein_coding	NA
ENSG00000256683	ZNF350	protein_coding	NA
ENSG00000256690	STX5-DT	lncRNA	NA
ENSG00000256694	ENSG00000256694	lncRNA	NA
ENSG00000256751	PLBD1-AS1	lncRNA	NA
ENSG00000256771	ZNF253	protein_coding	NA
ENSG00000256940	PPP1R14B-AS1	lncRNA	NA
ENSG00000256948	IQSEC3-AS2	lncRNA	NA
ENSG00000256969	ENSG00000256969	lncRNA	NA
ENSG00000256977	LIMS3	protein_coding	NA
ENSG00000256980	KHDC1L	protein_coding	NA
ENSG00000257002	ENSG00000257002	lncRNA	NA
ENSG00000257058	ENSG00000257058	lncRNA	NA
ENSG00000257084	MIR200CHG	lncRNA	NA
ENSG00000257103	LSM14A	protein_coding	NA
ENSG00000257108	NHLRC4	protein_coding	NA
ENSG00000257218	GATC	protein_coding	NA
ENSG00000257252	ENSG00000257252	lncRNA	NA
ENSG00000257261	SLC38A4-AS1	lncRNA	NA
ENSG00000257267	ZNF271P	lncRNA	NA
ENSG00000257303	CNPY2-AS1	lncRNA	NA
ENSG00000257327	ENSG00000257327	lncRNA	NA
ENSG00000257337	TNS2-AS1	lncRNA	NA
ENSG00000257346	ENSG00000257346	lncRNA	NA
ENSG00000257365	FNTB	protein_coding	NA
ENSG00000257433	RPAP3-DT	lncRNA	NA
ENSG00000257524	ENSG00000257524	protein_coding	NA
ENSG00000257556	LINC02298	lncRNA	NA
ENSG00000257591	ZNF625	protein_coding	NA
ENSG00000257595	LINC02356	lncRNA	NA
ENSG00000257605	MYG1-AS1	lncRNA	NA
ENSG00000257621	PSMA3-AS1	lncRNA	NA
ENSG00000257636	G2E3-AS1	lncRNA	NA
ENSG00000257698	GIHCG	lncRNA	NA
ENSG00000257727	CNPY2	protein_coding	NA
ENSG00000257815	PRANCR	lncRNA	NA
ENSG00000257817	TBX3-AS1	lncRNA	NA
ENSG00000257923	CUX1	protein_coding	NA
ENSG00000257949	TEN1	protein_coding	NA
ENSG00000257953	ENSG00000257953	lncRNA	NA
ENSG00000258038	LINC02327	lncRNA	NA
ENSG00000258056	CD63-AS1	lncRNA	NA
ENSG00000258082	ENSG00000258082	lncRNA	NA
ENSG00000258099	ATXN2-AS	lncRNA	NA
ENSG00000258274	CRADD-AS1	lncRNA	NA
ENSG00000258279	LINC00592	lncRNA	NA
ENSG00000258289	CHURC1	protein_coding	NA
ENSG00000258301	VASH1-AS1	lncRNA	NA
ENSG00000258315	C17orf49	protein_coding	NA
ENSG00000258325	ITFG2-AS1	lncRNA	NA
ENSG00000258377	ENSG00000258377	lncRNA	NA
ENSG00000258429	PDF	protein_coding	NA
ENSG00000258436	RNASE12	protein_coding	NA
ENSG00000258471	ENSG00000258471	lncRNA	NA
ENSG00000258479	LINC00640	lncRNA	NA
ENSG00000258484	SPESP1	protein_coding	NA
ENSG00000258498	DIO3OS	lncRNA	NA
ENSG00000258537	FRMD6-AS2	lncRNA	NA
ENSG00000258573	RNASE11-AS1	lncRNA	NA
ENSG00000258603	ENSG00000258603	lncRNA	NA
ENSG00000258608	DNAJC19P9	lncRNA	NA
ENSG00000258644	SYNJ2BP-COX16	protein_coding	NA
ENSG00000258659	TRIM34	protein_coding	NA
ENSG00000258677	ENSG00000258677	protein_coding	NA
ENSG00000258713	C20orf141	protein_coding	NA
ENSG00000258727	AP1G2-AS1	lncRNA	NA
ENSG00000258733	LINC02328	lncRNA	NA
ENSG00000258744	ENSG00000258744	lncRNA	NA
ENSG00000258818	RNASE4	protein_coding	NA
ENSG00000258819	LINC02289	lncRNA	NA
ENSG00000258839	MC1R	protein_coding	NA
ENSG00000258873	DUXA	protein_coding	NA
ENSG00000258884	LINC02321	lncRNA	NA
ENSG00000258890	CEP95	protein_coding	NA
ENSG00000258947	TUBB3	protein_coding	NA
ENSG00000258982	ENSG00000258982	lncRNA	NA
ENSG00000259004	LINC02285	lncRNA	NA
ENSG00000259024	TVP23C-CDRT4	protein_coding	NA
ENSG00000259038	ENSG00000259038	lncRNA	NA
ENSG00000259060	ENSG00000259060	protein_coding	NA
ENSG00000259088	ENSG00000259088	lncRNA	NA
ENSG00000259120	SMIM6	protein_coding	NA
ENSG00000259153	MAP3K9-DT	lncRNA	NA
ENSG00000259182	ENSG00000259182	lncRNA	NA
ENSG00000259207	ITGB3	protein_coding	NA
ENSG00000259321	ENSG00000259321	lncRNA	NA
ENSG00000259330	INAFM2	protein_coding	NA
ENSG00000259332	ST20-MTHFS	protein_coding	NA
ENSG00000259343	TMC3-AS1	lncRNA	NA
ENSG00000259345	ENSG00000259345	lncRNA	NA
ENSG00000259370	ENSG00000259370	lncRNA	NA
ENSG00000259376		protein_coding	NA
ENSG00000259384	GH1	protein_coding	NA
ENSG00000259431	THTPA	protein_coding	NA
ENSG00000259485	LINC02253	lncRNA	NA
ENSG00000259494	MRPL46	protein_coding	NA
ENSG00000259668	ENSG00000259668	lncRNA	NA
ENSG00000259673	IQCH-AS1	lncRNA	NA
ENSG00000259685	IDH2-DT	lncRNA	NA
ENSG00000259692	LINC01418	lncRNA	NA
ENSG00000259701	ENSG00000259701	lncRNA	NA
ENSG00000259704	ENSG00000259704	lncRNA	NA
ENSG00000259783	LINC02259	lncRNA	NA
ENSG00000259802	MARCHF6-DT	lncRNA	NA
ENSG00000260001	TGFBR3L	protein_coding	NA
ENSG00000260007	ENSG00000260007	protein_coding	NA
ENSG00000260027	HOXB7	protein_coding	NA
ENSG00000260034	LCMT1-AS2	lncRNA	NA
ENSG00000260083	MIR762HG	lncRNA	NA
ENSG00000260086	ENSG00000260086	lncRNA	NA
ENSG00000260088	DDX59-AS1	lncRNA	NA
ENSG00000260136	ENSG00000260136	lncRNA	NA
ENSG00000260219	CD2BP2-DT	lncRNA	NA
ENSG00000260238	PMF1-BGLAP	protein_coding	NA
ENSG00000260239	LINC02533	lncRNA	NA
ENSG00000260260	SNHG19	lncRNA	NA
ENSG00000260314	MRC1	protein_coding	NA
ENSG00000260456	C16orf95	protein_coding	NA
ENSG00000260549	MT1L	lncRNA	NA
ENSG00000260552	COSMOC	lncRNA	NA
ENSG00000260565	ERVK13-1	lncRNA	NA
ENSG00000260592	ENSG00000260592	lncRNA	NA
ENSG00000260625	RUSF1-DT	lncRNA	NA
ENSG00000260630	SNAI3-AS1	lncRNA	NA
ENSG00000260643	ENSG00000260643	protein_coding	NA
ENSG00000260669	ENSG00000260669	lncRNA	NA
ENSG00000260710	ENSG00000260710	lncRNA	NA
ENSG00000260737	LINC01227	lncRNA	NA
ENSG00000260778	MIR3677HG	lncRNA	NA
ENSG00000260877	ENSG00000260877	lncRNA	NA
ENSG00000260911	ENSG00000260911	lncRNA	NA
ENSG00000260916	CCPG1	protein_coding	NA
ENSG00000260971	ENSG00000260971	lncRNA	NA
ENSG00000261052	SULT1A3	protein_coding	NA
ENSG00000261105	LMO7-AS1	lncRNA	NA
ENSG00000261183	SPINT1-AS1	lncRNA	NA
ENSG00000261188	TFIP11-DT	lncRNA	NA
ENSG00000261189	DSP-AS1	lncRNA	NA
ENSG00000261220	ST3GAL1-DT	lncRNA	NA
ENSG00000261236	BOP1	protein_coding	NA
ENSG00000261320	ENSG00000261320	lncRNA	NA
ENSG00000261351	ENSG00000261351	lncRNA	NA
ENSG00000261371	PECAM1	protein_coding	NA
ENSG00000261472	ENSG00000261472	lncRNA	NA
ENSG00000261632	ENSG00000261632	lncRNA	NA
ENSG00000261652	PIERCE2	protein_coding	NA
ENSG00000261740	BOLA2-SMG1P6	protein_coding	NA
ENSG00000261761	LINC02616	lncRNA	NA
ENSG00000261777	DDX19A-DT	lncRNA	NA
ENSG00000261801	LOXL1-AS1	lncRNA	NA
ENSG00000261821	ENSG00000261821	lncRNA	NA
ENSG00000261824	LINC00662	lncRNA	NA
ENSG00000261838	ENSG00000261838	lncRNA	NA
ENSG00000261840	ENSG00000261840	lncRNA	NA
ENSG00000261857	MIA	protein_coding	NA
ENSG00000261879	ZNF594-DT	lncRNA	NA
ENSG00000261971	MMP25-AS1	lncRNA	NA
ENSG00000262003	ENSG00000262003	lncRNA	NA
ENSG00000262061	RPH3AL-AS1	lncRNA	NA
ENSG00000262094	ENSG00000262094	lncRNA	NA
ENSG00000262097	LINC02185	lncRNA	NA
ENSG00000262117	BCAR4	lncRNA	NA
ENSG00000262133	ENSG00000262133	lncRNA	NA
ENSG00000262155	LINC02175	lncRNA	NA
ENSG00000262185	LINC02861	lncRNA	NA
ENSG00000262246	CORO7	protein_coding	NA
ENSG00000262296	ENSG00000262296	lncRNA	NA
ENSG00000262370	ENSG00000262370	lncRNA	NA
ENSG00000262406	MMP12	protein_coding	NA
ENSG00000262454	MIR193BHG	lncRNA	NA
ENSG00000262587	ENSG00000262587	lncRNA	NA
ENSG00000262655	SPON1	protein_coding	NA
ENSG00000262664	OVCA2	protein_coding	NA
ENSG00000262814	MRPL12	protein_coding	NA
ENSG00000262879	ENSG00000262879	lncRNA	NA
ENSG00000262919	CCNQ	protein_coding	NA
ENSG00000263001	GTF2I	protein_coding	NA
ENSG00000263002	ZNF234	protein_coding	NA
ENSG00000263004	AKAP1-DT	lncRNA	NA
ENSG00000263072	ZNF213-AS1	lncRNA	NA
ENSG00000263155	MYZAP	protein_coding	NA
ENSG00000263201	DPEP2NB	protein_coding	NA
ENSG00000263368	MSANTD3P1	lncRNA	NA
ENSG00000263465	SRSF8	protein_coding	NA
ENSG00000263528	IKBKE	protein_coding	NA
ENSG00000263586	HID1-AS1	lncRNA	NA
ENSG00000263711	LINC02864	lncRNA	NA
ENSG00000263718	SEPTIN9-DT	lncRNA	NA
ENSG00000263753	LINC00667	lncRNA	NA
ENSG00000263874	LASP1NB	protein_coding	NA
ENSG00000263884	THOC1-DT	lncRNA	NA
ENSG00000263917	ENSG00000263917	lncRNA	NA
ENSG00000263956	NBPF11	protein_coding	NA
ENSG00000263961	RHEX	protein_coding	NA
ENSG00000264112	ENSG00000264112	lncRNA	NA
ENSG00000264230	ANXA8L1	protein_coding	NA
ENSG00000264247	ZNF407-AS1	lncRNA	NA
ENSG00000264343	NOTCH2NLA	protein_coding	NA
ENSG00000264364	DYNLL2	protein_coding	NA
ENSG00000264443	NCMAP-DT	lncRNA	NA
ENSG00000264522	OTUD7B	protein_coding	NA
ENSG00000264672	SEPTIN4-AS1	lncRNA	NA
ENSG00000264920	SP2-DT	lncRNA	NA
ENSG00000265055	ENSG00000265055	lncRNA	NA
ENSG00000265096	C1QTNF1-AS1	lncRNA	NA
ENSG00000265107	GJA5	protein_coding	NA
ENSG00000265190	ANXA8	protein_coding	NA
ENSG00000265241	RBM8A	protein_coding	NA
ENSG00000265246	ENSG00000265246	lncRNA	NA
ENSG00000265354	TIMM23	protein_coding	NA
ENSG00000265451	CLASP1-AS1	lncRNA	NA
ENSG00000265458	NARF-AS2	lncRNA	NA
ENSG00000265491	RNF115	protein_coding	NA
ENSG00000265531	FCGR1CP	lncRNA	NA
ENSG00000265590	CFAP298-TCP10L	protein_coding	NA
ENSG00000265681	RPL17	protein_coding	NA
ENSG00000265808	SEC22B	protein_coding	NA
ENSG00000265817	FSBP	protein_coding	NA
ENSG00000265888	DSCAS	lncRNA	NA
ENSG00000265972	TXNIP	protein_coding	NA
ENSG00000266028	SRGAP2	protein_coding	NA
ENSG00000266086	ENSG00000266086	protein_coding	NA
ENSG00000266088	ENSG00000266088	lncRNA	NA
ENSG00000266173	STRADA	protein_coding	NA
ENSG00000266258	LINC01909	lncRNA	NA
ENSG00000266304	LIVAR	lncRNA	NA
ENSG00000266402	SNHG25	lncRNA	NA
ENSG00000266412	NCOA4	protein_coding	NA
ENSG00000266441	ARHGAP28-AS1	lncRNA	NA
ENSG00000266469	ENSG00000266469	lncRNA	NA
ENSG00000266472	MRPS21	protein_coding	NA
ENSG00000266602	ENSG00000266602	lncRNA	NA
ENSG00000266677	ENSG00000266677	lncRNA	NA
ENSG00000266714	MYO15B	protein_coding	NA
ENSG00000266728	ENSG00000266728	protein_coding	NA
ENSG00000266820	KPNA2P3	lncRNA	NA
ENSG00000266835	GAPLINC	lncRNA	NA
ENSG00000266869	ENSG00000266869	lncRNA	NA
ENSG00000266905	ENSG00000266905	lncRNA	NA
ENSG00000266916	ZNF793-AS1	lncRNA	NA
ENSG00000266921	ZNF230-DT	lncRNA	NA
ENSG00000266964	FXYD1	protein_coding	NA
ENSG00000266967	AARSD1	protein_coding	NA
ENSG00000266970	SOCS3-DT	lncRNA	NA
ENSG00000266983	RANBP3-DT	lncRNA	NA
ENSG00000267002	ENSG00000267002	lncRNA	NA
ENSG00000267013	LINC01929	lncRNA	NA
ENSG00000267040	ATP8B1-AS1	lncRNA	NA
ENSG00000267041	ZNF850	protein_coding	NA
ENSG00000267048	ENSG00000267048	lncRNA	NA
ENSG00000267057	LINC01905	lncRNA	NA
ENSG00000267058	ENSG00000267058	lncRNA	NA
ENSG00000267064	UXT-AS1	lncRNA	NA
ENSG00000267080	ASB16-AS1	lncRNA	NA
ENSG00000267100	ILF3-DT	lncRNA	NA
ENSG00000267106	ZNF561-AS1	lncRNA	NA
ENSG00000267107	PCAT19	lncRNA	NA
ENSG00000267121	FMNL1-DT	lncRNA	NA
ENSG00000267140	ENSG00000267140	protein_coding	NA
ENSG00000267169	ADGRL1-AS1	lncRNA	NA
ENSG00000267174	ENSG00000267174	lncRNA	NA
ENSG00000267248	ENSG00000267248	lncRNA	NA
ENSG00000267254	ZNF790-AS1	lncRNA	NA
ENSG00000267259	ERVE-1	lncRNA	NA
ENSG00000267260	ENSG00000267260	lncRNA	NA
ENSG00000267270	PARD6G-AS1	lncRNA	NA
ENSG00000267272	LINC01140	lncRNA	NA
ENSG00000267277	ENSG00000267277	lncRNA	NA
ENSG00000267279	ENSG00000267279	lncRNA	NA
ENSG00000267280	TBX2-AS1	lncRNA	NA
ENSG00000267288	ENSG00000267288	lncRNA	NA
ENSG00000267302	RNFT1-DT	lncRNA	NA
ENSG00000267321	SNHG30	lncRNA	NA
ENSG00000267368	UPK3BL1	protein_coding	NA
ENSG00000267383	ENSG00000267383	lncRNA	NA
ENSG00000267390	KDSR-DT	lncRNA	NA
ENSG00000267454	ZNF582-DT	lncRNA	NA
ENSG00000267475	NUDT19-DT	lncRNA	NA
ENSG00000267532	MIR497HG	lncRNA	NA
ENSG00000267575	LINC02987	lncRNA	NA
ENSG00000267583	ZNF24TR	lncRNA	NA
ENSG00000267645	ENSG00000267645	protein_coding	NA
ENSG00000267673	FDX2	protein_coding	NA
ENSG00000267680	ZNF224	protein_coding	NA
ENSG00000267698	ENSG00000267698	lncRNA	NA
ENSG00000267751	BSG-AS1	lncRNA	NA
ENSG00000267795	SMIM22	protein_coding	NA
ENSG00000267796	LIN37	protein_coding	NA
ENSG00000267834	ENSG00000267834	lncRNA	NA
ENSG00000267855	NDUFA7	protein_coding	NA
ENSG00000267871	ZNF460-AS1	lncRNA	NA
ENSG00000267943	ENSG00000267943	lncRNA	NA
ENSG00000268001	CARD8-AS1	lncRNA	NA
ENSG00000268027	ENSG00000268027	lncRNA	NA
ENSG00000268061	NAPA-AS1	lncRNA	NA
ENSG00000268081	ENSG00000268081	lncRNA	NA
ENSG00000268119	ENSG00000268119	lncRNA	NA
ENSG00000268163	ENSG00000268163	protein_coding	NA
ENSG00000268350	FAM156A	protein_coding	NA
ENSG00000268362	ENSG00000268362	lncRNA	NA
ENSG00000268364	SMC5-DT	lncRNA	NA
ENSG00000268388	FENDRR	lncRNA	NA
ENSG00000268434	ENSG00000268434	protein_coding	NA
ENSG00000268516	ZNF8-DT	lncRNA	NA
ENSG00000268621	IGFL2-AS1	lncRNA	NA
ENSG00000268654	MIMT1	lncRNA	NA
ENSG00000268756	ENSG00000268756	lncRNA	NA
ENSG00000268858	ENSG00000268858	lncRNA	NA
ENSG00000268894	PLCE1-AS1	lncRNA	NA
ENSG00000268895	A1BG-AS1	lncRNA	NA
ENSG00000268964	ERVV-2	protein_coding	NA
ENSG00000269110	ENSG00000269110	lncRNA	NA
ENSG00000269186	LINC01082	lncRNA	NA
ENSG00000269194	ENSG00000269194	lncRNA	NA
ENSG00000269235	ZNF350-AS1	lncRNA	NA
ENSG00000269242	ENSG00000269242	protein_coding	NA
ENSG00000269289	ENSG00000269289	lncRNA	NA
ENSG00000269293	ZSCAN16-AS1	lncRNA	NA
ENSG00000269335	IKBKG	protein_coding	NA
ENSG00000269386	RAB11B-AS1	lncRNA	NA
ENSG00000269460	ENSG00000269460	lncRNA	NA
ENSG00000269526	ERVV-1	protein_coding	NA
ENSG00000269556	TMEM185A	protein_coding	NA
ENSG00000269609	C10orf95-AS1	lncRNA	NA
ENSG00000269646	ZNF888-AS1	lncRNA	NA
ENSG00000269696	ZNF470-DT	lncRNA	NA
ENSG00000269713	NBPF9	protein_coding	NA
ENSG00000269743	SLC25A53	protein_coding	NA
ENSG00000269825	ENSG00000269825	protein_coding	NA
ENSG00000269834	ZNF528-AS1	lncRNA	NA
ENSG00000269858	EGLN2	protein_coding	NA
ENSG00000269867	ENSG00000269867	lncRNA	NA
ENSG00000269893	SNHG8	lncRNA	NA
ENSG00000269929	MIRLET7A1HG	lncRNA	NA
ENSG00000269955	FMC1-LUC7L2	protein_coding	NA
ENSG00000269994	LINC02893	lncRNA	NA
ENSG00000270049	ATP6V0D1-DT	lncRNA	NA
ENSG00000270099	ENSG00000270099	protein_coding	NA
ENSG00000270164	LINC01480	lncRNA	NA
ENSG00000270362	HMGN3-AS1	lncRNA	NA
ENSG00000270504	ENSG00000270504	lncRNA	NA
ENSG00000270550	IGHV3-30	lncRNA	NA
ENSG00000270617	URGCP-MRPS24	protein_coding	NA
ENSG00000270647	TAF15	protein_coding	NA
ENSG00000270816	LINC00221	lncRNA	NA
ENSG00000270820	USP34-DT	lncRNA	NA
ENSG00000271109	LINC03049	lncRNA	NA
ENSG00000271133	ITGB8-AS1	lncRNA	NA
ENSG00000271147	ARMCX5-GPRASP2	lncRNA	NA
ENSG00000271270	TMCC1-DT	lncRNA	NA
ENSG00000271334	LINC02104	lncRNA	NA
ENSG00000271335	CCNY-AS1	lncRNA	NA
ENSG00000271369	ENSG00000271369	lncRNA	NA
ENSG00000271447	MMP28	protein_coding	NA
ENSG00000271503	CCL5	protein_coding	NA
ENSG00000271538	LINC02427	lncRNA	NA
ENSG00000271584	LINC02550	lncRNA	NA
ENSG00000271601	LIX1L	protein_coding	NA
ENSG00000271605	MILR1	protein_coding	NA
ENSG00000271913	TAGAP-AS1	lncRNA	NA
ENSG00000271977	EVA1CP2	lncRNA	NA
ENSG00000271978	ENSG00000271978	lncRNA	NA
ENSG00000272009	ENSG00000272009	lncRNA	NA
ENSG00000272021	ENSG00000272021	lncRNA	NA
ENSG00000272047	GTF2H5	protein_coding	NA
ENSG00000272142	LYRM4-AS1	lncRNA	NA
ENSG00000272146	ARF4-AS1	lncRNA	NA
ENSG00000272217	ENSG00000272217	lncRNA	NA
ENSG00000272273	IER3-AS1	lncRNA	NA
ENSG00000272274	LINC00551	lncRNA	NA
ENSG00000272288	ILRUN-AS1	lncRNA	NA
ENSG00000272323	TTC23L-AS1	lncRNA	NA
ENSG00000272324	DAP-DT	lncRNA	NA
ENSG00000272325	NUDT3	protein_coding	NA
ENSG00000272328	ENSG00000272328	lncRNA	NA
ENSG00000272333	KMT2B	protein_coding	NA
ENSG00000272368	ENSG00000272368	lncRNA	NA
ENSG00000272391	POM121C	protein_coding	NA
ENSG00000272398	CD24	protein_coding	NA
ENSG00000272414	FAM47E-STBD1	protein_coding	NA
ENSG00000272573	MUSTN1	protein_coding	NA
ENSG00000272601	EFCAB3P1	lncRNA	NA
ENSG00000272602	ZNF595	protein_coding	NA
ENSG00000272647	ENSG00000272647	protein_coding	NA
ENSG00000272657	ENSG00000272657	lncRNA	NA
ENSG00000272666	KLHDC7B-DT	lncRNA	NA
ENSG00000272702	ENSG00000272702	lncRNA	NA
ENSG00000272732	ENSG00000272732	lncRNA	NA
ENSG00000272734	ADIRF-AS1	lncRNA	NA
ENSG00000272758	WDR5B-DT	lncRNA	NA
ENSG00000272762	ENSG00000272762	lncRNA	NA
ENSG00000272772	ENSG00000272772	protein_coding	NA
ENSG00000272779	BMS1P20	lncRNA	NA
ENSG00000272822	ENSG00000272822	protein_coding	NA
ENSG00000272870	SAP30-DT	lncRNA	NA
ENSG00000272886	DCP1A	protein_coding	NA
ENSG00000272888	CHASERR	lncRNA	NA
ENSG00000272894	MIOS-DT	lncRNA	NA
ENSG00000272911	ENSG00000272911	lncRNA	NA
ENSG00000273045	C2orf15	protein_coding	NA
ENSG00000273046	ENSG00000273046	lncRNA	NA
ENSG00000273061	CDC37L1-DT	lncRNA	NA
ENSG00000273102	ENSG00000273102	lncRNA	NA
ENSG00000273125	LINC01990	lncRNA	NA
ENSG00000273132	ENSG00000273132	lncRNA	NA
ENSG00000273143	DUSP5-DT	lncRNA	NA
ENSG00000273145	ENSG00000273145	lncRNA	NA
ENSG00000273155	ENSG00000273155	protein_coding	NA
ENSG00000273173	SNURF	protein_coding	NA
ENSG00000273225	FAM25BP	lncRNA	NA
ENSG00000273247	RAB33B-AS1	lncRNA	NA
ENSG00000273252	OR7E39P	lncRNA	NA
ENSG00000273272	ENSG00000273272	lncRNA	NA
ENSG00000273274	ZBTB8B	protein_coding	NA
ENSG00000273297	LINC03060	lncRNA	NA
ENSG00000273328	ENSG00000273328	lncRNA	NA
ENSG00000273329	ENSG00000273329	lncRNA	NA
ENSG00000273344	PAXIP1-DT	lncRNA	NA
ENSG00000273559	CWC25	protein_coding	NA
ENSG00000273611	ZNHIT3	protein_coding	NA
ENSG00000273749	CYFIP1	protein_coding	NA
ENSG00000273784	ENSG00000273784	lncRNA	NA
ENSG00000273841	TAF9	protein_coding	NA
ENSG00000273899	NOL12	protein_coding	NA
ENSG00000274015	ENSG00000274015	lncRNA	NA
ENSG00000274020	LINC01138	lncRNA	NA
ENSG00000274173	LINC02967	lncRNA	NA
ENSG00000274180	NATD1	protein_coding	NA
ENSG00000274211	SOCS7	protein_coding	NA
ENSG00000274253	ENSG00000274253	lncRNA	NA
ENSG00000274265	ENSG00000274265	lncRNA	NA
ENSG00000274349	ZNF658	protein_coding	NA
ENSG00000274372	LINC02804	lncRNA	NA
ENSG00000274391	TPTE	protein_coding	NA
ENSG00000274523	RCC1L	protein_coding	NA
ENSG00000274536	MIR223HG	lncRNA	NA
ENSG00000274570	SPDYE10	protein_coding	NA
ENSG00000274588	DGKK	protein_coding	NA
ENSG00000274605	PCCA-DT	lncRNA	NA
ENSG00000274642	ENSG00000274642	lncRNA	NA
ENSG00000274736	CCL23	protein_coding	NA
ENSG00000274750	H3C6	protein_coding	NA
ENSG00000274879	ENSG00000274879	lncRNA	NA
ENSG00000274922	ENSG00000274922	lncRNA	NA
ENSG00000275016	ENSG00000275016	lncRNA	NA
ENSG00000275052	PPP4R3B	protein_coding	NA
ENSG00000275066	SYNRG	protein_coding	NA
ENSG00000275111	ZNF2	protein_coding	NA
ENSG00000275212	LINC02826	lncRNA	NA
ENSG00000275216	LINC03061	lncRNA	NA
ENSG00000275302	CCL4	protein_coding	NA
ENSG00000275385	CCL18	protein_coding	NA
ENSG00000275395	FCGBP	protein_coding	NA
ENSG00000275700	AATF	protein_coding	NA
ENSG00000275718	CCL15	protein_coding	NA
ENSG00000275765	ENSG00000275765	lncRNA	NA
ENSG00000275778	ENSG00000275778	protein_coding	NA
ENSG00000275830	LINC03082	lncRNA	NA
ENSG00000275835	TUBGCP5	protein_coding	NA
ENSG00000275874	PICSAR	lncRNA	NA
ENSG00000275895	ENSG00000275895	lncRNA	NA
ENSG00000276023	DUSP14	protein_coding	NA
ENSG00000276045	ORAI1	protein_coding	NA
ENSG00000276070	CCL4L2	protein_coding	NA
ENSG00000276075	ENSG00000276075	lncRNA	NA
ENSG00000276085	CCL3L3	protein_coding	NA
ENSG00000276170	ENSG00000276170	lncRNA	NA
ENSG00000276234	TADA2A	protein_coding	NA
ENSG00000276409	CCL14	protein_coding	NA
ENSG00000276422	ENSG00000276422	lncRNA	NA
ENSG00000276527	ENSG00000276527	lncRNA	NA
ENSG00000276600	RAB7B	protein_coding	NA
ENSG00000276644	DACH1	protein_coding	NA
ENSG00000276790	ENSG00000276790	lncRNA	NA
ENSG00000276850	ENSG00000276850	lncRNA	NA
ENSG00000276966	H4C5	protein_coding	NA
ENSG00000277161	PIGW	protein_coding	NA
ENSG00000277258	PCGF2	protein_coding	NA
ENSG00000277324	ENSG00000277324	lncRNA	NA
ENSG00000277406	SEC22B4P	lncRNA	NA
ENSG00000277443	MARCKS	protein_coding	NA
ENSG00000277462	ZNF670	protein_coding	NA
ENSG00000277632	CCL3	protein_coding	NA
ENSG00000277639	CHD9NB	protein_coding	NA
ENSG00000277702	ENSG00000277702	lncRNA	NA
ENSG00000277718	LINC02255	lncRNA	NA
ENSG00000277728	ENSG00000277728	lncRNA	NA
ENSG00000277734	TRAC	lncRNA	NA
ENSG00000277749	ENSG00000277749	lncRNA	NA
ENSG00000277791	PSMB3	protein_coding	NA
ENSG00000277972	CISD3	protein_coding	NA
ENSG00000278023	RDM1	protein_coding	NA
ENSG00000278053	DDX52	protein_coding	NA
ENSG00000278129	ZNF8	protein_coding	NA
ENSG00000278175	GLIDR	lncRNA	NA
ENSG00000278196	IGLV2-8	lncRNA	NA
ENSG00000278259	MYO19	protein_coding	NA
ENSG00000278311	GGNBP2	protein_coding	NA
ENSG00000278390	KBTBD6-DT	lncRNA	NA
ENSG00000278540	ACACA	protein_coding	NA
ENSG00000278611	ZNF426-DT	lncRNA	NA
ENSG00000278615	C11orf98	protein_coding	NA
ENSG00000278619	MRM1	protein_coding	NA
ENSG00000278845	MRPL45	protein_coding	NA
ENSG00000279088	ENSG00000279088	lncRNA	NA
ENSG00000279170	TSTD3	protein_coding	NA
ENSG00000279220	CMKLR2-AS	lncRNA	NA
ENSG00000279457	WASH9P	lncRNA	NA
ENSG00000279529	ENSG00000279529	lncRNA	NA
ENSG00000280071	ENSG00000280071	lncRNA	NA
ENSG00000280109	PLAC4	lncRNA	NA
ENSG00000280411	IGHV1-69D	lncRNA	NA
ENSG00000280433	ENSG00000280433	lncRNA	NA
ENSG00000280587	LINC01348	lncRNA	NA
ENSG00000280670	CCDC163	protein_coding	NA
ENSG00000280693	SH3PXD2A-AS1	lncRNA	NA
ENSG00000280721	LINC01943	lncRNA	NA
ENSG00000280734	LINC01232	lncRNA	NA
ENSG00000280789	PAGR1	protein_coding	NA
ENSG00000280828	ENSG00000280828	lncRNA	NA
ENSG00000280832	GSEC	lncRNA	NA
ENSG00000280987	MATR3	protein_coding	NA
ENSG00000281005	LINC00921	lncRNA	NA
ENSG00000281357	ARRDC3-AS1	lncRNA	NA
ENSG00000281501	SEPSECS-AS1	lncRNA	NA
ENSG00000281649	EBLN3P	lncRNA	NA
ENSG00000281887	GIMAP1-GIMAP5	protein_coding	NA
ENSG00000281903	ASMER1	lncRNA	NA
ENSG00000281991	TMEM265	protein_coding	NA
ENSG00000282097	ENSG00000282097	lncRNA	NA
ENSG00000282218	ENSG00000282218	protein_coding	NA
ENSG00000282221	ENSG00000282221	lncRNA	NA
ENSG00000282608	ADORA3	protein_coding	NA
ENSG00000282651	IGHV5-10-1	lncRNA	NA
ENSG00000282785	MALLP1	lncRNA	NA
ENSG00000282804	ENSG00000282804	protein_coding	NA
ENSG00000282826	FRG1CP	lncRNA	NA
ENSG00000282851	BISPR	lncRNA	NA
ENSG00000282870	FRG1DP	lncRNA	NA
ENSG00000282885	ENSG00000282885	lncRNA	NA
ENSG00000282988	ENSG00000282988	protein_coding	NA
ENSG00000283023	FRG1GP	lncRNA	NA
ENSG00000283052	LINC02456	lncRNA	NA
ENSG00000283071	LBHD2	protein_coding	NA
ENSG00000283103	ENSG00000283103	lncRNA	NA
ENSG00000283154	IQCJ-SCHIP1	protein_coding	NA
ENSG00000283196	ENSG00000283196	lncRNA	NA
ENSG00000283247	CCDC201	protein_coding	NA
ENSG00000283294	ENSG00000283294	lncRNA	NA
ENSG00000283324	CTXND2	protein_coding	NA
ENSG00000283554	LINC02341	lncRNA	NA
ENSG00000283602	ENSG00000283602	lncRNA	NA
ENSG00000283633	ENSG00000283633	lncRNA	NA
ENSG00000283773	ENSG00000283773	lncRNA	NA
ENSG00000283959	ENSG00000283959	lncRNA	NA
ENSG00000283992	SLURP2	protein_coding	NA
ENSG00000284024	MSANTD7	protein_coding	NA
ENSG00000284116	ENSG00000284116	lncRNA	NA
ENSG00000284194	SCO2	protein_coding	NA
ENSG00000284428	ENSG00000284428	lncRNA	NA
ENSG00000284526	ENSG00000284526	protein_coding	NA
ENSG00000284543	LINC01226	lncRNA	NA
ENSG00000284608	ENSG00000284608	lncRNA	NA
ENSG00000284624	ENSG00000284624	lncRNA	NA
ENSG00000284633	ENSG00000284633	lncRNA	NA
ENSG00000284734	ENSG00000284734	lncRNA	NA
ENSG00000284753	EEF1AKMT4	protein_coding	NA
ENSG00000284770	TBCE	protein_coding	NA
ENSG00000284776	ENSG00000284776	protein_coding	NA
ENSG00000284791	SMIM41	protein_coding	NA
ENSG00000284837	ENSG00000284837	lncRNA	NA
ENSG00000284879	NCAL1	lncRNA	NA
ENSG00000284928	ENSG00000284928	lncRNA	NA
ENSG00000284930	ENSG00000284930	lncRNA	NA
ENSG00000284931	ENSG00000284931	protein_coding	NA
ENSG00000284954	ENSG00000284954	lncRNA	NA
ENSG00000284968	ENSG00000284968	lncRNA	NA
ENSG00000284969	ENSG00000284969	protein_coding	NA
ENSG00000284981	UPK3BL2	protein_coding	NA
ENSG00000285043	ENSG00000285043	protein_coding	NA
ENSG00000285190	ENSG00000285190	lncRNA	NA
ENSG00000285219	HULC	lncRNA	NA
ENSG00000285230	RALY-AS1	lncRNA	NA
ENSG00000285280	ENSG00000285280	lncRNA	NA
ENSG00000285329	ENSG00000285329	protein_coding	NA
ENSG00000285331	TCF12-DT	lncRNA	NA
ENSG00000285424	ENSG00000285424	lncRNA	NA
ENSG00000285427	SOD2-OT1	lncRNA	NA
ENSG00000285437	POLR2J3	protein_coding	NA
ENSG00000285508	ENSG00000285508	protein_coding	NA
ENSG00000285533	RELA-DT	lncRNA	NA
ENSG00000285579	ENSG00000285579	lncRNA	NA
ENSG00000285624	ENSG00000285624	lncRNA	NA
ENSG00000285714	ENSG00000285714	lncRNA	NA
ENSG00000285725	ENSG00000285725	lncRNA	NA
ENSG00000285756	ENSG00000285756	lncRNA	NA
ENSG00000285791	ENSG00000285791	protein_coding	NA
ENSG00000285793	ANAPC1P2	lncRNA	NA
ENSG00000285815	GET1-SH3BGR	protein_coding	NA
ENSG00000285878	ENSG00000285878	lncRNA	NA
ENSG00000285884	ENSG00000285884	lncRNA	NA
ENSG00000285899	ENSG00000285899	lncRNA	NA
ENSG00000285933	ENSG00000285933	lncRNA	NA
ENSG00000285953	ENSG00000285953	protein_coding	NA
ENSG00000285977	ENSG00000285977	lncRNA	NA
ENSG00000286001	ENSG00000286001	protein_coding	NA
ENSG00000286010	ENSG00000286010	lncRNA	NA
ENSG00000286015	ENSG00000286015	protein_coding	NA
ENSG00000286019	NOTCH2NLB	protein_coding	NA
ENSG00000286033	ENSG00000286033	lncRNA	NA
ENSG00000286037	ENSG00000286037	lncRNA	NA
ENSG00000286042	LCAL1	lncRNA	NA
ENSG00000286053	ASDURF	protein_coding	NA
ENSG00000286060	ENSG00000286060	lncRNA	NA
ENSG00000286061	RCAN3AS	lncRNA	NA
ENSG00000286104	ENSG00000286104	lncRNA	NA
ENSG00000286118	ENSG00000286118	lncRNA	NA
ENSG00000286125	ENSG00000286125	lncRNA	NA
ENSG00000286133	ENSG00000286133	lncRNA	NA
ENSG00000286140	DERPC	protein_coding	NA
ENSG00000286190	ENSG00000286190	protein_coding	NA
ENSG00000286219	NOTCH2NLC	protein_coding	NA
ENSG00000286264	ENSG00000286264	protein_coding	NA
ENSG00000286358	ENSG00000286358	lncRNA	NA
ENSG00000286366	ENSG00000286366	lncRNA	NA
ENSG00000286406	ENSG00000286406	lncRNA	NA
ENSG00000286417	ENSG00000286417	lncRNA	NA
ENSG00000286456	ENSG00000286456	lncRNA	NA
ENSG00000286467	ENSG00000286467	lncRNA	NA
ENSG00000286517	ENSG00000286517	lncRNA	NA
ENSG00000286626	ENSG00000286626	lncRNA	NA
ENSG00000286634	ENSG00000286634	lncRNA	NA
ENSG00000286646	MAP3K5-AS2	lncRNA	NA
ENSG00000286705	ENSG00000286705	lncRNA	NA
ENSG00000286718	ENSG00000286718	lncRNA	NA
ENSG00000286734	ENSG00000286734	lncRNA	NA
ENSG00000286751	ENSG00000286751	lncRNA	NA
ENSG00000286787	ENSG00000286787	lncRNA	NA
ENSG00000286802	ENSG00000286802	lncRNA	NA
ENSG00000286826	ENSG00000286826	lncRNA	NA
ENSG00000286837	ENSG00000286837	lncRNA	NA
ENSG00000286923	ENSG00000286923	lncRNA	NA
ENSG00000286977	ENSG00000286977	lncRNA	NA
ENSG00000286995	ENSG00000286995	lncRNA	NA
ENSG00000287024	ENSG00000287024	lncRNA	NA
ENSG00000287093	ENSG00000287093	lncRNA	NA
ENSG00000287115	LINC02993	lncRNA	NA
ENSG00000287127	ENSG00000287127	lncRNA	NA
ENSG00000287238	ENSG00000287238	lncRNA	NA
ENSG00000287255	ENSG00000287255	lncRNA	NA
ENSG00000287263	ENSG00000287263	lncRNA	NA
ENSG00000287326	ENSG00000287326	lncRNA	NA
ENSG00000287331	ENSG00000287331	lncRNA	NA
ENSG00000287356	ENSG00000287356	lncRNA	NA
ENSG00000287367	ENSG00000287367	lncRNA	NA
ENSG00000287382	ENSG00000287382	lncRNA	NA
ENSG00000287445	ENSG00000287445	lncRNA	NA
ENSG00000287460	ENSG00000287460	lncRNA	NA
ENSG00000287463	ENSG00000287463	lncRNA	NA
ENSG00000287569	ENSG00000287569	lncRNA	NA
ENSG00000287620	ENSG00000287620	lncRNA	NA
ENSG00000287642	ENSG00000287642	lncRNA	NA
ENSG00000287688	ENSG00000287688	lncRNA	NA
ENSG00000287743	ENSG00000287743	lncRNA	NA
ENSG00000287763	ENSG00000287763	lncRNA	NA
ENSG00000287791	ENSG00000287791	lncRNA	NA
ENSG00000287804	ENSG00000287804	lncRNA	NA
ENSG00000287815	ENSG00000287815	lncRNA	NA
ENSG00000287825	ENSG00000287825	lncRNA	NA
ENSG00000287839	ENSG00000287839	lncRNA	NA
ENSG00000287865	ENSG00000287865	lncRNA	NA
ENSG00000287875	ENSG00000287875	lncRNA	NA
ENSG00000287886	ENSG00000287886	lncRNA	NA
ENSG00000287906	ENSG00000287906	lncRNA	NA
ENSG00000287954	ENSG00000287954	lncRNA	NA
ENSG00000288018	ENSG00000288018	lncRNA	NA
ENSG00000288022	ENSG00000288022	lncRNA	NA
ENSG00000288044	ENSG00000288044	lncRNA	NA
ENSG00000288061	ENSG00000288061	lncRNA	NA
ENSG00000288253	ENSG00000288253	lncRNA	NA
ENSG00000288302	ENSG00000288302	lncRNA	NA
ENSG00000288321	ENSG00000288321	lncRNA	NA
ENSG00000288558	DUS4L-BCAP29	protein_coding	NA
ENSG00000288569	LINC01949	lncRNA	NA
ENSG00000288596	C8orf44	lncRNA	NA
ENSG00000288663	ENSG00000288663	lncRNA	NA
ENSG00000288678	ENSG00000288678	protein_coding	NA
ENSG00000288681	ENSG00000288681	protein_coding	NA
ENSG00000288701	PRRC2B	protein_coding	NA
ENSG00000288714	ENSG00000288714	lncRNA	NA
ENSG00000288715	ENSG00000288715	protein_coding	NA
ENSG00000288723	ENSG00000288723	lncRNA	NA
ENSG00000288738	ENSG00000288738	lncRNA	NA
ENSG00000288767	ENSG00000288767	lncRNA	NA
ENSG00000288771	ENSG00000288771	lncRNA	NA
ENSG00000288795	ENSG00000288795	lncRNA	NA
ENSG00000288796	ENSG00000288796	protein_coding	NA
ENSG00000288853	ENSG00000288853	lncRNA	NA
ENSG00000288869	SMANTIS	lncRNA	NA
ENSG00000288882	ENSG00000288882	lncRNA	NA
ENSG00000288920	RPSA2	protein_coding	NA
ENSG00000288922	ENSG00000288922	lncRNA	NA
ENSG00000288944	ENSG00000288944	lncRNA	NA
ENSG00000289007	ENSG00000289007	lncRNA	NA
ENSG00000289019	ENSG00000289019	lncRNA	NA
ENSG00000289037	LINC01530	lncRNA	NA
ENSG00000289047	ENSG00000289047	lncRNA	NA
ENSG00000289048	ENSG00000289048	lncRNA	NA
ENSG00000289052	ENSG00000289052	lncRNA	NA
ENSG00000289070	ENSG00000289070	lncRNA	NA
ENSG00000289078	ENSG00000289078	lncRNA	NA
ENSG00000289119	ENSG00000289119	lncRNA	NA
ENSG00000289130	ENSG00000289130	lncRNA	NA
ENSG00000289132	ENSG00000289132	lncRNA	NA
ENSG00000289166	ENSG00000289166	lncRNA	NA
ENSG00000289176	ENSG00000289176	lncRNA	NA
ENSG00000289183	ENSG00000289183	lncRNA	NA
ENSG00000289189	ENSG00000289189	lncRNA	NA
ENSG00000289195	ENSG00000289195	lncRNA	NA
ENSG00000289320	ENSG00000289320	lncRNA	NA
ENSG00000289405	ENSG00000289405	lncRNA	NA
ENSG00000289448	ENSG00000289448	lncRNA	NA
ENSG00000289469	ENSG00000289469	lncRNA	NA
ENSG00000289516	ENSG00000289516	lncRNA	NA
ENSG00000289535	ENSG00000289535	lncRNA	NA
ENSG00000289583	ENSG00000289583	lncRNA	NA
ENSG00000289621	ENSG00000289621	lncRNA	NA
ENSG00000289653	ENSG00000289653	protein_coding	NA
ENSG00000289724	ENSG00000289724	protein_coding	NA
ENSG00000289746	TARP	protein_coding	NA
ENSG00000289843	ENSG00000289843	lncRNA	NA
ENSG00000289862	ENSG00000289862	lncRNA	NA
ENSG00000289868	ENSG00000289868	lncRNA	NA
ENSG00000289911	ENSG00000289911	lncRNA	NA
ENSG00000289915	ENSG00000289915	lncRNA	NA
ENSG00000290007	ENSG00000290007	lncRNA	NA
ENSG00000290008	ENSG00000290008	lncRNA	NA
ENSG00000290018	ENSG00000290018	lncRNA	NA
ENSG00000290078	ENSG00000290078	lncRNA	NA
ENSG00000290088	ENSG00000290088	lncRNA	NA
ENSG00000290125	ENSG00000290125	lncRNA	NA
ENSG00000290146	ENSG00000290146	protein_coding	NA
ENSG00000290166	ENSG00000290166	lncRNA	NA
ENSG00000290199	ENSG00000290199	lncRNA	NA
ENSG00000290203	NOX5	protein_coding	NA
ENSG00000290292	HOMEZ	protein_coding	NA
ENSG00000290317	ENSG00000290317	protein_coding	NA
ENSG00000290374	FAM86EP	lncRNA	NA
ENSG00000290376	HERC2P3	lncRNA	NA
ENSG00000290382	ZNF876P	lncRNA	NA
ENSG00000290414	ENSG00000290414	lncRNA	NA
ENSG00000290418	TPTEP1	lncRNA	NA
ENSG00000290425	PI4KAP1	lncRNA	NA
ENSG00000290439	HSD17B7P2	lncRNA	NA
ENSG00000290441	ENSG00000290441	lncRNA	NA
ENSG00000290450	ENSG00000290450	lncRNA	NA
ENSG00000290459	ENSG00000290459	lncRNA	NA
ENSG00000290461	ENSG00000290461	lncRNA	NA
ENSG00000290464	SUGT1P3	lncRNA	NA
ENSG00000290490	ENSG00000290490	lncRNA	NA
ENSG00000290525	GBP1P1	lncRNA	NA
ENSG00000290531	TSPAN11-AS1	lncRNA	NA
ENSG00000290555	LINC00680	lncRNA	NA
ENSG00000290563	ENSG00000290563	lncRNA	NA
ENSG00000290569	ENSG00000290569	lncRNA	NA
ENSG00000290571	GOLGA2P5	lncRNA	NA
ENSG00000290598	ENSG00000290598	lncRNA	NA
ENSG00000290644	ENSG00000290644	lncRNA	NA
ENSG00000290672	PPY2P	lncRNA	NA
ENSG00000290681	ECEL1P2	lncRNA	NA
ENSG00000290682	STAG3L5P	lncRNA	NA
ENSG00000290683	ENSG00000290683	lncRNA	NA
ENSG00000290720	ZNF542P	lncRNA	NA
ENSG00000290737	ENSG00000290737	lncRNA	NA
ENSG00000290746	CA5BP1	lncRNA	NA
ENSG00000290755	ENSG00000290755	lncRNA	NA
ENSG00000290760	UBE2Q2P13	lncRNA	NA
ENSG00000290763	SDHAP1	lncRNA	NA
ENSG00000290770	MFSD14CP	lncRNA	NA
ENSG00000290782	CFL1P1	lncRNA	NA
ENSG00000290786	ENSG00000290786	lncRNA	NA
ENSG00000290795	C2orf83	lncRNA	NA
ENSG00000290797	ENSG00000290797	lncRNA	NA
ENSG00000290799	ENSG00000290799	lncRNA	NA
ENSG00000290823	ENSG00000290823	lncRNA	NA
ENSG00000290830	ENSG00000290830	lncRNA	NA
ENSG00000290832	ENSG00000290832	lncRNA	NA
ENSG00000290833	ENSG00000290833	lncRNA	NA
ENSG00000290838	NCF1B	lncRNA	NA
ENSG00000290846	ENSG00000290846	lncRNA	NA
ENSG00000290857	CHEK2P2	lncRNA	NA
ENSG00000290860	CCT6P3	lncRNA	NA
ENSG00000290866	OTOAP1	lncRNA	NA
ENSG00000290867	LINC01145	lncRNA	NA
ENSG00000290871	GTF2IP1	lncRNA	NA
ENSG00000290872	ENSG00000290872	lncRNA	NA
ENSG00000290879	ENSG00000290879	lncRNA	NA
ENSG00000290888	ENSG00000290888	lncRNA	NA
ENSG00000290890	ENSG00000290890	lncRNA	NA
ENSG00000290912	HERC2P7	lncRNA	NA
ENSG00000290916	ENSG00000290916	lncRNA	NA
ENSG00000290920	ENSG00000290920	lncRNA	NA
ENSG00000290928	ENSG00000290928	lncRNA	NA
ENSG00000290930	OR7E91P	lncRNA	NA
ENSG00000290951	ENSG00000290951	lncRNA	NA
ENSG00000290957	ENSG00000290957	lncRNA	NA
ENSG00000290988	ZNF781	lncRNA	NA
ENSG00000290993	ENSG00000290993	lncRNA	NA
ENSG00000290994	FAM86C2P	lncRNA	NA
ENSG00000291003	ENSG00000291003	lncRNA	NA
ENSG00000291006	ENSG00000291006	lncRNA	NA
ENSG00000291010	MRPS31P5	lncRNA	NA
ENSG00000291011	ENSG00000291011	lncRNA	NA
ENSG00000291015	ENSG00000291015	lncRNA	NA
ENSG00000291027	UBE2Q2P1	lncRNA	NA
ENSG00000291032	ENSG00000291032	lncRNA	NA
ENSG00000291033	TXLNGY	lncRNA	NA
ENSG00000291034	ENSG00000291034	lncRNA	NA
ENSG00000291035	RRP7BP	lncRNA	NA
ENSG00000291040	CD99P1	lncRNA	NA
ENSG00000291041	ENSG00000291041	lncRNA	NA
ENSG00000291042	ENSG00000291042	lncRNA	NA
ENSG00000291046	ENSG00000291046	lncRNA	NA
ENSG00000291050	TEKT4P2	lncRNA	NA
ENSG00000291052	ABCC13	lncRNA	NA
ENSG00000291053	CATSPER2P1	lncRNA	NA
ENSG00000291055	ENSG00000291055	lncRNA	NA
ENSG00000291059	CLEC4OP	lncRNA	NA
ENSG00000291064	RPL23AP7	lncRNA	NA
ENSG00000291066	ENSG00000291066	lncRNA	NA
ENSG00000291067	ENSG00000291067	lncRNA	NA
ENSG00000291068	ENSG00000291068	lncRNA	NA
ENSG00000291072	ENSG00000291072	lncRNA	NA
ENSG00000291073	ENSG00000291073	lncRNA	NA
ENSG00000291075	ENSG00000291075	lncRNA	NA
ENSG00000291077	ENSG00000291077	lncRNA	NA
ENSG00000291078	ENSG00000291078	lncRNA	NA
ENSG00000291080	ZNF252P	lncRNA	NA
ENSG00000291081	ENSG00000291081	lncRNA	NA
ENSG00000291085	TMEM191A	lncRNA	NA
ENSG00000291086	LGALS17A	lncRNA	NA
ENSG00000291087	CRYBB2P1	lncRNA	NA
ENSG00000291090	CCDC144BP	lncRNA	NA
ENSG00000291091	SDHAP4	lncRNA	NA
ENSG00000291092	PMS2P3	lncRNA	NA
ENSG00000291093	SVIL-AS1	lncRNA	NA
ENSG00000291095	ENSG00000291095	lncRNA	NA
ENSG00000291096	ENSG00000291096	lncRNA	NA
ENSG00000291100	ENSG00000291100	lncRNA	NA
ENSG00000291102	GUSBP1	lncRNA	NA
ENSG00000291103	MPHOSPH10P1	lncRNA	NA
ENSG00000291105	ENSG00000291105	lncRNA	NA
ENSG00000291106	SNHG33	lncRNA	NA
ENSG00000291107	ENSG00000291107	lncRNA	NA
ENSG00000291108	SEPTIN7P11	lncRNA	NA
ENSG00000291112	ENSG00000291112	lncRNA	NA
ENSG00000291113	ENSG00000291113	lncRNA	NA
ENSG00000291115	ZNF300P1	lncRNA	NA
ENSG00000291116	PLAC9P1	lncRNA	NA
ENSG00000291117	ENSG00000291117	lncRNA	NA
ENSG00000291120	ENSG00000291120	lncRNA	NA
ENSG00000291124	ENSG00000291124	lncRNA	NA
ENSG00000291128	APOC1P1	lncRNA	NA
ENSG00000291129	PPIEL	lncRNA	NA
ENSG00000291130	ENSG00000291130	lncRNA	NA
ENSG00000291131	ENSG00000291131	lncRNA	NA
ENSG00000291132	ENSG00000291132	lncRNA	NA
ENSG00000291134	WASH2P	lncRNA	NA
ENSG00000291135	FCGR1BP	lncRNA	NA
ENSG00000291136	ENSG00000291136	lncRNA	NA
ENSG00000291137	GBAP1	lncRNA	NA
ENSG00000291140	AMZ2P1	lncRNA	NA
ENSG00000291142	ENSG00000291142	lncRNA	NA
ENSG00000291143	ENSG00000291143	lncRNA	NA
ENSG00000291144	ENSG00000291144	lncRNA	NA
ENSG00000291145	PPP5D1P	lncRNA	NA
ENSG00000291146	RP9P	lncRNA	NA
ENSG00000291147	ENSG00000291147	lncRNA	NA
ENSG00000291149	ENSG00000291149	lncRNA	NA
ENSG00000291150	LSP1P5	lncRNA	NA
ENSG00000291151	NSUN5P1	lncRNA	NA
ENSG00000291152	SBDSP1	lncRNA	NA
ENSG00000291153	STAG3L4	lncRNA	NA
ENSG00000291154	PMS2P4	lncRNA	NA
ENSG00000291158	LINC00869	lncRNA	NA
ENSG00000291165	ENSG00000291165	lncRNA	NA
ENSG00000291171	ENSG00000291171	lncRNA	NA
ENSG00000291173	CASP4LP	lncRNA	NA
ENSG00000291174	ENSG00000291174	lncRNA	NA
ENSG00000291178	ENSG00000291178	lncRNA	NA
ENSG00000291181	ENSG00000291181	lncRNA	NA
ENSG00000291185	ENSG00000291185	lncRNA	NA
ENSG00000291186	ENSG00000291186	lncRNA	NA
ENSG00000291188	ENSG00000291188	lncRNA	NA
ENSG00000291202	ENSG00000291202	lncRNA	NA
ENSG00000291203	ENSG00000291203	lncRNA	NA
ENSG00000291207	ENSG00000291207	lncRNA	NA
ENSG00000291212	ENSG00000291212	lncRNA	NA
ENSG00000291213	DPY19L2P3	lncRNA	NA
ENSG00000291214	ENSG00000291214	lncRNA	NA
ENSG00000291223	FAM86DP	lncRNA	NA
ENSG00000291224	ENSG00000291224	lncRNA	NA
ENSG00000291230	NAPSB	lncRNA	NA
ENSG00000291233	ENSG00000291233	lncRNA	NA
ENSG00000291234	ENSG00000291234	lncRNA	NA
ENSG00000291235	ENSG00000291235	lncRNA	NA
ENSG00000291237	SOD2	protein_coding	NA
ENSG00000291258	ENSG00000291258	lncRNA	NA
ENSG00000291259	ENSG00000291259	lncRNA	NA
ENSG00000291263	SMG1P7	lncRNA	NA
ENSG00000291264	ENSG00000291264	lncRNA	NA
ENSG00000291266	SMG1P5	lncRNA	NA
ENSG00000291299	ENSG00000291299	lncRNA	NA
ENSG00000291300	PRSS30P	lncRNA	NA
ENSG00000291317	TMEM276	protein_coding	NA
ENSG00000292979	ENSG00000292979	lncRNA	NA
ENSG00000292995	TPRXL	lncRNA	NA
ENSG00000293037	ENSG00000293037	lncRNA	NA
ENSG00000293047	WTAPP1	lncRNA	NA
ENSG00000293106	ENSG00000293106	lncRNA	NA
ENSG00000293115	CENPBD2P	lncRNA	NA
ENSG00000293137	MSL3P1	lncRNA	NA
ENSG00000293161	ENSG00000293161	lncRNA	NA
ENSG00000293171	ENSG00000293171	lncRNA	NA
ENSG00000293185	TPM3P9	lncRNA	NA
ENSG00000293186	ENSG00000293186	lncRNA	NA
ENSG00000293228	ENSG00000293228	lncRNA	NA
ENSG00000293240	ENSG00000293240	lncRNA	NA
ENSG00000293241	GTF2IP4	lncRNA	NA
ENSG00000293246	ZNF321P	lncRNA	NA
ENSG00000293257	ENSG00000293257	lncRNA	NA
ENSG00000293279	ENSG00000293279	lncRNA	NA
ENSG00000293314	SDAD1P1	lncRNA	NA
ENSG00000293317	ZNF702P	lncRNA	NA
ENSG00000293320	ENSG00000293320	lncRNA	NA
ENSG00000293328	NKAPP1	lncRNA	NA
ENSG00000293337	ENSG00000293337	lncRNA	NA
ENSG00000293346	ENSG00000293346	lncRNA	NA
ENSG00000293360	ABCA11P	lncRNA	NA
ENSG00000293375	ENSG00000293375	lncRNA	NA
ENSG00000293389	ENSG00000293389	lncRNA	NA
ENSG00000293413	ENSG00000293413	lncRNA	NA
ENSG00000293427	ENSG00000293427	lncRNA	NA
ENSG00000293428	C22orf46P	lncRNA	NA
ENSG00000293434	AHSA2P	lncRNA	NA
ENSG00000293441	ENSG00000293441	lncRNA	NA
ENSG00000293443	ENSG00000293443	lncRNA	NA
ENSG00000293455	ENSG00000293455	lncRNA	NA
ENSG00000293456	C3orf86P	lncRNA	NA
ENSG00000293464	ENSG00000293464	lncRNA	NA
ENSG00000293465	ENSG00000293465	lncRNA	NA
ENSG00000293470	ENSG00000293470	lncRNA	NA
ENSG00000293485	SERHL	lncRNA	NA
ENSG00000293488	CLECL1P	lncRNA	NA
ENSG00000293489	ENSG00000293489	lncRNA	NA
ENSG00000293490	SLC66A1L	lncRNA	NA
ENSG00000293491	TMEM198B	lncRNA	NA
ENSG00000293492	NUDT16L2P	lncRNA	NA
ENSG00000293493	VNN3P	lncRNA	NA
ENSG00000293494	ZPLD2P	lncRNA	NA
ENSG00000293495	C19orf48P	lncRNA	NA
ENSG00000293497	ENSG00000293497	lncRNA	NA
ENSG00000293499	ENSG00000293499	lncRNA	NA
ENSG00000293503	ENSG00000293503	lncRNA	NA
ENSG00000293507	FBXL9P	lncRNA	NA
ENSG00000293510	AFG3L1P	lncRNA	NA
ENSG00000293514	CUTALP	lncRNA	NA
ENSG00000293516	ZNF271P	lncRNA	NA
ENSG00000293541	ENSG00000293541	lncRNA	NA
ENSG00000293550	ENSG00000293550	lncRNA	NA
HPLRG_001c55ee10d		lncRNA	NA
HPLRG_005d0049b47		lncRNA	NA
HPLRG_00b32231379		lncRNA	NA
HPLRG_017a00ee91f		lncRNA	NA
HPLRG_01ab172ff69		lncRNA	NA
HPLRG_03ddbebe655		lncRNA	NA
HPLRG_03e70d42a30		lncRNA	NA
HPLRG_04cc1de88db		lncRNA	NA
HPLRG_04db93b8648		lncRNA	NA
HPLRG_053355b114b		protein_coding	NA
HPLRG_0670baa6dad		lncRNA	NA
HPLRG_0689169a2bb		lncRNA	NA
HPLRG_07733d9b066		lncRNA	NA
HPLRG_07775862779		lncRNA	NA
HPLRG_087d282f94d		lncRNA	NA
HPLRG_094aa0f3e8a		protein_coding	NA
HPLRG_096fee421d6		protein_coding	NA
HPLRG_09914cee8c8		protein_coding	NA
HPLRG_0a133b06f67		protein_coding	NA
HPLRG_0a364bf3460		lncRNA	NA
HPLRG_0a6b58671f2		lncRNA	NA
HPLRG_0a93b4a054b		lncRNA	NA
HPLRG_0ae40f186a6		protein_coding	NA
HPLRG_0b0a9261ce1		lncRNA	NA
HPLRG_0b5d251761f		protein_coding	NA
HPLRG_0ba531a62ef		lncRNA	NA
HPLRG_0bbb477cd4f		protein_coding	NA
HPLRG_0bd02378ee6		protein_coding	NA
HPLRG_0bd78bd386b		protein_coding	NA
HPLRG_0c62e0d17d5		protein_coding	NA
HPLRG_0c7b6facd55		lncRNA	NA
HPLRG_0d030e213f7		lncRNA	NA
HPLRG_0d2ff8bbac4		lncRNA	NA
HPLRG_0daed5df9ce		lncRNA	NA
HPLRG_0ebd2a4acbe		protein_coding	NA
HPLRG_0f1cdd671ad		lncRNA	NA
HPLRG_0f28669b65f		lncRNA	NA
HPLRG_0f2be66810d		protein_coding	NA
HPLRG_0f3f814fd9f		lncRNA	NA
HPLRG_0facd96727e		lncRNA	NA
HPLRG_10940585d22		protein_coding	NA
HPLRG_12400b6c05b		protein_coding	NA
HPLRG_12a74223477		lncRNA	NA
HPLRG_12cfe99b104		lncRNA	NA
HPLRG_141dac0978f		lncRNA	NA
HPLRG_14dcbd26c1d		lncRNA	NA
HPLRG_14e5c4dd623		lncRNA	NA
HPLRG_14eb4ceb77e		lncRNA	NA
HPLRG_15f3fd19b40		protein_coding	NA
HPLRG_1677c1016dc		lncRNA	NA
HPLRG_170a3a22a28		lncRNA	NA
HPLRG_17b78479795		lncRNA	NA
HPLRG_17dc49db2e6		lncRNA	NA
HPLRG_18697bd5e5f		lncRNA	NA
HPLRG_187edae40ae		protein_coding	NA
HPLRG_18cfeb00be9		lncRNA	NA
HPLRG_18ddf6c94c1		lncRNA	NA
HPLRG_1903fd94c1e		lncRNA	NA
HPLRG_194aa44be50		protein_coding	NA
HPLRG_196eb249249		lncRNA	NA
HPLRG_1996244b46c		lncRNA	NA
HPLRG_1998a0df805		protein_coding	NA
HPLRG_19af59fe2ba		lncRNA	NA
HPLRG_19b542a5c7a		protein_coding	NA
HPLRG_19dc4f60e05		protein_coding	NA
HPLRG_1a654672b0e		lncRNA	NA
HPLRG_1abd6dcf691		lncRNA	NA
HPLRG_1aeeebbc501		lncRNA	NA
HPLRG_1b1b14c17c1		lncRNA	NA
HPLRG_1b5362c376b		lncRNA	NA
HPLRG_1bd61768b89		lncRNA	NA
HPLRG_1c28d6ab11e		protein_coding	NA
HPLRG_1c4651854d3		lncRNA	NA
HPLRG_1caffa304a1		lncRNA	NA
HPLRG_1d0a7c18451		lncRNA	NA
HPLRG_1db102b80fd		protein_coding	NA
HPLRG_1e7d98a9193		protein_coding	NA
HPLRG_1e98342125e		protein_coding	NA
HPLRG_1ffc6a11e76		protein_coding	NA
HPLRG_2012661344e		lncRNA	NA
HPLRG_201ed351910		lncRNA	NA
HPLRG_20da7297b69		lncRNA	NA
HPLRG_211c6e2f23b		protein_coding	NA
HPLRG_21481324d56		lncRNA	NA
HPLRG_214c474321d		lncRNA	NA
HPLRG_2171cd4941a		lncRNA	NA
HPLRG_21b858dc309		lncRNA	NA
HPLRG_21be004b038		lncRNA	NA
HPLRG_221d7177c68		protein_coding	NA
HPLRG_22cdcb4aca5		protein_coding	NA
HPLRG_23a6cd45914		lncRNA	NA
HPLRG_23de8591e85		lncRNA	NA
HPLRG_25425a55bbe		protein_coding	NA
HPLRG_25cfc33bade		lncRNA	NA
HPLRG_26b24811100		lncRNA	NA
HPLRG_26c61d8df4d		lncRNA	NA
HPLRG_27658ddda2a		lncRNA	NA
HPLRG_27f9320254c		lncRNA	NA
HPLRG_28b6f52ca30		lncRNA	NA
HPLRG_298eac92068		lncRNA	NA
HPLRG_29ac7347f68		lncRNA	NA
HPLRG_29cbde52b9e		lncRNA	NA
HPLRG_2c4860d9af4		lncRNA	NA
HPLRG_2d4e6ff5c75		lncRNA	NA
HPLRG_2dab89028f6		lncRNA	NA
HPLRG_2dfb456b097		lncRNA	NA
HPLRG_3019d49ba6d		lncRNA	NA
HPLRG_3070660868e		lncRNA	NA
HPLRG_333e33935f2		lncRNA	NA
HPLRG_341928e2b47		lncRNA	NA
HPLRG_34203e0b55b		lncRNA	NA
HPLRG_347c1a16939		lncRNA	NA
HPLRG_34e1262bb4f		protein_coding	NA
HPLRG_356428992a8		protein_coding	NA
HPLRG_35ecce70cb6		lncRNA	NA
HPLRG_3698882b5f9		lncRNA	NA
HPLRG_375c48ed165		lncRNA	NA
HPLRG_376f97f722b		lncRNA	NA
HPLRG_37cf8c94584		lncRNA	NA
HPLRG_383431db91c		lncRNA	NA
HPLRG_384eb0fa319		lncRNA	NA
HPLRG_388fa23c6d5		lncRNA	NA
HPLRG_38a24722690		lncRNA	NA
HPLRG_39122737c8e		protein_coding	NA
HPLRG_3a8a0c97307		lncRNA	NA
HPLRG_3a9c09a84c5		lncRNA	NA
HPLRG_3aa73c05075		lncRNA	NA
HPLRG_3b3b319a633		lncRNA	NA
HPLRG_3c54438741b		lncRNA	NA
HPLRG_3cb01bd2b87		protein_coding	NA
HPLRG_3cdc02d85ef		lncRNA	NA
HPLRG_3db883f82af		lncRNA	NA
HPLRG_3e5b42f1478		protein_coding	NA
HPLRG_3f6253187ec		lncRNA	NA
HPLRG_3fff1a64314		protein_coding	NA
HPLRG_4026613c9d9		lncRNA	NA
HPLRG_40e81b3f065		lncRNA	NA
HPLRG_41643d64f93		lncRNA	NA
HPLRG_41957580f62		lncRNA	NA
HPLRG_41c8a779929		lncRNA	NA
HPLRG_42ee030b5ce		lncRNA	NA
HPLRG_437ae1d81e6		lncRNA	NA
HPLRG_43ce7679d97		lncRNA	NA
HPLRG_442cd3f7985		lncRNA	NA
HPLRG_45961fa6421		lncRNA	NA
HPLRG_45e154ede03		lncRNA	NA
HPLRG_4637dfd2e10		lncRNA	NA
HPLRG_47097cda72b		protein_coding	NA
HPLRG_4739d2264b3		lncRNA	NA
HPLRG_47c5df63931		lncRNA	NA
HPLRG_47d44ff2d04		protein_coding	NA
HPLRG_47dec09c70d		lncRNA	NA
HPLRG_49400077a3d		lncRNA	NA
HPLRG_494f78f18cc		lncRNA	NA
HPLRG_49a7039b13d		lncRNA	NA
HPLRG_4a104327fa7		lncRNA	NA
HPLRG_4bbb06f9547		lncRNA	NA
HPLRG_4c01af9d763		lncRNA	NA
HPLRG_4c187e025ae		lncRNA	NA
HPLRG_4c6dd5bc73f		protein_coding	NA
HPLRG_4ced1844486		protein_coding	NA
HPLRG_4d1c14863fd		lncRNA	NA
HPLRG_4d300ac0660		lncRNA	NA
HPLRG_4dae135d66c		lncRNA	NA
HPLRG_4effaa73d34		lncRNA	NA
HPLRG_4f11fa2bc63		lncRNA	NA
HPLRG_4f3836f3841		lncRNA	NA
HPLRG_500d42ff7d0		protein_coding	NA
HPLRG_506802d45d7		lncRNA	NA
HPLRG_5071cf31278		lncRNA	NA
HPLRG_51670ae1fd2		lncRNA	NA
HPLRG_516aba63f2b		lncRNA	NA
HPLRG_51fceadc23c		lncRNA	NA
HPLRG_543f8359caa		lncRNA	NA
HPLRG_5528eaca102		protein_coding	NA
HPLRG_554ed4b726c		protein_coding	NA
HPLRG_555955b611b		lncRNA	NA
HPLRG_5594a01507d		lncRNA	NA
HPLRG_56a09317ea9		lncRNA	NA
HPLRG_57426afd68b		lncRNA	NA
HPLRG_5771ddcb5e8		lncRNA	NA
HPLRG_58c278bd44b		protein_coding	NA
HPLRG_59731544c59		lncRNA	NA
HPLRG_59903d49ee7		lncRNA	NA
HPLRG_59eae88f2d1		lncRNA	NA
HPLRG_5a2fa86ff5d		protein_coding	NA
HPLRG_5b37bcb5a82		lncRNA	NA
HPLRG_5c2d184bfd9		lncRNA	NA
HPLRG_5c98a6493b5		lncRNA	NA
HPLRG_5ce56917b13		protein_coding	NA
HPLRG_5d60f4b5440		lncRNA	NA
HPLRG_5d6f846773e		lncRNA	NA
HPLRG_5e54541b9ec		lncRNA	NA
HPLRG_5e58a669427		protein_coding	NA
HPLRG_5eadab1fe1a		protein_coding	NA
HPLRG_5ed2fd55126		lncRNA	NA
HPLRG_5ee06091ae4		lncRNA	NA
HPLRG_5f87e6c0d25		protein_coding	NA
HPLRG_5f9b3d3ca0b		lncRNA	NA
HPLRG_60aae7eebef		lncRNA	NA
HPLRG_60b17dd4816		lncRNA	NA
HPLRG_62aa376f577		protein_coding	NA
HPLRG_62da43002b1		lncRNA	NA
HPLRG_631a4c4b11f		lncRNA	NA
HPLRG_63853953ea1		lncRNA	NA
HPLRG_63be9889605		lncRNA	NA
HPLRG_645d5bbf6a9		lncRNA	NA
HPLRG_652f2da675f		protein_coding	NA
HPLRG_66f08c58794		lncRNA	NA
HPLRG_67f444570a2		protein_coding	NA
HPLRG_6843b3eab17		lncRNA	NA
HPLRG_68b9c06985d		lncRNA	NA
HPLRG_68ba89ffd46		lncRNA	NA
HPLRG_69a989c8dd2		lncRNA	NA
HPLRG_69f06b9a059		lncRNA	NA
HPLRG_6a66d139bb2		protein_coding	NA
HPLRG_6a8d0a7c661		lncRNA	NA
HPLRG_6a98b411873		lncRNA	NA
HPLRG_6b233a9673b		lncRNA	NA
HPLRG_6c107bb3bdf		protein_coding	NA
HPLRG_6c6eb2cceda		lncRNA	NA
HPLRG_6c6fd014441		protein_coding	NA
HPLRG_6ca1ac06086		lncRNA	NA
HPLRG_6cebfd4c08c		lncRNA	NA
HPLRG_6d0acdda657		lncRNA	NA
HPLRG_6e2303dc34e		protein_coding	NA
HPLRG_6e573c655c1		lncRNA	NA
HPLRG_6f3ebb9ef85		lncRNA	NA
HPLRG_6fc215cbf17		lncRNA	NA
HPLRG_7104ca52645		protein_coding	NA
HPLRG_714c34e0be6		lncRNA	NA
HPLRG_714e959e85b		lncRNA	NA
HPLRG_7161a13848c		lncRNA	NA
HPLRG_71e3c3b1b8f		lncRNA	NA
HPLRG_72635aa2012		lncRNA	NA
HPLRG_72779a5fb32		lncRNA	NA
HPLRG_7285ced817d		lncRNA	NA
HPLRG_7314992a928		lncRNA	NA
HPLRG_7369651808a		lncRNA	NA
HPLRG_7413772502e		lncRNA	NA
HPLRG_7420b97f9dd		lncRNA	NA
HPLRG_7611f9db666		lncRNA	NA
HPLRG_7629b7ec577		protein_coding	NA
HPLRG_762d4ed5074		lncRNA	NA
HPLRG_7647aa0b91a		lncRNA	NA
HPLRG_765fb2a639d		protein_coding	NA
HPLRG_7771d0b7b5d		protein_coding	NA
HPLRG_77d04e77e44		lncRNA	NA
HPLRG_77e14cc984c		lncRNA	NA
HPLRG_78778673e4a		lncRNA	NA
HPLRG_787c58b510e		lncRNA	NA
HPLRG_78deef2c504		lncRNA	NA
HPLRG_791a7d77053		lncRNA	NA
HPLRG_79fd6ea2da9		lncRNA	NA
HPLRG_7a017d1e8ec		protein_coding	NA
HPLRG_7a6e2b42dba		lncRNA	NA
HPLRG_7b659fc3a88		lncRNA	NA
HPLRG_7be2859c96b		lncRNA	NA
HPLRG_7be853048bc		lncRNA	NA
HPLRG_7c9d39cbc62		lncRNA	NA
HPLRG_7d05791a6be		lncRNA	NA
HPLRG_7d13826443e		lncRNA	NA
HPLRG_7db5d4032cf		protein_coding	NA
HPLRG_7e02bf92536		lncRNA	NA
HPLRG_7e1ab50df15		lncRNA	NA
HPLRG_7e51354b3fe		lncRNA	NA
HPLRG_7e9e1c28b22		lncRNA	NA
HPLRG_7f70b408821		lncRNA	NA
HPLRG_7ffdaf243f5		lncRNA	NA
HPLRG_803c3136d3f		protein_coding	NA
HPLRG_80844741e49		lncRNA	NA
HPLRG_809f11af095		lncRNA	NA
HPLRG_80c1ff68e39		lncRNA	NA
HPLRG_818da486579		lncRNA	NA
HPLRG_8191f089100		lncRNA	NA
HPLRG_819df3ea130		lncRNA	NA
HPLRG_82a5793c6ea		protein_coding	NA
HPLRG_8323368454c		lncRNA	NA
HPLRG_8349a48b5eb		protein_coding	NA
HPLRG_8349aa50751		lncRNA	NA
HPLRG_849701c5918		protein_coding	NA
HPLRG_864647ea5b2		lncRNA	NA
HPLRG_86b1d778892		lncRNA	NA
HPLRG_87134a24d83		lncRNA	NA
HPLRG_871ae6f0fa7		lncRNA	NA
HPLRG_878b3accad9		lncRNA	NA
HPLRG_88062ed7a13		lncRNA	NA
HPLRG_8895616495a		lncRNA	NA
HPLRG_8899cce9346		lncRNA	NA
HPLRG_88f6a15db8c		lncRNA	NA
HPLRG_8908bd75dfe		lncRNA	NA
HPLRG_89e2e70167d		lncRNA	NA
HPLRG_8a2fb0cf4ab		lncRNA	NA
HPLRG_8a3c92269bc		lncRNA	NA
HPLRG_8b57e76419f		lncRNA	NA
HPLRG_8c546cc65de		lncRNA	NA
HPLRG_8c829495938		lncRNA	NA
HPLRG_8d02281645b		lncRNA	NA
HPLRG_8d2ef5dac3d		lncRNA	NA
HPLRG_8d837c66ad7		protein_coding	NA
HPLRG_8df3168704c		lncRNA	NA
HPLRG_8e17459ae8c		lncRNA	NA
HPLRG_8e378736a1e		lncRNA	NA
HPLRG_8f161517e11		lncRNA	NA
HPLRG_90ed19edba9		protein_coding	NA
HPLRG_92093088694		lncRNA	NA
HPLRG_923f9807285		lncRNA	NA
HPLRG_926902fb2a9		lncRNA	NA
HPLRG_92aaf190ca8		lncRNA	NA
HPLRG_92b8989c7f3		lncRNA	NA
HPLRG_92c8304bf0d		lncRNA	NA
HPLRG_9345bdedd74		protein_coding	NA
HPLRG_942beec08d3		lncRNA	NA
HPLRG_944ef733ae2		protein_coding	NA
HPLRG_948c0cfb76d		lncRNA	NA
HPLRG_955e57eca87		lncRNA	NA
HPLRG_95d5a421f7f		lncRNA	NA
HPLRG_95f7dedfa36		lncRNA	NA
HPLRG_966d43398c5		lncRNA	NA
HPLRG_966d498d265		lncRNA	NA
HPLRG_9677a5ef0f3		lncRNA	NA
HPLRG_971ec922c25		lncRNA	NA
HPLRG_97569bccbba		lncRNA	NA
HPLRG_97c6de5d8ef		protein_coding	NA
HPLRG_986f82cb397		protein_coding	NA
HPLRG_99893905fa7		lncRNA	NA
HPLRG_99f65f4f15b		lncRNA	NA
HPLRG_9a133b9be27		protein_coding	NA
HPLRG_9d2f02ab638		lncRNA	NA
HPLRG_9d434915cfb		lncRNA	NA
HPLRG_9d6cc8738dd		lncRNA	NA
HPLRG_9dbef35fdd5		lncRNA	NA
HPLRG_9e3ed7df8d7		lncRNA	NA
HPLRG_9e3ef036023		lncRNA	NA
HPLRG_9e4347f4807		lncRNA	NA
HPLRG_9eb40e6559a		lncRNA	NA
HPLRG_9ed7e318e62		protein_coding	NA
HPLRG_9fe103acde9		protein_coding	NA
HPLRG_a13805e2cea		lncRNA	NA
HPLRG_a277ea8f48e		lncRNA	NA
HPLRG_a2e04c119fd		lncRNA	NA
HPLRG_a3046e0810d		lncRNA	NA
HPLRG_a3d9c26f5aa		lncRNA	NA
HPLRG_a3e879cd89e		lncRNA	NA
HPLRG_a4044834d36		lncRNA	NA
HPLRG_a49f7b6085d		lncRNA	NA
HPLRG_a4bf7c4dbb3		lncRNA	NA
HPLRG_a4ebf831c76		protein_coding	NA
HPLRG_a4fd65799dc		lncRNA	NA
HPLRG_a5a5d8228cd		lncRNA	NA
HPLRG_a5a814550ab		lncRNA	NA
HPLRG_a5f2565d6af		lncRNA	NA
HPLRG_a5f72c4fe7e		lncRNA	NA
HPLRG_a6b62cbcd99		lncRNA	NA
HPLRG_a7163dc5ade		protein_coding	NA
HPLRG_a74a2e5b759		lncRNA	NA
HPLRG_a7637939dc3		protein_coding	NA
HPLRG_a879f87b86e		lncRNA	NA
HPLRG_a91d461da10		lncRNA	NA
HPLRG_a9c32e67661		protein_coding	NA
HPLRG_aa7d76cc506		lncRNA	NA
HPLRG_aa9908cd91a		lncRNA	NA
HPLRG_ab16508ca20		protein_coding	NA
HPLRG_ab7cadb5bdf		lncRNA	NA
HPLRG_abcac7aed64		lncRNA	NA
HPLRG_abd906b0815		protein_coding	NA
HPLRG_ac7b4ae1cab		lncRNA	NA
HPLRG_acfc76b9560		lncRNA	NA
HPLRG_ad9e7d7c667		protein_coding	NA
HPLRG_adb52fa0e42		lncRNA	NA
HPLRG_adfccc2edf3		lncRNA	NA
HPLRG_ae5bc888cd3		protein_coding	NA
HPLRG_ae6e9285bcc		lncRNA	NA
HPLRG_ae73daa3b25		lncRNA	NA
HPLRG_b002e4bfaf8		lncRNA	NA
HPLRG_b06f623fa77		lncRNA	NA
HPLRG_b25b4abace0		lncRNA	NA
HPLRG_b321d30bec9		lncRNA	NA
HPLRG_b3aebba619c		lncRNA	NA
HPLRG_b3f110dc9b5		lncRNA	NA
HPLRG_b40c3e58f24		lncRNA	NA
HPLRG_b41f11b7d0f		lncRNA	NA
HPLRG_b4ec73f1cfc		lncRNA	NA
HPLRG_b526359e4ee		lncRNA	NA
HPLRG_b695377b166		lncRNA	NA
HPLRG_b6b5e78e9ee		lncRNA	NA
HPLRG_b6c24354d62		lncRNA	NA
HPLRG_b6e7ec0466b		lncRNA	NA
HPLRG_b790837ce7a		lncRNA	NA
HPLRG_b7c22829bec		lncRNA	NA
HPLRG_b8035e0196c		lncRNA	NA
HPLRG_b83ee2297fe		protein_coding	NA
HPLRG_b92f2743db1		protein_coding	NA
HPLRG_b978521a467		lncRNA	NA
HPLRG_b9d61afeae8		lncRNA	NA
HPLRG_ba857635a88		lncRNA	NA
HPLRG_bace4e0238b		lncRNA	NA
HPLRG_bb7b2173c45		lncRNA	NA
HPLRG_bbbd982b864		lncRNA	NA
HPLRG_bbc6b81aae3		lncRNA	NA
HPLRG_bce0d7e1357		protein_coding	NA
HPLRG_bcfe33186a8		lncRNA	NA
HPLRG_bd7085be44f		lncRNA	NA
HPLRG_be8912b6e4f		lncRNA	NA
HPLRG_be95037fce4		lncRNA	NA
HPLRG_beb1a2bb50b		protein_coding	NA
HPLRG_c0201217379		lncRNA	NA
HPLRG_c0c60fa1167		lncRNA	NA
HPLRG_c1381244a21		lncRNA	NA
HPLRG_c1707ca6c0d		lncRNA	NA
HPLRG_c202249c653		protein_coding	NA
HPLRG_c2da75831b6		lncRNA	NA
HPLRG_c35dcf6bfa2		lncRNA	NA
HPLRG_c3bf1cd3a02		lncRNA	NA
HPLRG_c3eef85727d		lncRNA	NA
HPLRG_c431af460dc		lncRNA	NA
HPLRG_c4a4997c390		lncRNA	NA
HPLRG_c65cf91ad7f		lncRNA	NA
HPLRG_c700fbc6796		lncRNA	NA
HPLRG_c75c985b2d4		lncRNA	NA
HPLRG_c7a449cc39e		lncRNA	NA
HPLRG_c8cd531a140		protein_coding	NA
HPLRG_ca00e374bee		lncRNA	NA
HPLRG_cabd435f3c4		lncRNA	NA
HPLRG_ccaea56d500		lncRNA	NA
HPLRG_cda7619a8a1		protein_coding	NA
HPLRG_cdab0a6feee		lncRNA	NA
HPLRG_d0161017770		lncRNA	NA
HPLRG_d01d76ee6e8		lncRNA	NA
HPLRG_d0411b083f3		protein_coding	NA
HPLRG_d042468d23d		protein_coding	NA
HPLRG_d085c8e5571		lncRNA	NA
HPLRG_d09e0338f28		protein_coding	NA
HPLRG_d0aadbf3e79		protein_coding	NA
HPLRG_d0b1c54e573		protein_coding	NA
HPLRG_d15a196c4c2		lncRNA	NA
HPLRG_d29ea19b48f		protein_coding	NA
HPLRG_d41f2621205		protein_coding	NA
HPLRG_d477bc03d44		lncRNA	NA
HPLRG_d52084d6ece		lncRNA	NA
HPLRG_d6dd74ad6ce		lncRNA	NA
HPLRG_d6ff0d6154a		lncRNA	NA
HPLRG_d811966b173		protein_coding	NA
HPLRG_d8ba1be69bb		lncRNA	NA
HPLRG_d91e186b822		lncRNA	NA
HPLRG_da1aedcc239		lncRNA	NA
HPLRG_dc193018c8e		lncRNA	NA
HPLRG_dd00042a33e		lncRNA	NA
HPLRG_dd4abe673c1		lncRNA	NA
HPLRG_ddc1ef100e0		lncRNA	NA
HPLRG_de488b6c386		lncRNA	NA
HPLRG_de518ab4891		lncRNA	NA
HPLRG_deee9b0d0b2		lncRNA	NA
HPLRG_df8edb4c5f0		protein_coding	NA
HPLRG_dfd80dfc0fd		lncRNA	NA
HPLRG_e08d12779ed		protein_coding	NA
HPLRG_e0d1bd42d6a		lncRNA	NA
HPLRG_e0ea2ad67b6		lncRNA	NA
HPLRG_e1b45e2af4b		lncRNA	NA
HPLRG_e2668c712cf		protein_coding	NA
HPLRG_e3409029f63		lncRNA	NA
HPLRG_e37984ef2b4		lncRNA	NA
HPLRG_e3ae7c0f0a1		lncRNA	NA
HPLRG_e3f89c9259e		lncRNA	NA
HPLRG_e4be01b1db8		lncRNA	NA
HPLRG_e59c31ee235		lncRNA	NA
HPLRG_e5f8e56c767		lncRNA	NA
HPLRG_e608d5e65b7		lncRNA	NA
HPLRG_e640d26009e		lncRNA	NA
HPLRG_e68bf907eb6		lncRNA	NA
HPLRG_e6c66753368		lncRNA	NA
HPLRG_e76898d5190		lncRNA	NA
HPLRG_e84c0818d4f		lncRNA	NA
HPLRG_e8e999088e4		lncRNA	NA
HPLRG_e95e4071cb7		protein_coding	NA
HPLRG_e9602395245		lncRNA	NA
HPLRG_e96ef8a1b7b		lncRNA	NA
HPLRG_e9a3c2b16e8		lncRNA	NA
HPLRG_e9b32cb7a00		lncRNA	NA
HPLRG_e9bbaa81029		lncRNA	NA
HPLRG_ea0c38879ec		lncRNA	NA
HPLRG_ea35dbe1654		lncRNA	NA
HPLRG_eab5093d354		protein_coding	NA
HPLRG_eaca2c26d72		lncRNA	NA
HPLRG_eb46f828569		lncRNA	NA
HPLRG_eb7eed7d76d		lncRNA	NA
HPLRG_ec6cf59e402		lncRNA	NA
HPLRG_ecdd34449f2		protein_coding	NA
HPLRG_ed47d4bc9e3		protein_coding	NA
HPLRG_ed56b3cdc2c		lncRNA	NA
HPLRG_ee2913cc48d		lncRNA	NA
HPLRG_ee49742f541		lncRNA	NA
HPLRG_eea124ab6a9		lncRNA	NA
HPLRG_eeffce8175a		lncRNA	NA
HPLRG_ef42b94fd9f		lncRNA	NA
HPLRG_efee7be241a		lncRNA	NA
HPLRG_f0959b739ba		protein_coding	NA
HPLRG_f0a1a355226		protein_coding	NA
HPLRG_f0bca357076		protein_coding	NA
HPLRG_f0cb64a2976		lncRNA	NA
HPLRG_f0db1d0ac31		lncRNA	NA
HPLRG_f12661a6c01		lncRNA	NA
HPLRG_f2e782071f9		lncRNA	NA
HPLRG_f33975ec20a		lncRNA	NA
HPLRG_f384f1ff46a		protein_coding	NA
HPLRG_f390b930c8a		lncRNA	NA
HPLRG_f44feb77126		lncRNA	NA
HPLRG_f49bebda1e6		lncRNA	NA
HPLRG_f4a095fd400		lncRNA	NA
HPLRG_f4c61e7f466		protein_coding	NA
HPLRG_f623f0d2ec6		lncRNA	NA
HPLRG_f6eba8efc3b		lncRNA	NA
HPLRG_f7da0295ba0		lncRNA	NA
HPLRG_f852845ac70		protein_coding	NA
HPLRG_f8dfe5963a3		lncRNA	NA
HPLRG_f8e0de47be3		lncRNA	NA
HPLRG_f9170a9317c		protein_coding	NA
HPLRG_f9237746370		lncRNA	NA
HPLRG_f999788dced		lncRNA	NA
HPLRG_f9ad7c4d4a5		lncRNA	NA
HPLRG_fa08cc8ac92		protein_coding	NA
HPLRG_fa87d76165b		lncRNA	NA
HPLRG_fb11986e426		lncRNA	NA
HPLRG_fb8a4313ca8		protein_coding	NA
HPLRG_fccc0bf6900		lncRNA	NA
HPLRG_fd03859531a		lncRNA	NA
HPLRG_fd6def9a8d6		lncRNA	NA
HPLRG_fd8ce6883b1		lncRNA	NA
HPLRG_fddf3067ea3		lncRNA	NA
HPLRG_fe4d416ba46		protein_coding	NA
HPLRG_feee0a9dd0b		protein_coding	NA
HPLRG_ff27a3ff62d		lncRNA	NA
HPLRG_ffa7b6e41e3		lncRNA	NA
